ISO-10303-21;
HEADER;
FILE_DESCRIPTION (( 'STEP AP203' ),
    '1' );
FILE_NAME ('V-Slot C-Beam.STEP',
    '2015-03-30T21:21:02',
    ( '' ),
    ( '' ),
    'SwSTEP 2.0',
    'SolidWorks 2015',
    '' );
FILE_SCHEMA (( 'CONFIG_CONTROL_DESIGN' ));
ENDSEC;

DATA;
#1 = VECTOR ( 'NONE', #5563, 1000.000000000000000 ) ;
#2 = CARTESIAN_POINT ( 'NONE',  ( 57.16499787675104500, 3.907140554540113400, 0.0000000000000000000 ) ) ;
#3 = EDGE_CURVE ( 'NONE', #4854, #6342, #719, .T. ) ;
#4 = VECTOR ( 'NONE', #8846, 1000.000000000000000 ) ;
#5 = DIRECTION ( 'NONE',  ( -0.0000000000000000000, -0.0000000000000000000, -1.000000000000000000 ) ) ;
#6 = ORIENTED_EDGE ( 'NONE', *, *, #10791, .T. ) ;
#7 = ORIENTED_EDGE ( 'NONE', *, *, #10453, .F. ) ;
#8 = VECTOR ( 'NONE', #6935, 1000.000000000000000 ) ;
#9 = CARTESIAN_POINT ( 'NONE',  ( -6.559999999985583600, 5.495853944692208300, 0.0000000000000000000 ) ) ;
#10 = VECTOR ( 'NONE', #3695, 1000.000000000000100 ) ;
#11 = AXIS2_PLACEMENT_3D ( 'NONE', #6965, #7866, #1502 ) ;
#12 = FACE_OUTER_BOUND ( 'NONE', #4985, .T. ) ;
#13 = EDGE_CURVE ( 'NONE', #8320, #6727, #2972, .T. ) ;
#14 = VERTEX_POINT ( 'NONE', #6736 ) ;
#15 = ORIENTED_EDGE ( 'NONE', *, *, #10473, .F. ) ;
#16 = ORIENTED_EDGE ( 'NONE', *, *, #3850, .T. ) ;
#17 = FACE_OUTER_BOUND ( 'NONE', #6001, .T. ) ;
#18 = ORIENTED_EDGE ( 'NONE', *, *, #10169, .T. ) ;
#19 = VECTOR ( 'NONE', #9492, 1000.000000000000000 ) ;
#20 = DIRECTION ( 'NONE',  ( -0.0000000000000000000, -0.0000000000000000000, -1.000000000000000000 ) ) ;
#21 = EDGE_CURVE ( 'NONE', #8016, #4711, #5830, .T. ) ;
#22 = CARTESIAN_POINT ( 'NONE',  ( 66.55999999997978000, 5.495853944692208300, 250.0000000000000000 ) ) ;
#23 = VECTOR ( 'NONE', #5311, 1000.000000000000000 ) ;
#24 = CARTESIAN_POINT ( 'NONE',  ( 17.16956179095151900, -16.08952446469493200, 0.0000000000000000000 ) ) ;
#25 = EDGE_CURVE ( 'NONE', #7677, #10035, #5410, .T. ) ;
#26 = CARTESIAN_POINT ( 'NONE',  ( 37.90000000008164000, -19.99036512018248500, 250.0000000000000000 ) ) ;
#27 = CARTESIAN_POINT ( 'NONE',  ( 34.49798342301680500, -11.79036512018251400, 250.0000000000000000 ) ) ;
#28 = AXIS2_PLACEMENT_3D ( 'NONE', #11187, #10209, #10117 ) ;
#29 = PLANE ( 'NONE',  #9587 ) ;
#30 = ORIENTED_EDGE ( 'NONE', *, *, #11001, .T. ) ;
#31 = ORIENTED_EDGE ( 'NONE', *, *, #10221, .F. ) ;
#32 = ORIENTED_EDGE ( 'NONE', *, *, #4506, .T. ) ;
#33 = DIRECTION ( 'NONE',  ( -0.7073987682501935400, 0.7068146735022619000, -0.0000000000000000000 ) ) ;
#34 = VECTOR ( 'NONE', #1166, 1000.000000000000000 ) ;
#35 = LINE ( 'NONE', #4242, #1731 ) ;
#36 = EDGE_CURVE ( 'NONE', #11425, #1373, #587, .T. ) ;
#37 = EDGE_CURVE ( 'NONE', #4261, #4055, #1160, .T. ) ;
#38 = ORIENTED_EDGE ( 'NONE', *, *, #10934, .T. ) ;
#39 = ORIENTED_EDGE ( 'NONE', *, *, #2617, .T. ) ;
#40 = EDGE_LOOP ( 'NONE', ( #1855, #1356, #983, #317 ) ) ;
#41 = ORIENTED_EDGE ( 'NONE', *, *, #8508, .F. ) ;
#42 = DIRECTION ( 'NONE',  ( 1.000000000000000000, -1.057758217049727200E-015, -0.0000000000000000000 ) ) ;
#43 = VECTOR ( 'NONE', #8384, 1000.000000000000000 ) ;
#44 = FACE_OUTER_BOUND ( 'NONE', #108, .T. ) ;
#45 = CARTESIAN_POINT ( 'NONE',  ( 0.0000000000000000000, 0.009634879817567443300, 250.0000000000000000 ) ) ;
#46 = CARTESIAN_POINT ( 'NONE',  ( 51.79999999999418500, 8.207983149782574400, 250.0000000000000000 ) ) ;
#47 = ORIENTED_EDGE ( 'NONE', *, *, #6292, .T. ) ;
#48 = CARTESIAN_POINT ( 'NONE',  ( 47.30000001409307200, -28.19036512018258000, 250.0000000000000000 ) ) ;
#49 = EDGE_LOOP ( 'NONE', ( #6394, #11172, #5549, #4638, #6847 ) ) ;
#50 = ORIENTED_EDGE ( 'NONE', *, *, #9623, .T. ) ;
#51 = VERTEX_POINT ( 'NONE', #529 ) ;
#52 = ORIENTED_EDGE ( 'NONE', *, *, #8842, .F. ) ;
#53 = ORIENTED_EDGE ( 'NONE', *, *, #1613, .T. ) ;
#54 = EDGE_CURVE ( 'NONE', #9030, #5829, #8401, .T. ) ;
#55 = EDGE_CURVE ( 'NONE', #11741, #9741, #10085, .T. ) ;
#56 = FACE_OUTER_BOUND ( 'NONE', #8410, .T. ) ;
#57 = LINE ( 'NONE', #3142, #5742 ) ;
#58 = AXIS2_PLACEMENT_3D ( 'NONE', #976, #8157, #10026 ) ;
#59 = CARTESIAN_POINT ( 'NONE',  ( -3.899999999985570600, 0.09834826997499368500, 250.0000000000000000 ) ) ;
#60 = DIRECTION ( 'NONE',  ( -2.941907609485902000E-014, -1.000000000000000000, 0.0000000000000000000 ) ) ;
#61 = ORIENTED_EDGE ( 'NONE', *, *, #279, .F. ) ;
#62 = ORIENTED_EDGE ( 'NONE', *, *, #3632, .F. ) ;
#63 = ORIENTED_EDGE ( 'NONE', *, *, #7982, .F. ) ;
#64 = DIRECTION ( 'NONE',  ( -0.0000000000000000000, -0.0000000000000000000, -1.000000000000000000 ) ) ;
#65 = DIRECTION ( 'NONE',  ( 0.7052191119820803200, 0.7089894245298769000, -0.0000000000000000000 ) ) ;
#66 = EDGE_CURVE ( 'NONE', #9744, #2629, #7537, .T. ) ;
#67 = DIRECTION ( 'NONE',  ( -0.0000000000000000000, -0.0000000000000000000, -1.000000000000000000 ) ) ;
#68 = ORIENTED_EDGE ( 'NONE', *, *, #712, .F. ) ;
#69 = VECTOR ( 'NONE', #5153, 1000.000000000000000 ) ;
#70 = CIRCLE ( 'NONE', #8513, 2.099999999999997900 ) ;
#71 = CARTESIAN_POINT ( 'NONE',  ( 39.99025578557461100, -16.18970688816392900, 0.0000000000000000000 ) ) ;
#72 = ORIENTED_EDGE ( 'NONE', *, *, #6559, .F. ) ;
#73 = EDGE_LOOP ( 'NONE', ( #11072, #9646, #6035, #5424 ) ) ;
#74 = VERTEX_POINT ( 'NONE', #4081 ) ;
#75 = DIRECTION ( 'NONE',  ( 0.7078322512429708900, 0.7063805660550887000, 0.0000000000000000000 ) ) ;
#76 = DIRECTION ( 'NONE',  ( 0.0000000000000000000, 1.000000000000000000, 0.0000000000000000000 ) ) ;
#77 = ORIENTED_EDGE ( 'NONE', *, *, #9660, .F. ) ;
#78 = DIRECTION ( 'NONE',  ( 1.000000000000000000, -1.057758217049728800E-015, -0.0000000000000000000 ) ) ;
#79 = VECTOR ( 'NONE', #6984, 1000.000000000000000 ) ;
#80 = LINE ( 'NONE', #7749, #10756 ) ;
#81 = VECTOR ( 'NONE', #6584, 1000.000000000000000 ) ;
#82 = CARTESIAN_POINT ( 'NONE',  ( 42.83043820904266900, -16.08952446469493200, 250.0000000000000000 ) ) ;
#83 = PLANE ( 'NONE',  #9768 ) ;
#84 = VERTEX_POINT ( 'NONE', #4960 ) ;
#85 = VERTEX_POINT ( 'NONE', #9531 ) ;
#86 = DIRECTION ( 'NONE',  ( -0.0000000000000000000, -0.0000000000000000000, -1.000000000000000000 ) ) ;
#87 = VERTEX_POINT ( 'NONE', #1397 ) ;
#88 = FACE_OUTER_BOUND ( 'NONE', #8903, .T. ) ;
#89 = DIRECTION ( 'NONE',  ( -1.000000000000000000, -3.179095945533921600E-016, 0.0000000000000000000 ) ) ;
#90 = LINE ( 'NONE', #6158, #6741 ) ;
#91 = VECTOR ( 'NONE', #8787, 1000.000000000000000 ) ;
#92 = DIRECTION ( 'NONE',  ( -1.000000000000000000, 0.0000000000000000000, 0.0000000000000000000 ) ) ;
#93 = CARTESIAN_POINT ( 'NONE',  ( 24.33106189458026900, -29.75605054513136600, 250.0000000000000000 ) ) ;
#94 = EDGE_CURVE ( 'NONE', #9469, #170, #7247, .T. ) ;
#95 = ORIENTED_EDGE ( 'NONE', *, *, #7968, .T. ) ;
#96 = DIRECTION ( 'NONE',  ( 0.9998613607526644100, -0.01665110428261081300, 0.0000000000000000000 ) ) ;
#97 = ORIENTED_EDGE ( 'NONE', *, *, #8350, .T. ) ;
#98 = ORIENTED_EDGE ( 'NONE', *, *, #6832, .F. ) ;
#99 = LINE ( 'NONE', #5204, #11646 ) ;
#100 = DIRECTION ( 'NONE',  ( -0.0000000000000000000, -0.0000000000000000000, -1.000000000000000000 ) ) ;
#101 = DIRECTION ( 'NONE',  ( 0.0000000000000000000, -1.000000000000000000, 0.0000000000000000000 ) ) ;
#102 = LINE ( 'NONE', #10174, #3363 ) ;
#103 = DIRECTION ( 'NONE',  ( -0.6659235971565388200, -0.7460199479572216000, 0.0000000000000000000 ) ) ;
#104 = PLANE ( 'NONE',  #2714 ) ;
#105 = ADVANCED_FACE ( 'NONE', ( #10823 ), #3541, .T. ) ;
#106 = CARTESIAN_POINT ( 'NONE',  ( 32.68073025445621500, -11.79036512018218900, 0.0000000000000000000 ) ) ;
#107 = EDGE_CURVE ( 'NONE', #9828, #10446, #3829, .T. ) ;
#108 = EDGE_LOOP ( 'NONE', ( #11605, #3502, #2999, #5005 ) ) ;
#109 = FACE_OUTER_BOUND ( 'NONE', #7761, .T. ) ;
#110 = DIRECTION ( 'NONE',  ( 0.0000000000000000000, -0.0000000000000000000, -1.000000000000000000 ) ) ;
#111 = LINE ( 'NONE', #5028, #6361 ) ;
#112 = CARTESIAN_POINT ( 'NONE',  ( 59.99999999999418100, -16.08952252493459100, 250.0000000000000000 ) ) ;
#113 = ORIENTED_EDGE ( 'NONE', *, *, #1985, .T. ) ;
#114 = VECTOR ( 'NONE', #575, 1000.000000000000100 ) ;
#115 = VECTOR ( 'NONE', #103, 1000.000000000000100 ) ;
#116 = EDGE_CURVE ( 'NONE', #6589, #3989, #11544, .T. ) ;
#117 = EDGE_CURVE ( 'NONE', #10345, #11425, #2400, .T. ) ;
#118 = DIRECTION ( 'NONE',  ( 0.7078322512429712200, 0.7063805660550885900, 0.0000000000000000000 ) ) ;
#119 = DATE_AND_TIME ( #7078, #5527 ) ;
#120 = ORIENTED_EDGE ( 'NONE', *, *, #5233, .F. ) ;
#121 = CARTESIAN_POINT ( 'NONE',  ( 12.69999998590111500, -13.75036510608260100, 250.0000000000000000 ) ) ;
#122 = AXIS2_PLACEMENT_3D ( 'NONE', #5781, #7649, #7609 ) ;
#123 = VECTOR ( 'NONE', #3532, 1000.000000000000000 ) ;
#124 = DIRECTION ( 'NONE',  ( 0.0000000000000000000, -0.0000000000000000000, -1.000000000000000000 ) ) ;
#125 = VECTOR ( 'NONE', #7396, 1000.000000000000000 ) ;
#126 = FACE_OUTER_BOUND ( 'NONE', #11156, .T. ) ;
#127 = DIRECTION ( 'NONE',  ( 0.0000000000000000000, 1.000000000000000000, 0.0000000000000000000 ) ) ;
#128 = CARTESIAN_POINT ( 'NONE',  ( 3.899999999999906200, 2.836663079479063000, 0.0000000000000000000 ) ) ;
#129 = DIRECTION ( 'NONE',  ( 0.0000000000000000000, 1.000000000000000000, -0.0000000000000000000 ) ) ;
#130 = AXIS2_PLACEMENT_3D ( 'NONE', #2421, #4266, #6959 ) ;
#131 = PLANE ( 'NONE',  #8049 ) ;
#132 = CARTESIAN_POINT ( 'NONE',  ( 63.89999999999420100, -19.90664038059719200, 0.0000000000000000000 ) ) ;
#133 = CARTESIAN_POINT ( 'NONE',  ( 7.309634879817814100, -28.19036512018228900, 0.0000000000000000000 ) ) ;
#134 = ORIENTED_EDGE ( 'NONE', *, *, #8350, .F. ) ;
#135 = VECTOR ( 'NONE', #5702, 1000.000000000000000 ) ;
#136 = VECTOR ( 'NONE', #1075, 1000.000000000000000 ) ;
#137 = LINE ( 'NONE', #11250, #4978 ) ;
#138 = DIRECTION ( 'NONE',  ( 0.0000000000000000000, 0.0000000000000000000, 1.000000000000000000 ) ) ;
#139 = PERSON_AND_ORGANIZATION_ROLE ( 'design_owner' ) ;
#140 = DIRECTION ( 'NONE',  ( -4.175839678922507800E-012, -1.000000000000000000, 0.0000000000000000000 ) ) ;
#141 = ORIENTED_EDGE ( 'NONE', *, *, #94, .F. ) ;
#142 = ORIENTED_EDGE ( 'NONE', *, *, #3090, .T. ) ;
#143 = ORIENTED_EDGE ( 'NONE', *, *, #903, .F. ) ;
#144 = DIRECTION ( 'NONE',  ( -0.0000000000000000000, 1.000000000000000000, -0.0000000000000000000 ) ) ;
#145 = FACE_OUTER_BOUND ( 'NONE', #8241, .T. ) ;
#146 = EDGE_CURVE ( 'NONE', #5730, #3409, #5541, .T. ) ;
#147 = VECTOR ( 'NONE', #1624, 1000.000000000000000 ) ;
#148 = CARTESIAN_POINT ( 'NONE',  ( -2.875376469631258900, -28.19036512018228900, 250.0000000000000000 ) ) ;
#149 = CARTESIAN_POINT ( 'NONE',  ( 52.33999999998702200, 6.577983149782563800, 250.0000000000000000 ) ) ;
#150 = CARTESIAN_POINT ( 'NONE',  ( -8.499999999999992900, -29.99036512018231800, 250.0000000000000000 ) ) ;
#151 = VECTOR ( 'NONE', #290, 1000.000000000000000 ) ;
#152 = CARTESIAN_POINT ( 'NONE',  ( 47.30000001409307200, -28.19036512018258000, 0.0000000000000000000 ) ) ;
#153 = CARTESIAN_POINT ( 'NONE',  ( 40.09043820904360400, -16.08952446469493200, 250.0000000000000000 ) ) ;
#154 = AXIS2_PLACEMENT_3D ( 'NONE', #6244, #9062, #4464 ) ;
#155 = ADVANCED_FACE ( 'NONE', ( #8116 ), #7678, .T. ) ;
#156 = CARTESIAN_POINT ( 'NONE',  ( 17.17047753659499800, -23.89285944546705000, 0.0000000000000000000 ) ) ;
#157 = PLANE ( 'NONE',  #4072 ) ;
#158 = ORIENTED_EDGE ( 'NONE', *, *, #7717, .T. ) ;
#159 = ORIENTED_EDGE ( 'NONE', *, *, #3669, .F. ) ;
#160 = ORIENTED_EDGE ( 'NONE', *, *, #420, .T. ) ;
#161 = VECTOR ( 'NONE', #2938, 1000.000000000000000 ) ;
#162 = CARTESIAN_POINT ( 'NONE',  ( 59.89332615890590000, 3.907140554540114300, 250.0000000000000000 ) ) ;
#163 = VECTOR ( 'NONE', #3666, 1000.000000000000000 ) ;
#164 = CARTESIAN_POINT ( 'NONE',  ( 24.89674731952995400, -29.19036512018168100, 250.0000000000000000 ) ) ;
#165 = LINE ( 'NONE', #6925, #8130 ) ;
#166 = LINE ( 'NONE', #9885, #10116 ) ;
#167 = EDGE_CURVE ( 'NONE', #4363, #2465, #8540, .T. ) ;
#168 = CARTESIAN_POINT ( 'NONE',  ( 42.88999999999419500, -28.19036512018223600, 250.0000000000000000 ) ) ;
#169 = ORIENTED_EDGE ( 'NONE', *, *, #6087, .F. ) ;
#170 = VERTEX_POINT ( 'NONE', #5881 ) ;
#171 = ORIENTED_EDGE ( 'NONE', *, *, #5878, .F. ) ;
#172 = ORIENTED_EDGE ( 'NONE', *, *, #11626, .T. ) ;
#173 = PLANE ( 'NONE',  #6871 ) ;
#174 = EDGE_CURVE ( 'NONE', #3476, #8856, #5260, .T. ) ;
#175 = DIRECTION ( 'NONE',  ( -0.0000000000000000000, 1.000000000000000000, -0.0000000000000000000 ) ) ;
#176 = DIRECTION ( 'NONE',  ( -0.0000000000000000000, -0.0000000000000000000, -1.000000000000000000 ) ) ;
#177 = EDGE_CURVE ( 'NONE', #9977, #2171, #3677, .T. ) ;
#178 = CARTESIAN_POINT ( 'NONE',  ( -3.900000000000004400, -19.90664038059719200, 0.0000000000000000000 ) ) ;
#179 = LINE ( 'NONE', #10247, #7719 ) ;
#180 = LINE ( 'NONE', #5770, #6431 ) ;
#181 =( GEOMETRIC_REPRESENTATION_CONTEXT ( 3 ) GLOBAL_UNCERTAINTY_ASSIGNED_CONTEXT ( ( #10811 ) ) GLOBAL_UNIT_ASSIGNED_CONTEXT ( ( #11785, #9293, #3825 ) ) REPRESENTATION_CONTEXT ( 'NONE', 'WORKASPACE' ) );
#182 = CARTESIAN_POINT ( 'NONE',  ( 57.10999999999427200, -28.30036512018227400, 250.0000000000000000 ) ) ;
#183 = ORIENTED_EDGE ( 'NONE', *, *, #11399, .F. ) ;
#184 = ORIENTED_EDGE ( 'NONE', *, *, #2996, .F. ) ;
#185 = ORIENTED_EDGE ( 'NONE', *, *, #1870, .F. ) ;
#186 = ORIENTED_EDGE ( 'NONE', *, *, #4506, .F. ) ;
#187 = ORIENTED_EDGE ( 'NONE', *, *, #5044, .T. ) ;
#188 = CARTESIAN_POINT ( 'NONE',  ( 8.200000000000006400, 2.882517024154526400, 0.0000000000000000000 ) ) ;
#189 = ORIENTED_EDGE ( 'NONE', *, *, #7557, .T. ) ;
#190 = DIRECTION ( 'NONE',  ( 1.327592674600509100E-015, -1.000000000000000000, 0.0000000000000000000 ) ) ;
#191 = CARTESIAN_POINT ( 'NONE',  ( 8.200000000000006400, 2.882517024154526400, 0.0000000000000000000 ) ) ;
#192 = DIRECTION ( 'NONE',  ( -0.6636301409130585000, 0.7480608505139899600, 0.0000000000000000000 ) ) ;
#193 = VECTOR ( 'NONE', #5403, 1000.000000000000000 ) ;
#195 = ADVANCED_FACE ( 'NONE', ( #2112 ), #482, .F. ) ;
#194 = LINE ( 'NONE', #623, #8301 ) ;
#196 = EDGE_CURVE ( 'NONE', #352, #11116, #6659, .T. ) ;
#197 = EDGE_CURVE ( 'NONE', #7589, #4879, #873, .T. ) ;
#198 = ORIENTED_EDGE ( 'NONE', *, *, #7632, .T. ) ;
#199 = DIRECTION ( 'NONE',  ( -0.7078322512429708900, -0.7063805660550887000, 0.0000000000000000000 ) ) ;
#200 = DIRECTION ( 'NONE',  ( 0.7071067811865491300, 0.7071067811865459100, 0.0000000000000000000 ) ) ;
#201 = VERTEX_POINT ( 'NONE', #3284 ) ;
#202 = ORIENTED_EDGE ( 'NONE', *, *, #6106, .F. ) ;
#203 = ORIENTED_EDGE ( 'NONE', *, *, #2539, .F. ) ;
#204 = ORIENTED_EDGE ( 'NONE', *, *, #6950, .F. ) ;
#205 = AXIS2_PLACEMENT_3D ( 'NONE', #10286, #3001, #5758 ) ;
#206 = DIRECTION ( 'NONE',  ( 3.179095945533918700E-016, -1.000000000000000000, 0.0000000000000000000 ) ) ;
#207 = CARTESIAN_POINT ( 'NONE',  ( 2.882688234812009800, 8.207983149782574400, 250.0000000000000000 ) ) ;
#208 = VECTOR ( 'NONE', #11398, 1000.000000000000000 ) ;
#209 = LINE ( 'NONE', #8239, #8040 ) ;
#210 = CARTESIAN_POINT ( 'NONE',  ( 39.98907295128110200, -23.79294411064816100, 250.0000000000000000 ) ) ;
#211 = DIRECTION ( 'NONE',  ( 0.0000000000000000000, 0.0000000000000000000, 1.000000000000000000 ) ) ;
#212 = CARTESIAN_POINT ( 'NONE',  ( 68.19999999999419100, -26.56036512018241400, 250.0000000000000000 ) ) ;
#213 = ORIENTED_EDGE ( 'NONE', *, *, #6932, .F. ) ;
#214 = EDGE_LOOP ( 'NONE', ( #11652, #68, #3688, #8023 ) ) ;
#215 = ORIENTED_EDGE ( 'NONE', *, *, #2277, .F. ) ;
#216 = ORIENTED_EDGE ( 'NONE', *, *, #6645, .F. ) ;
#217 = EDGE_CURVE ( 'NONE', #6004, #474, #10246, .T. ) ;
#218 = EDGE_CURVE ( 'NONE', #4711, #11755, #4263, .T. ) ;
#219 = VERTEX_POINT ( 'NONE', #10692 ) ;
#220 = FACE_OUTER_BOUND ( 'NONE', #2728, .T. ) ;
#221 = VECTOR ( 'NONE', #10647, 1000.000000000000000 ) ;
#222 = DIRECTION ( 'NONE',  ( -7.358464543525670200E-012, 1.000000000000000000, -0.0000000000000000000 ) ) ;
#223 = CARTESIAN_POINT ( 'NONE',  ( 10.00000000000716800, -9.990365120182433500, 250.0000000000000000 ) ) ;
#224 = DIRECTION ( 'NONE',  ( 0.0000000000000000000, -0.0000000000000000000, -1.000000000000000000 ) ) ;
#225 = ORIENTED_EDGE ( 'NONE', *, *, #9161, .F. ) ;
#226 = CARTESIAN_POINT ( 'NONE',  ( 56.09999999999428200, 0.09834826997499368500, 250.0000000000000000 ) ) ;
#227 = VERTEX_POINT ( 'NONE', #11541 ) ;
#228 = ADVANCED_FACE ( 'NONE', ( #6109 ), #8952, .T. ) ;
#229 = ORIENTED_EDGE ( 'NONE', *, *, #4536, .T. ) ;
#230 = VECTOR ( 'NONE', #1337, 1000.000000000000100 ) ;
#231 = EDGE_CURVE ( 'NONE', #3538, #4116, #3399, .T. ) ;
#232 = LINE ( 'NONE', #2828, #1511 ) ;
#233 = LINE ( 'NONE', #10092, #377 ) ;
#234 = DIRECTION ( 'NONE',  ( 0.6636301409730114300, 0.7480608504608037300, 0.0000000000000000000 ) ) ;
#235 = CARTESIAN_POINT ( 'NONE',  ( -8.200000000000002800, -17.11498865055904900, 250.0000000000000000 ) ) ;
#236 = AXIS2_PLACEMENT_3D ( 'NONE', #8213, #1023, #1949 ) ;
#237 = ORIENTED_EDGE ( 'NONE', *, *, #644, .F. ) ;
#238 = ORIENTED_EDGE ( 'NONE', *, *, #10226, .F. ) ;
#239 = EDGE_LOOP ( 'NONE', ( #2017, #4037, #9429, #9033, #8276, #4300, #429, #97, #8243, #1333, #4845 ) ) ;
#240 = LINE ( 'NONE', #6252, #3498 ) ;
#241 = DIRECTION ( 'NONE',  ( -0.0000000000000000000, -0.0000000000000000000, -1.000000000000000000 ) ) ;
#242 = LINE ( 'NONE', #1987, #674 ) ;
#243 = EDGE_CURVE ( 'NONE', #6500, #8216, #10380, .T. ) ;
#244 = CARTESIAN_POINT ( 'NONE',  ( 35.10325268046423700, -29.19036512018168100, 250.0000000000000000 ) ) ;
#245 = CARTESIAN_POINT ( 'NONE',  ( 63.89999999999420100, -19.90664038059719200, 250.0000000000000000 ) ) ;
#246 = ORIENTED_EDGE ( 'NONE', *, *, #5955, .F. ) ;
#247 = ORIENTED_EDGE ( 'NONE', *, *, #2824, .T. ) ;
#248 = CARTESIAN_POINT ( 'NONE',  ( 6.559999999999918800, 5.495853944692208300, 250.0000000000000000 ) ) ;
#249 = ORIENTED_EDGE ( 'NONE', *, *, #5658, .T. ) ;
#250 = CARTESIAN_POINT ( 'NONE',  ( -7.660000000007165100, 6.577983149782563800, 250.0000000000000000 ) ) ;
#251 = EDGE_CURVE ( 'NONE', #3642, #4210, #6238, .T. ) ;
#252 = LINE ( 'NONE', #1744, #387 ) ;
#253 = CARTESIAN_POINT ( 'NONE',  ( 68.19999999999419100, -2.882859445469489600, 250.0000000000000000 ) ) ;
#254 = EDGE_CURVE ( 'NONE', #8115, #11789, #2535, .T. ) ;
#255 = ADVANCED_FACE ( 'NONE', ( #11678 ), #11584, .T. ) ;
#256 = CARTESIAN_POINT ( 'NONE',  ( -8.309999999996403400, -2.882859445469490500, 250.0000000000000000 ) ) ;
#257 = CARTESIAN_POINT ( 'NONE',  ( 55.10008305090737200, 9.219634879817565600, 250.0000000000000000 ) ) ;
#258 = CARTESIAN_POINT ( 'NONE',  ( 44.33238217684301900, -10.22967028555615500, 250.0000000000000000 ) ) ;
#259 = DIRECTION ( 'NONE',  ( 1.000000000000000000, -0.0000000000000000000, -0.0000000000000000000 ) ) ;
#260 = ORIENTED_EDGE ( 'NONE', *, *, #7530, .F. ) ;
#261 = LINE ( 'NONE', #10731, #9791 ) ;
#262 = CARTESIAN_POINT ( 'NONE',  ( 47.30000001409307200, -28.19036512018258000, 250.0000000000000000 ) ) ;
#263 = VECTOR ( 'NONE', #2903, 1000.000000000000000 ) ;
#264 = DIRECTION ( 'NONE',  ( 0.0000000000000000000, -1.000000000000000000, 0.0000000000000000000 ) ) ;
#265 = EDGE_CURVE ( 'NONE', #7870, #6565, #4677, .T. ) ;
#266 = EDGE_CURVE ( 'NONE', #10443, #4212, #3951, .T. ) ;
#267 = PLANE ( 'NONE',  #2941 ) ;
#268 = VERTEX_POINT ( 'NONE', #3366 ) ;
#269 = LINE ( 'NONE', #4021, #1277 ) ;
#270 = CARTESIAN_POINT ( 'NONE',  ( 0.08871339017088544800, -23.89285944546705000, 250.0000000000000000 ) ) ;
#271 = VECTOR ( 'NONE', #11752, 1000.000000000000000 ) ;
#272 = CARTESIAN_POINT ( 'NONE',  ( 0.08871339017088544800, -23.89285944546705000, 0.0000000000000000000 ) ) ;
#273 = ORIENTED_EDGE ( 'NONE', *, *, #5833, .F. ) ;
#274 = DIRECTION ( 'NONE',  ( -1.583750953283362000E-016, -1.000000000000000000, 0.0000000000000000000 ) ) ;
#275 = VECTOR ( 'NONE', #7254, 1000.000000000000000 ) ;
#276 = ADVANCED_FACE ( 'NONE', ( #9952 ), #6648, .T. ) ;
#277 = CARTESIAN_POINT ( 'NONE',  ( -8.199999999999999300, -26.56036512018241400, 250.0000000000000000 ) ) ;
#278 = EDGE_CURVE ( 'NONE', #6558, #3566, #6799, .T. ) ;
#279 = EDGE_CURVE ( 'NONE', #2863, #2647, #1556, .T. ) ;
#280 = LINE ( 'NONE', #5384, #1 ) ;
#281 = CARTESIAN_POINT ( 'NONE',  ( 6.238124910961452100, -7.297745508358056900, 0.0000000000000000000 ) ) ;
#282 = CARTESIAN_POINT ( 'NONE',  ( 8.200000000000006400, -2.882859445469489600, 250.0000000000000000 ) ) ;
#283 = LINE ( 'NONE', #7959, #2107 ) ;
#284 = DIRECTION ( 'NONE',  ( -0.0000000000000000000, -0.0000000000000000000, -1.000000000000000000 ) ) ;
#285 = ORIENTED_EDGE ( 'NONE', *, *, #8546, .T. ) ;
#286 = ORIENTED_EDGE ( 'NONE', *, *, #11207, .F. ) ;
#287 = VECTOR ( 'NONE', #5928, 1000.000000000000000 ) ;
#288 = LINE ( 'NONE', #6141, #9684 ) ;
#289 = DIRECTION ( 'NONE',  ( 1.000000000000000000, 0.0000000000000000000, 0.0000000000000000000 ) ) ;
#290 = DIRECTION ( 'NONE',  ( -1.000000000000000000, 0.0000000000000000000, 0.0000000000000000000 ) ) ;
#291 = CARTESIAN_POINT ( 'NONE',  ( -9.999999999999994700, -24.89759383445705900, 250.0000000000000000 ) ) ;
#292 = LINE ( 'NONE', #5569, #5278 ) ;
#293 = AXIS2_PLACEMENT_3D ( 'NONE', #9388, #10297, #4849 ) ;
#294 = DIRECTION ( 'NONE',  ( -1.000000000000000000, 0.0000000000000000000, 0.0000000000000000000 ) ) ;
#295 = CC_DESIGN_APPROVAL ( #4180, ( #7615 ) ) ;
#296 = PLANE ( 'NONE',  #4690 ) ;
#297 = ORIENTED_EDGE ( 'NONE', *, *, #6485, .T. ) ;
#298 = ORIENTED_EDGE ( 'NONE', *, *, #2440, .T. ) ;
#299 = ORIENTED_EDGE ( 'NONE', *, *, #10252, .T. ) ;
#300 = VECTOR ( 'NONE', #1945, 1000.000000000000100 ) ;
#301 = ORIENTED_EDGE ( 'NONE', *, *, #167, .T. ) ;
#302 = VECTOR ( 'NONE', #76, 1000.000000000000000 ) ;
#303 = CARTESIAN_POINT ( 'NONE',  ( -6.570000000007158100, 8.207983149782574400, 0.0000000000000000000 ) ) ;
#304 = VECTOR ( 'NONE', #1675, 1000.000000000000000 ) ;
#305 = ADVANCED_FACE ( 'NONE', ( #11535 ), #7221, .F. ) ;
#306 = DIRECTION ( 'NONE',  ( 0.7071067811865476800, -0.7071067811865474600, -0.0000000000000000000 ) ) ;
#307 = CARTESIAN_POINT ( 'NONE',  ( 16.10963486571920800, -17.15999998590069400, 250.0000000000000000 ) ) ;
#308 = ORIENTED_EDGE ( 'NONE', *, *, #7041, .T. ) ;
#309 = ORIENTED_EDGE ( 'NONE', *, *, #10221, .T. ) ;
#310 = VERTEX_POINT ( 'NONE', #2487 ) ;
#311 = PLANE ( 'NONE',  #8581 ) ;
#312 = FACE_OUTER_BOUND ( 'NONE', #5586, .T. ) ;
#313 = VECTOR ( 'NONE', #4354, 1000.000000000000000 ) ;
#314 = CARTESIAN_POINT ( 'NONE',  ( 59.89332615890590000, 3.907140554540114300, 250.0000000000000000 ) ) ;
#315 = AXIS2_PLACEMENT_3D ( 'NONE', #6192, #5286, #760 ) ;
#316 = VERTEX_POINT ( 'NONE', #5398 ) ;
#317 = ORIENTED_EDGE ( 'NONE', *, *, #6560, .T. ) ;
#318 = VERTEX_POINT ( 'NONE', #11784 ) ;
#319 = ORIENTED_EDGE ( 'NONE', *, *, #10881, .F. ) ;
#320 = EDGE_CURVE ( 'NONE', #9735, #9787, #10813, .T. ) ;
#321 = PLANE ( 'NONE',  #4370 ) ;
#322 = CARTESIAN_POINT ( 'NONE',  ( 64.34130259194363100, 9.778249236954939900, 250.0000000000000000 ) ) ;
#323 = VECTOR ( 'NONE', #306, 1000.000000000000000 ) ;
#324 = VECTOR ( 'NONE', #4772, 1000.000000000000000 ) ;
#325 = VERTEX_POINT ( 'NONE', #9102 ) ;
#326 = CARTESIAN_POINT ( 'NONE',  ( 68.49999999999418800, -28.49036512018231400, 250.0000000000000000 ) ) ;
#327 = CARTESIAN_POINT ( 'NONE',  ( -8.309999999999998700, -22.88036512018231500, 0.0000000000000000000 ) ) ;
#328 = EDGE_CURVE ( 'NONE', #5776, #9872, #2676, .T. ) ;
#329 = CARTESIAN_POINT ( 'NONE',  ( 8.200000000000006400, -2.882859445469489600, 250.0000000000000000 ) ) ;
#330 = ORIENTED_EDGE ( 'NONE', *, *, #8059, .T. ) ;
#331 = ORIENTED_EDGE ( 'NONE', *, *, #4111, .T. ) ;
#332 = ORIENTED_EDGE ( 'NONE', *, *, #9390, .T. ) ;
#333 = ORIENTED_EDGE ( 'NONE', *, *, #8379, .F. ) ;
#334 = ADVANCED_FACE ( 'NONE', ( #3821 ), #7827, .T. ) ;
#335 = AXIS2_PLACEMENT_3D ( 'NONE', #9104, #6381, #3628 ) ;
#336 = DIRECTION ( 'NONE',  ( -1.000000000000000000, 0.0000000000000000000, 0.0000000000000000000 ) ) ;
#337 = VECTOR ( 'NONE', #2095, 1000.000000000000000 ) ;
#338 = LINE ( 'NONE', #8782, #7299 ) ;
#339 = CARTESIAN_POINT ( 'NONE',  ( 39.98907295128110200, -23.79294411064816100, 0.0000000000000000000 ) ) ;
#340 = VERTEX_POINT ( 'NONE', #8251 ) ;
#341 = ORIENTED_EDGE ( 'NONE', *, *, #4020, .T. ) ;
#342 = ORIENTED_EDGE ( 'NONE', *, *, #1255, .F. ) ;
#343 = VERTEX_POINT ( 'NONE', #1837 ) ;
#344 = DIRECTION ( 'NONE',  ( -0.7071067811865472400, 0.7071067811865479100, -0.0000000000000000000 ) ) ;
#345 = ORIENTED_EDGE ( 'NONE', *, *, #1846, .T. ) ;
#346 = CARTESIAN_POINT ( 'NONE',  ( 7.309634879817814100, -28.19036512018228900, 0.0000000000000000000 ) ) ;
#347 = EDGE_CURVE ( 'NONE', #8740, #7262, #4253, .T. ) ;
#348 = EDGE_CURVE ( 'NONE', #8005, #11485, #9234, .T. ) ;
#349 = VECTOR ( 'NONE', #6704, 1000.000000000000000 ) ;
#350 = LINE ( 'NONE', #1539, #11482 ) ;
#351 = AXIS2_PLACEMENT_3D ( 'NONE', #6534, #6505, #8359 ) ;
#352 = VERTEX_POINT ( 'NONE', #4478 ) ;
#353 = ORIENTED_EDGE ( 'NONE', *, *, #9138, .F. ) ;
#354 = ORIENTED_EDGE ( 'NONE', *, *, #10571, .T. ) ;
#355 = ORIENTED_EDGE ( 'NONE', *, *, #5685, .T. ) ;
#356 = ORIENTED_EDGE ( 'NONE', *, *, #3925, .F. ) ;
#357 = LINE ( 'NONE', #1698, #9479 ) ;
#358 = CARTESIAN_POINT ( 'NONE',  ( 53.43999999999427100, 5.495853944692208300, 0.0000000000000000000 ) ) ;
#359 = CARTESIAN_POINT ( 'NONE',  ( -3.799157404752004000, 0.009634879817567443300, 0.0000000000000000000 ) ) ;
#360 = LINE ( 'NONE', #6805, #7036 ) ;
#361 = LINE ( 'NONE', #3954, #8055 ) ;
#362 = CARTESIAN_POINT ( 'NONE',  ( 0.0000000000000000000, -19.99036512018243200, 250.0000000000000000 ) ) ;
#363 = DIRECTION ( 'NONE',  ( -0.0000000000000000000, -0.0000000000000000000, -1.000000000000000000 ) ) ;
#364 = AXIS2_PLACEMENT_3D ( 'NONE', #5667, #9339, #1919 ) ;
#365 = CARTESIAN_POINT ( 'NONE',  ( 17.17047753659499800, -23.89285944546705000, 0.0000000000000000000 ) ) ;
#366 = ADVANCED_FACE ( 'NONE', ( #5400 ), #1806, .F. ) ;
#367 = ORIENTED_EDGE ( 'NONE', *, *, #5531, .T. ) ;
#368 = DIRECTION ( 'NONE',  ( -0.6659235971038473000, -0.7460199480042559700, 0.0000000000000000000 ) ) ;
#369 = ORIENTED_EDGE ( 'NONE', *, *, #9879, .T. ) ;
#370 = ORIENTED_EDGE ( 'NONE', *, *, #2099, .T. ) ;
#371 = LINE ( 'NONE', #2672, #9767 ) ;
#372 = CARTESIAN_POINT ( 'NONE',  ( 59.91128660982330700, -23.89285944546705000, 0.0000000000000000000 ) ) ;
#373 = DIRECTION ( 'NONE',  ( -0.7071067811865352500, -0.7071067811865597900, 0.0000000000000000000 ) ) ;
#374 = DIRECTION ( 'NONE',  ( -0.7071067811865685600, -0.7071067811865264800, 0.0000000000000000000 ) ) ;
#375 = CARTESIAN_POINT ( 'NONE',  ( 50.23431457504495500, -4.338544870422320600, 250.0000000000000000 ) ) ;
#376 = LINE ( 'NONE', #5094, #1092 ) ;
#377 = VECTOR ( 'NONE', #7715, 1000.000000000000000 ) ;
#378 = DIRECTION ( 'NONE',  ( -0.0000000000000000000, 1.000000000000000000, -0.0000000000000000000 ) ) ;
#379 = CARTESIAN_POINT ( 'NONE',  ( 10.00000000000000200, 8.505591811452930500, 250.0000000000000000 ) ) ;
#381 = ORIENTED_EDGE ( 'NONE', *, *, #4652, .F. ) ;
#380 = CARTESIAN_POINT ( 'NONE',  ( 8.200000000000006400, -2.882859445469489600, 250.0000000000000000 ) ) ;
#382 = EDGE_CURVE ( 'NONE', #3356, #9779, #2958, .T. ) ;
#383 = ORIENTED_EDGE ( 'NONE', *, *, #1039, .F. ) ;
#384 = VERTEX_POINT ( 'NONE', #8218 ) ;
#385 = LINE ( 'NONE', #9655, #2503 ) ;
#386 = CARTESIAN_POINT ( 'NONE',  ( 68.30999999999419000, -17.11498865055904900, 250.0000000000000000 ) ) ;
#387 = VECTOR ( 'NONE', #972, 1000.000000000000000 ) ;
#388 = PLANE ( 'NONE',  #9931 ) ;
#389 = CARTESIAN_POINT ( 'NONE',  ( -9.209999999992829700, 4.899745738432866200, 250.0000000000000000 ) ) ;
#390 = ORIENTED_EDGE ( 'NONE', *, *, #618, .T. ) ;
#391 = CARTESIAN_POINT ( 'NONE',  ( -8.200000000000002800, -2.882859445469489600, 250.0000000000000000 ) ) ;
#392 = VERTEX_POINT ( 'NONE', #71 ) ;
#393 = CARTESIAN_POINT ( 'NONE',  ( -8.200000000000002800, 2.882517024154526400, 0.0000000000000000000 ) ) ;
#394 = AXIS2_PLACEMENT_3D ( 'NONE', #9670, #7926, #4289 ) ;
#395 = DIRECTION ( 'NONE',  ( -0.0000000000000000000, -1.000000000000000000, -0.0000000000000000000 ) ) ;
#396 = ORIENTED_EDGE ( 'NONE', *, *, #2230, .T. ) ;
#397 = VECTOR ( 'NONE', #7070, 1000.000000000000000 ) ;
#398 = FACE_OUTER_BOUND ( 'NONE', #3138, .T. ) ;
#399 = EDGE_CURVE ( 'NONE', #5364, #5600, #5971, .T. ) ;
#400 = ADVANCED_FACE ( 'NONE', ( #11254 ), #3589, .T. ) ;
#401 = CARTESIAN_POINT ( 'NONE',  ( 14.49666307946589100, -28.19036512018228900, 0.0000000000000000000 ) ) ;
#402 = DIRECTION ( 'NONE',  ( -0.0000000000000000000, -0.0000000000000000000, -1.000000000000000000 ) ) ;
#403 = DIRECTION ( 'NONE',  ( -2.832201593432359000E-014, 1.000000000000000000, -0.0000000000000000000 ) ) ;
#404 = DIRECTION ( 'NONE',  ( 1.000000000000000000, -0.0000000000000000000, -0.0000000000000000000 ) ) ;
#405 = EDGE_CURVE ( 'NONE', #2157, #8684, #4971, .T. ) ;
#406 = VERTEX_POINT ( 'NONE', #10900 ) ;
#407 = LINE ( 'NONE', #3135, #3799 ) ;
#408 = EDGE_CURVE ( 'NONE', #481, #8753, #4397, .T. ) ;
#409 = DIRECTION ( 'NONE',  ( -0.003549905670444936900, 0.9999936990650145600, 0.0000000000000000000 ) ) ;
#410 = LINE ( 'NONE', #3109, #2944 ) ;
#411 = DIRECTION ( 'NONE',  ( -0.0000000000000000000, -0.0000000000000000000, -1.000000000000000000 ) ) ;
#412 = DATE_AND_TIME ( #5247, #10074 ) ;
#413 = CARTESIAN_POINT ( 'NONE',  ( 27.31926974553791600, -13.75036512018161100, 0.0000000000000000000 ) ) ;
#414 = CARTESIAN_POINT ( 'NONE',  ( -6.559999999985606700, -5.496196365999260500, 0.0000000000000000000 ) ) ;
#415 = DIRECTION ( 'NONE',  ( -0.0000000000000000000, -1.000000000000000000, -0.0000000000000000000 ) ) ;
#416 = CARTESIAN_POINT ( 'NONE',  ( 68.30999999999059500, -2.882859445469490500, 250.0000000000000000 ) ) ;
#417 = CYLINDRICAL_SURFACE ( 'NONE', #9277, 2.099999999999997900 ) ;
#418 = DIRECTION ( 'NONE',  ( 0.0000000000000000000, -1.000000000000000000, 0.0000000000000000000 ) ) ;
#419 = FACE_OUTER_BOUND ( 'NONE', #3727, .T. ) ;
#420 = EDGE_CURVE ( 'NONE', #7411, #8537, #11404, .T. ) ;
#421 = EDGE_CURVE ( 'NONE', #4425, #6523, #5678, .T. ) ;
#422 = LINE ( 'NONE', #7019, #7091 ) ;
#423 = DIRECTION ( 'NONE',  ( 0.7071067811865474600, -0.7071067811865474600, -0.0000000000000000000 ) ) ;
#424 = AXIS2_PLACEMENT_3D ( 'NONE', #3921, #2050, #1163 ) ;
#425 = CARTESIAN_POINT ( 'NONE',  ( 7.309634879832146700, -26.24310889209111900, 250.0000000000000000 ) ) ;
#426 = CARTESIAN_POINT ( 'NONE',  ( 55.10008305090737200, 9.219634879817565600, 0.0000000000000000000 ) ) ;
#427 = ADVANCED_FACE ( 'NONE', ( #5110 ), #11745, .T. ) ;
#428 = VERTEX_POINT ( 'NONE', #923 ) ;
#429 = ORIENTED_EDGE ( 'NONE', *, *, #2384, .T. ) ;
#430 = DIRECTION ( 'NONE',  ( -1.000000000000000000, 0.0000000000000000000, 0.0000000000000000000 ) ) ;
#431 = PLANE ( 'NONE',  #7647 ) ;
#432 = VECTOR ( 'NONE', #1800, 1000.000000000000000 ) ;
#433 = PLANE ( 'NONE',  #11613 ) ;
#434 = VECTOR ( 'NONE', #8651, 1000.000000000000100 ) ;
#435 = CARTESIAN_POINT ( 'NONE',  ( 62.88268823480619600, 8.319634879817504800, 250.0000000000000000 ) ) ;
#436 = CARTESIAN_POINT ( 'NONE',  ( 64.90722871426893900, -29.99036512018231800, 250.0000000000000000 ) ) ;
#437 = EDGE_CURVE ( 'NONE', #1409, #3866, #6380, .T. ) ;
#438 = EDGE_CURVE ( 'NONE', #9269, #10319, #9523, .T. ) ;
#439 = DIRECTION ( 'NONE',  ( 1.000000000000000000, 4.175334190521718000E-012, -0.0000000000000000000 ) ) ;
#440 = ORIENTED_EDGE ( 'NONE', *, *, #6545, .T. ) ;
#441 = VERTEX_POINT ( 'NONE', #9212 ) ;
#442 = VERTEX_POINT ( 'NONE', #3869 ) ;
#443 = CARTESIAN_POINT ( 'NONE',  ( -6.559999999985583600, 5.495853944692208300, 250.0000000000000000 ) ) ;
#444 = VECTOR ( 'NONE', #5003, 1000.000000000000000 ) ;
#445 = CARTESIAN_POINT ( 'NONE',  ( 53.43999999999427100, 5.495853944692208300, 250.0000000000000000 ) ) ;
#446 = CYLINDRICAL_SURFACE ( 'NONE', #5813, 0.7900000000000008100 ) ;
#447 = VECTOR ( 'NONE', #10099, 1000.000000000000000 ) ;
#448 = CARTESIAN_POINT ( 'NONE',  ( -9.999999999992832400, -15.09361780066056700, 0.0000000000000000000 ) ) ;
#449 = DIRECTION ( 'NONE',  ( -0.0000000000000000000, -0.0000000000000000000, -1.000000000000000000 ) ) ;
#450 = DIRECTION ( 'NONE',  ( -0.7071067811865480200, 0.7071067811865471300, 0.0000000000000000000 ) ) ;
#451 = ORIENTED_EDGE ( 'NONE', *, *, #4684, .T. ) ;
#452 = EDGE_LOOP ( 'NONE', ( #6764, #2557, #6680, #5194 ) ) ;
#453 = ORIENTED_EDGE ( 'NONE', *, *, #5317, .F. ) ;
#454 = DIRECTION ( 'NONE',  ( 0.0000000000000000000, -1.000000000000000000, 0.0000000000000000000 ) ) ;
#455 = DIRECTION ( 'NONE',  ( -1.000000000000000000, -0.0000000000000000000, -0.0000000000000000000 ) ) ;
#456 = FACE_OUTER_BOUND ( 'NONE', #8654, .T. ) ;
#457 = FACE_OUTER_BOUND ( 'NONE', #504, .T. ) ;
#458 = LINE ( 'NONE', #5238, #5001 ) ;
#459 = ADVANCED_FACE ( 'NONE', ( #1150 ), #8380, .F. ) ;
#460 = DIRECTION ( 'NONE',  ( -0.0000000000000000000, -0.0000000000000000000, -1.000000000000000000 ) ) ;
#461 = CARTESIAN_POINT ( 'NONE',  ( 36.09036513427445000, -17.15999999999958400, 250.0000000000000000 ) ) ;
#462 = EDGE_LOOP ( 'NONE', ( #1380, #4286, #4764, #5169 ) ) ;
#463 = VERTEX_POINT ( 'NONE', #11012 ) ;
#464 = EDGE_LOOP ( 'NONE', ( #1758, #9481, #9358, #8695 ) ) ;
#465 = ORIENTED_EDGE ( 'NONE', *, *, #7170, .F. ) ;
#466 = CARTESIAN_POINT ( 'NONE',  ( 44.34568542494296400, -29.75605054513145500, 250.0000000000000000 ) ) ;
#467 = CARTESIAN_POINT ( 'NONE',  ( 68.19999999999419100, -2.882859445469489600, 0.0000000000000000000 ) ) ;
#468 = CARTESIAN_POINT ( 'NONE',  ( 35.10325268046423700, -29.99036512018231400, 0.0000000000000000000 ) ) ;
#469 = CIRCLE ( 'NONE', #6939, 2.099999999999997900 ) ;
#470 = LINE ( 'NONE', #3457, #2153 ) ;
#471 = EDGE_CURVE ( 'NONE', #3000, #8720, #7527, .T. ) ;
#472 = DIRECTION ( 'NONE',  ( 0.0000000000000000000, 0.0000000000000000000, 1.000000000000000000 ) ) ;
#473 = ORIENTED_EDGE ( 'NONE', *, *, #9344, .T. ) ;
#474 = VERTEX_POINT ( 'NONE', #4702 ) ;
#475 = VERTEX_POINT ( 'NONE', #9291 ) ;
#476 = ORIENTED_EDGE ( 'NONE', *, *, #550, .F. ) ;
#477 = ORIENTED_EDGE ( 'NONE', *, *, #5955, .T. ) ;
#478 = VERTEX_POINT ( 'NONE', #9373 ) ;
#479 = EDGE_CURVE ( 'NONE', #2044, #6342, #11104, .T. ) ;
#480 = CARTESIAN_POINT ( 'NONE',  ( 2.889999999999921100, -28.19036512018228900, 0.0000000000000000000 ) ) ;
#481 = VERTEX_POINT ( 'NONE', #10158 ) ;
#482 = PLANE ( 'NONE',  #1729 ) ;
#483 = EDGE_CURVE ( 'NONE', #516, #9899, #8970, .T. ) ;
#484 = FACE_OUTER_BOUND ( 'NONE', #3602, .T. ) ;
#485 = LINE ( 'NONE', #10351, #7735 ) ;
#486 = CARTESIAN_POINT ( 'NONE',  ( 8.200000000014338000, -7.297745508358056900, 250.0000000000000000 ) ) ;
#487 = DIRECTION ( 'NONE',  ( 0.0000000000000000000, -1.000000000000000000, 0.0000000000000000000 ) ) ;
#488 = VERTEX_POINT ( 'NONE', #188 ) ;
#489 = VERTEX_POINT ( 'NONE', #6607 ) ;
#490 = ORIENTED_EDGE ( 'NONE', *, *, #10375, .T. ) ;
#491 = ORIENTED_EDGE ( 'NONE', *, *, #11106, .F. ) ;
#492 = VERTEX_POINT ( 'NONE', #7415 ) ;
#493 = ORIENTED_EDGE ( 'NONE', *, *, #1403, .F. ) ;
#494 = CARTESIAN_POINT ( 'NONE',  ( 57.11731176518218700, 8.207983149782574400, 0.0000000000000000000 ) ) ;
#495 = ADVANCED_FACE ( 'NONE', ( #6096 ), #5632, .F. ) ;
#496 = DIRECTION ( 'NONE',  ( -0.0000000000000000000, -0.0000000000000000000, -1.000000000000000000 ) ) ;
#497 = LINE ( 'NONE', #11598, #5741 ) ;
#498 = VECTOR ( 'NONE', #455, 1000.000000000000000 ) ;
#499 = DIRECTION ( 'NONE',  ( -1.000000000000000000, 0.0000000000000000000, 0.0000000000000000000 ) ) ;
#500 = DIRECTION ( 'NONE',  ( 0.7071067811865475700, -0.7071067811865475700, 0.0000000000000000000 ) ) ;
#501 = EDGE_CURVE ( 'NONE', #7748, #5296, #11814, .T. ) ;
#502 = EDGE_CURVE ( 'NONE', #442, #7118, #2250, .T. ) ;
#503 = ORIENTED_EDGE ( 'NONE', *, *, #6852, .F. ) ;
#504 = EDGE_LOOP ( 'NONE', ( #2016, #8152, #141, #1840 ) ) ;
#505 = VERTEX_POINT ( 'NONE', #11134 ) ;
#506 = ORIENTED_EDGE ( 'NONE', *, *, #3436, .T. ) ;
#507 = AXIS2_PLACEMENT_3D ( 'NONE', #5497, #8232, #7203 ) ;
#508 = CARTESIAN_POINT ( 'NONE',  ( 12.69999998590117400, -26.24036512018223300, 0.0000000000000000000 ) ) ;
#509 = ORIENTED_EDGE ( 'NONE', *, *, #6928, .F. ) ;
#510 = FACE_OUTER_BOUND ( 'NONE', #8183, .T. ) ;
#511 = CIRCLE ( 'NONE', #3773, 2.100000000000004500 ) ;
#512 = CARTESIAN_POINT ( 'NONE',  ( 62.87537646962544400, -28.30036512018218900, 250.0000000000000000 ) ) ;
#513 = CARTESIAN_POINT ( 'NONE',  ( 42.87669675189366100, -11.78952446469386800, 0.0000000000000000000 ) ) ;
#514 = DIRECTION ( 'NONE',  ( 0.0000000000000000000, 1.000000000000000000, 0.0000000000000000000 ) ) ;
#515 = CARTESIAN_POINT ( 'NONE',  ( -8.200000000000002800, -17.11498865055904900, 250.0000000000000000 ) ) ;
#516 = VERTEX_POINT ( 'NONE', #6566 ) ;
#517 = EDGE_CURVE ( 'NONE', #5960, #5433, #6516, .T. ) ;
#518 = EDGE_CURVE ( 'NONE', #2892, #8475, #6944, .T. ) ;
#519 = DIRECTION ( 'NONE',  ( 0.0000000000000000000, 1.000000000000000000, -0.0000000000000000000 ) ) ;
#520 = CARTESIAN_POINT ( 'NONE',  ( -8.200000000000002800, 2.882517024154526400, 250.0000000000000000 ) ) ;
#521 = ORIENTED_EDGE ( 'NONE', *, *, #3530, .T. ) ;
#522 = VECTOR ( 'NONE', #264, 1000.000000000000000 ) ;
#523 = CARTESIAN_POINT ( 'NONE',  ( 62.84036513428219500, -16.08952252493459100, 0.0000000000000000000 ) ) ;
#524 = LINE ( 'NONE', #5487, #9905 ) ;
#525 = FACE_OUTER_BOUND ( 'NONE', #9561, .T. ) ;
#526 = AXIS2_PLACEMENT_3D ( 'NONE', #6487, #4577, #4858 ) ;
#527 = CARTESIAN_POINT ( 'NONE',  ( -6.570000000007157200, 7.667983149782571700, 250.0000000000000000 ) ) ;
#528 = ADVANCED_FACE ( 'NONE', ( #10236 ), #267, .F. ) ;
#529 = CARTESIAN_POINT ( 'NONE',  ( 63.89999999999420100, -20.09619636599925100, 0.0000000000000000000 ) ) ;
#530 = DIRECTION ( 'NONE',  ( -0.003549905670442821000, -0.9999936990650145600, 0.0000000000000000000 ) ) ;
#531 = ORIENTED_EDGE ( 'NONE', *, *, #9325, .T. ) ;
#532 = CARTESIAN_POINT ( 'NONE',  ( 0.08871339017088544800, -23.89285944546705000, 250.0000000000000000 ) ) ;
#533 = CARTESIAN_POINT ( 'NONE',  ( 66.57000000000135700, 7.667983149782571700, 0.0000000000000000000 ) ) ;
#534 = ORIENTED_EDGE ( 'NONE', *, *, #1651, .T. ) ;
#535 = ORIENTED_EDGE ( 'NONE', *, *, #7717, .F. ) ;
#536 = VECTOR ( 'NONE', #10108, 1000.000000000000000 ) ;
#537 = VECTOR ( 'NONE', #4695, 1000.000000000000000 ) ;
#538 = AXIS2_PLACEMENT_3D ( 'NONE', #8139, #4520, #2713 ) ;
#539 = DIRECTION ( 'NONE',  ( 1.000000000000000000, 0.0000000000000000000, 0.0000000000000000000 ) ) ;
#540 = CC_DESIGN_PERSON_AND_ORGANIZATION_ASSIGNMENT ( #9804, #3707, ( #7615 ) ) ;
#541 = CARTESIAN_POINT ( 'NONE',  ( 45.50333692052829800, -28.19036512018228900, 0.0000000000000000000 ) ) ;
#542 = ORIENTED_EDGE ( 'NONE', *, *, #1489, .T. ) ;
#543 = ORIENTED_EDGE ( 'NONE', *, *, #2023, .F. ) ;
#544 = DIRECTION ( 'NONE',  ( -1.408956491735679000E-012, 1.000000000000000000, -0.0000000000000000000 ) ) ;
#545 = CARTESIAN_POINT ( 'NONE',  ( -4.899916949086816400, 10.00963487981756800, 250.0000000000000000 ) ) ;
#546 = ORIENTED_EDGE ( 'NONE', *, *, #2841, .F. ) ;
#547 = LINE ( 'NONE', #10640, #6488 ) ;
#548 = CARTESIAN_POINT ( 'NONE',  ( 36.09036513427445000, -17.15999999999958400, 250.0000000000000000 ) ) ;
#549 = CARTESIAN_POINT ( 'NONE',  ( 0.08871339017088544800, -23.89285944546705000, 250.0000000000000000 ) ) ;
#550 = EDGE_CURVE ( 'NONE', #5298, #7589, #7096, .T. ) ;
#551 = CARTESIAN_POINT ( 'NONE',  ( 37.12462353036301000, -28.19036512018228500, 250.0000000000000000 ) ) ;
#552 = ORIENTED_EDGE ( 'NONE', *, *, #7663, .F. ) ;
#553 = VECTOR ( 'NONE', #8726, 1000.000000000000000 ) ;
#554 = PLANE ( 'NONE',  #1620 ) ;
#555 = CARTESIAN_POINT ( 'NONE',  ( -4.899916949086816400, 10.00963487981756800, 0.0000000000000000000 ) ) ;
#556 = ADVANCED_FACE ( 'NONE', ( #8685 ), #2041, .F. ) ;
#557 = LINE ( 'NONE', #2849, #7222 ) ;
#558 = DIRECTION ( 'NONE',  ( 0.0000000000000000000, 1.000000000000000000, -0.0000000000000000000 ) ) ;
#559 = AXIS2_PLACEMENT_3D ( 'NONE', #5211, #721, #3331 ) ;
#560 = DIRECTION ( 'NONE',  ( -0.0000000000000000000, -0.0000000000000000000, -1.000000000000000000 ) ) ;
#561 = AXIS2_PLACEMENT_3D ( 'NONE', #11640, #284, #7440 ) ;
#562 = DIRECTION ( 'NONE',  ( -0.0000000000000000000, -0.0000000000000000000, -1.000000000000000000 ) ) ;
#563 = EDGE_LOOP ( 'NONE', ( #249, #9332, #11512, #9152 ) ) ;
#564 = LINE ( 'NONE', #5745, #10227 ) ;
#565 = EDGE_CURVE ( 'NONE', #84, #8450, #3246, .T. ) ;
#566 = DIRECTION ( 'NONE',  ( -0.0000000000000000000, -0.0000000000000000000, -1.000000000000000000 ) ) ;
#567 = DIRECTION ( 'NONE',  ( -7.653841565949624300E-017, -1.000000000000000000, -0.0000000000000000000 ) ) ;
#568 = FACE_OUTER_BOUND ( 'NONE', #2269, .T. ) ;
#569 = CARTESIAN_POINT ( 'NONE',  ( 56.09999999999428200, -0.1033369205210043500, 250.0000000000000000 ) ) ;
#570 = CARTESIAN_POINT ( 'NONE',  ( -0.08871339015654969300, -23.89285944546705000, 250.0000000000000000 ) ) ;
#571 = FACE_OUTER_BOUND ( 'NONE', #5196, .T. ) ;
#572 = EDGE_CURVE ( 'NONE', #7677, #10009, #6228, .T. ) ;
#573 = AXIS2_PLACEMENT_3D ( 'NONE', #5516, #9135, #1128 ) ;
#574 = VECTOR ( 'NONE', #5438, 1000.000000000000000 ) ;
#575 = DIRECTION ( 'NONE',  ( 0.7071067811865474600, -0.7071067811865474600, 0.0000000000000000000 ) ) ;
#576 = AXIS2_PLACEMENT_3D ( 'NONE', #2102, #11120, #9398 ) ;
#577 = VECTOR ( 'NONE', #10303, 1000.000000000000000 ) ;
#578 = DIRECTION ( 'NONE',  ( 0.0000000000000000000, 0.0000000000000000000, 1.000000000000000000 ) ) ;
#579 = CARTESIAN_POINT ( 'NONE',  ( -8.309999999999998700, -22.88036512018231500, 250.0000000000000000 ) ) ;
#580 = DIRECTION ( 'NONE',  ( -1.000000000000000000, 0.0000000000000000000, 0.0000000000000000000 ) ) ;
#581 = VECTOR ( 'NONE', #8082, 1000.000000000000100 ) ;
#582 = CARTESIAN_POINT ( 'NONE',  ( 44.34568542494296400, -29.75605054513145500, 250.0000000000000000 ) ) ;
#583 = DIRECTION ( 'NONE',  ( 0.0000000000000000000, 0.0000000000000000000, 1.000000000000000000 ) ) ;
#584 = ADVANCED_FACE ( 'NONE', ( #11093 ), #417, .F. ) ;
#585 = ORIENTED_EDGE ( 'NONE', *, *, #11384, .T. ) ;
#586 = EDGE_LOOP ( 'NONE', ( #1626, #11714, #1991, #3013, #5444, #3854, #1646, #9306, #5647, #5748, #5467 ) ) ;
#587 = LINE ( 'NONE', #7757, #9818 ) ;
#588 = DIRECTION ( 'NONE',  ( -0.0000000000000000000, -0.0000000000000000000, -1.000000000000000000 ) ) ;
#589 = EDGE_CURVE ( 'NONE', #9576, #5806, #564, .T. ) ;
#590 = EDGE_CURVE ( 'NONE', #3483, #6656, #8231, .T. ) ;
#591 = VECTOR ( 'NONE', #2510, 1000.000000000000000 ) ;
#592 = CARTESIAN_POINT ( 'NONE',  ( -4.333990826768626000, -29.75897947731955600, 0.0000000000000000000 ) ) ;
#593 = LINE ( 'NONE', #8169, #447 ) ;
#594 = DIRECTION ( 'NONE',  ( 0.0000000000000000000, -0.0000000000000000000, 1.000000000000000000 ) ) ;
#595 = CARTESIAN_POINT ( 'NONE',  ( 53.43999999999424200, -5.496196365999260500, 0.0000000000000000000 ) ) ;
#596 = PLANE ( 'NONE',  #1819 ) ;
#597 = CARTESIAN_POINT ( 'NONE',  ( 59.91128660982330700, -23.89285944546705000, 250.0000000000000000 ) ) ;
#598 = VERTEX_POINT ( 'NONE', #339 ) ;
#599 = PLANE ( 'NONE',  #7077 ) ;
#600 = VERTEX_POINT ( 'NONE', #9447 ) ;
#601 = ORIENTED_EDGE ( 'NONE', *, *, #8668, .T. ) ;
#602 = FACE_BOUND ( 'NONE', #2636, .T. ) ;
#603 = ORIENTED_EDGE ( 'NONE', *, *, #6467, .F. ) ;
#604 = LINE ( 'NONE', #11366, #2125 ) ;
#605 = VECTOR ( 'NONE', #10645, 1000.000000000000000 ) ;
#606 = EDGE_CURVE ( 'NONE', #610, #10996, #4391, .T. ) ;
#607 = PLANE ( 'NONE',  #1941 ) ;
#608 = DIRECTION ( 'NONE',  ( 0.0000000000000000000, 0.0000000000000000000, 1.000000000000000000 ) ) ;
#609 = ORIENTED_EDGE ( 'NONE', *, *, #7412, .T. ) ;
#610 = VERTEX_POINT ( 'NONE', #4830 ) ;
#611 = ORIENTED_EDGE ( 'NONE', *, *, #9221, .F. ) ;
#612 = VECTOR ( 'NONE', #3752, 1000.000000000000000 ) ;
#613 = VECTOR ( 'NONE', #9691, 1000.000000000000000 ) ;
#614 = DIRECTION ( 'NONE',  ( -1.000000000000000000, 1.777677119522225100E-015, 0.0000000000000000000 ) ) ;
#615 = CARTESIAN_POINT ( 'NONE',  ( 50.78999999999418700, 4.899745738432866200, 250.0000000000000000 ) ) ;
#616 = DIRECTION ( 'NONE',  ( -0.7295601560796135500, -0.6839166459891804500, 0.0000000000000000000 ) ) ;
#617 = DIRECTION ( 'NONE',  ( -0.7071067811865471300, -0.7071067811865480200, 0.0000000000000000000 ) ) ;
#618 = EDGE_CURVE ( 'NONE', #11715, #3279, #3806, .T. ) ;
#619 = ORIENTED_EDGE ( 'NONE', *, *, #4369, .F. ) ;
#620 = ORIENTED_EDGE ( 'NONE', *, *, #6674, .F. ) ;
#621 = ORIENTED_EDGE ( 'NONE', *, *, #3224, .F. ) ;
#622 = ORIENTED_EDGE ( 'NONE', *, *, #8467, .T. ) ;
#623 = CARTESIAN_POINT ( 'NONE',  ( -8.200000000000001100, -22.88036512018231500, 250.0000000000000000 ) ) ;
#624 = VECTOR ( 'NONE', #2679, 1000.000000000000000 ) ;
#625 = VECTOR ( 'NONE', #8199, 1000.000000000000100 ) ;
#626 = AXIS2_PLACEMENT_3D ( 'NONE', #1596, #11495, #6953 ) ;
#627 = CARTESIAN_POINT ( 'NONE',  ( 24.34436508139353700, -10.22467969523303600, 0.0000000000000000000 ) ) ;
#628 = ORIENTED_EDGE ( 'NONE', *, *, #9798, .T. ) ;
#629 = AXIS2_PLACEMENT_3D ( 'NONE', #10306, #5774, #6655 ) ;
#630 = EDGE_LOOP ( 'NONE', ( #11446, #6301, #2489, #11426, #8465, #9129, #8718, #10439, #3880, #3918, #2878 ) ) ;
#631 = VERTEX_POINT ( 'NONE', #8535 ) ;
#632 = ORIENTED_EDGE ( 'NONE', *, *, #4913, .T. ) ;
#633 = ORIENTED_EDGE ( 'NONE', *, *, #348, .T. ) ;
#634 = DIRECTION ( 'NONE',  ( -0.0000000000000000000, -0.0000000000000000000, -1.000000000000000000 ) ) ;
#635 = PLANE ( 'NONE',  #2444 ) ;
#636 = PLANE ( 'NONE',  #9264 ) ;
#637 = CARTESIAN_POINT ( 'NONE',  ( -7.660000000000000100, -26.56036512018241400, 250.0000000000000000 ) ) ;
#638 = EDGE_CURVE ( 'NONE', #11208, #3737, #4095, .T. ) ;
#639 = CARTESIAN_POINT ( 'NONE',  ( -5.496025155338566400, 8.207983149782574400, 250.0000000000000000 ) ) ;
#640 = DIRECTION ( 'NONE',  ( 1.924345566447206200E-015, -1.000000000000000000, -0.0000000000000000000 ) ) ;
#641 = VECTOR ( 'NONE', #6747, 999.9999999999998900 ) ;
#642 = LINE ( 'NONE', #5942, #498 ) ;
#643 = DIRECTION ( 'NONE',  ( 0.0000000000000000000, 0.0000000000000000000, 1.000000000000000000 ) ) ;
#644 = EDGE_CURVE ( 'NONE', #4212, #406, #9942, .T. ) ;
#645 = EDGE_LOOP ( 'NONE', ( #9111, #9994, #5250, #2751 ) ) ;
#646 = ORIENTED_EDGE ( 'NONE', *, *, #7496, .F. ) ;
#647 = VERTEX_POINT ( 'NONE', #4070 ) ;
#648 = ORIENTED_EDGE ( 'NONE', *, *, #4270, .T. ) ;
#649 = ADVANCED_FACE ( 'NONE', ( #7381 ), #2108, .T. ) ;
#650 = CARTESIAN_POINT ( 'NONE',  ( 51.50404306835882600, 8.505591811452930500, 250.0000000000000000 ) ) ;
#651 = EDGE_CURVE ( 'NONE', #2768, #201, #10802, .T. ) ;
#652 = ORIENTED_EDGE ( 'NONE', *, *, #10034, .T. ) ;
#653 = DIRECTION ( 'NONE',  ( -0.0000000000000000000, -0.0000000000000000000, -1.000000000000000000 ) ) ;
#654 = CIRCLE ( 'NONE', #1683, 1.504043068364636900 ) ;
#655 = VECTOR ( 'NONE', #2199, 1000.000000000000000 ) ;
#656 = CARTESIAN_POINT ( 'NONE',  ( 34.51128660983683000, -28.19036512018228900, 250.0000000000000000 ) ) ;
#657 = DIRECTION ( 'NONE',  ( 1.000000000000000000, 5.406564086636838800E-014, -0.0000000000000000000 ) ) ;
#658 = ORIENTED_EDGE ( 'NONE', *, *, #9613, .T. ) ;
#659 = EDGE_LOOP ( 'NONE', ( #5509, #7074, #7336, #7573 ) ) ;
#660 = ORIENTED_EDGE ( 'NONE', *, *, #6900, .F. ) ;
#661 = EDGE_LOOP ( 'NONE', ( #11740, #10894, #5489, #9548 ) ) ;
#662 = VECTOR ( 'NONE', #5288, 1000.000000000000000 ) ;
#663 = EDGE_CURVE ( 'NONE', #6448, #2534, #10078, .T. ) ;
#664 = EDGE_CURVE ( 'NONE', #9899, #9084, #9514, .T. ) ;
#665 = CARTESIAN_POINT ( 'NONE',  ( -3.900000000000004400, -17.16832557109312100, 0.0000000000000000000 ) ) ;
#666 = LINE ( 'NONE', #4269, #7621 ) ;
#667 = LINE ( 'NONE', #8716, #1637 ) ;
#668 = PLANE ( 'NONE',  #857 ) ;
#669 = ORIENTED_EDGE ( 'NONE', *, *, #2241, .T. ) ;
#670 = VERTEX_POINT ( 'NONE', #2196 ) ;
#671 = VECTOR ( 'NONE', #954, 1000.000000000000000 ) ;
#672 = CARTESIAN_POINT ( 'NONE',  ( 68.49595693162238800, 10.00963487981757200, 250.0000000000000000 ) ) ;
#673 = LINE ( 'NONE', #7812, #6186 ) ;
#674 = VECTOR ( 'NONE', #11086, 1000.000000000000000 ) ;
#675 = CARTESIAN_POINT ( 'NONE',  ( -6.238124910947116900, -7.297745508358056900, 0.0000000000000000000 ) ) ;
#676 = CARTESIAN_POINT ( 'NONE',  ( -8.200000000000002800, -2.882859445469489600, 0.0000000000000000000 ) ) ;
#677 = PLANE ( 'NONE',  #8313 ) ;
#678 = CARTESIAN_POINT ( 'NONE',  ( 56.09999999997984300, -17.16832557109312100, 250.0000000000000000 ) ) ;
#679 = ADVANCED_FACE ( 'NONE', ( #7517 ), #3079, .T. ) ;
#680 = EDGE_CURVE ( 'NONE', #492, #9000, #1410, .T. ) ;
#681 = EDGE_CURVE ( 'NONE', #2612, #8739, #269, .T. ) ;
#682 = VERTEX_POINT ( 'NONE', #1385 ) ;
#683 = CARTESIAN_POINT ( 'NONE',  ( 68.19999999999419100, 2.882517024154526400, 0.0000000000000000000 ) ) ;
#684 = VERTEX_POINT ( 'NONE', #7739 ) ;
#685 = CYLINDRICAL_SURFACE ( 'NONE', #10039, 0.8000000000006335400 ) ;
#686 = AXIS2_PLACEMENT_3D ( 'NONE', #11255, #5786, #2188 ) ;
#687 = LINE ( 'NONE', #7226, #11793 ) ;
#688 = DIRECTION ( 'NONE',  ( -1.000000000000000000, 0.0000000000000000000, 0.0000000000000000000 ) ) ;
#689 = EDGE_CURVE ( 'NONE', #6073, #7837, #8961, .T. ) ;
#690 = ORIENTED_EDGE ( 'NONE', *, *, #4585, .F. ) ;
#691 = DIRECTION ( 'NONE',  ( -0.0000000000000000000, -0.0000000000000000000, -1.000000000000000000 ) ) ;
#692 = ORIENTED_EDGE ( 'NONE', *, *, #7086, .F. ) ;
#693 = VECTOR ( 'NONE', #2851, 1000.000000000000000 ) ;
#694 = CARTESIAN_POINT ( 'NONE',  ( -8.309999999992822200, 2.882517024158107500, 0.0000000000000000000 ) ) ;
#695 = LINE ( 'NONE', #8079, #5515 ) ;
#696 = CARTESIAN_POINT ( 'NONE',  ( 68.19999999999419100, 6.577983149782563800, 0.0000000000000000000 ) ) ;
#697 = CARTESIAN_POINT ( 'NONE',  ( 68.19999999999419100, -22.88036512018231500, 0.0000000000000000000 ) ) ;
#698 = ORIENTED_EDGE ( 'NONE', *, *, #2291, .T. ) ;
#699 = DIRECTION ( 'NONE',  ( 0.0000000000000000000, 1.000000000000000000, 0.0000000000000000000 ) ) ;
#700 = FACE_OUTER_BOUND ( 'NONE', #6980, .T. ) ;
#701 = DIRECTION ( 'NONE',  ( 1.000000000000000000, -4.823982726541860400E-016, 0.0000000000000000000 ) ) ;
#702 = ADVANCED_FACE ( 'NONE', ( #5101 ), #5107, .F. ) ;
#703 = FACE_BOUND ( 'NONE', #3317, .T. ) ;
#704 = LOCAL_TIME ( 0, 21, 2.000000000000000000, #4955 ) ;
#705 = DIRECTION ( 'NONE',  ( -0.0000000000000000000, -0.0000000000000000000, -1.000000000000000000 ) ) ;
#706 = DIRECTION ( 'NONE',  ( -1.000000000000000000, -7.885106709243460900E-015, 0.0000000000000000000 ) ) ;
#707 = CARTESIAN_POINT ( 'NONE',  ( 40.08952246339919900, -23.89285944546705000, 0.0000000000000000000 ) ) ;
#708 = CARTESIAN_POINT ( 'NONE',  ( 63.89999999997976200, -0.1033369205210043500, 250.0000000000000000 ) ) ;
#709 = ORIENTED_EDGE ( 'NONE', *, *, #7828, .T. ) ;
#710 = VECTOR ( 'NONE', #1267, 1000.000000000000000 ) ;
#711 = PLANE ( 'NONE',  #8102 ) ;
#712 = EDGE_CURVE ( 'NONE', #5793, #5041, #1678, .T. ) ;
#713 = CARTESIAN_POINT ( 'NONE',  ( 56.09999999999428200, -2.841651730025073900, 250.0000000000000000 ) ) ;
#714 = FACE_OUTER_BOUND ( 'NONE', #1787, .T. ) ;
#715 = DIRECTION ( 'NONE',  ( -0.0000000000000000000, -0.0000000000000000000, -1.000000000000000000 ) ) ;
#716 = FACE_OUTER_BOUND ( 'NONE', #11478, .T. ) ;
#717 = CARTESIAN_POINT ( 'NONE',  ( -3.900000000000004800, -20.09619636599925100, 250.0000000000000000 ) ) ;
#718 = VERTEX_POINT ( 'NONE', #2472 ) ;
#719 = LINE ( 'NONE', #2959, #5688 ) ;
#720 = DIRECTION ( 'NONE',  ( 1.000000000000000000, 4.823982726551470700E-016, 0.0000000000000000000 ) ) ;
#721 = DIRECTION ( 'NONE',  ( -0.0000000000000000000, -0.0000000000000000000, -1.000000000000000000 ) ) ;
#722 = VECTOR ( 'NONE', #6452, 1000.000000000000100 ) ;
#723 = EDGE_CURVE ( 'NONE', #11011, #6506, #7668, .T. ) ;
#724 = VECTOR ( 'NONE', #6756, 1000.000000000000000 ) ;
#725 = ADVANCED_FACE ( 'NONE', ( #9226 ), #2526, .T. ) ;
#726 = DIRECTION ( 'NONE',  ( -1.000000000000000000, 0.0000000000000000000, 0.0000000000000000000 ) ) ;
#727 = DIRECTION ( 'NONE',  ( -0.0000000000000000000, -0.0000000000000000000, -1.000000000000000000 ) ) ;
#728 = ORIENTED_EDGE ( 'NONE', *, *, #10329, .F. ) ;
#729 = ORIENTED_EDGE ( 'NONE', *, *, #320, .T. ) ;
#730 = ORIENTED_EDGE ( 'NONE', *, *, #4767, .F. ) ;
#731 = LINE ( 'NONE', #10462, #10097 ) ;
#732 = DIRECTION ( 'NONE',  ( 4.823982726541860400E-016, -1.000000000000000000, 0.0000000000000000000 ) ) ;
#733 = CARTESIAN_POINT ( 'NONE',  ( 7.309634879832146700, -26.24310889209111900, 250.0000000000000000 ) ) ;
#734 = VECTOR ( 'NONE', #7766, 1000.000000000000000 ) ;
#735 = DIRECTION ( 'NONE',  ( 0.0000000000000000000, -0.0000000000000000000, 1.000000000000000000 ) ) ;
#736 = VECTOR ( 'NONE', #8328, 1000.000000000000000 ) ;
#737 = EDGE_CURVE ( 'NONE', #11701, #898, #1952, .T. ) ;
#738 = EDGE_CURVE ( 'NONE', #4856, #6707, #2667, .T. ) ;
#739 = ORIENTED_EDGE ( 'NONE', *, *, #1747, .F. ) ;
#740 = ORIENTED_EDGE ( 'NONE', *, *, #11723, .T. ) ;
#741 = VERTEX_POINT ( 'NONE', #627 ) ;
#742 = VECTOR ( 'NONE', #3844, 1000.000000000000100 ) ;
#743 = AXIS2_PLACEMENT_3D ( 'NONE', #9385, #6687, #11237 ) ;
#744 = DIRECTION ( 'NONE',  ( 0.0000000000000000000, -1.000000000000000000, 0.0000000000000000000 ) ) ;
#745 = LINE ( 'NONE', #8345, #3858 ) ;
#746 = VECTOR ( 'NONE', #8238, 1000.000000000000000 ) ;
#747 = CARTESIAN_POINT ( 'NONE',  ( 57.89999999999419300, 0.009634879817567443300, 250.0000000000000000 ) ) ;
#748 = DIRECTION ( 'NONE',  ( -0.0000000000000000000, -0.0000000000000000000, -1.000000000000000000 ) ) ;
#749 = CARTESIAN_POINT ( 'NONE',  ( 35.10325268046423700, -29.19036512018168100, 250.0000000000000000 ) ) ;
#750 = ORIENTED_EDGE ( 'NONE', *, *, #4451, .F. ) ;
#751 = VERTEX_POINT ( 'NONE', #11571 ) ;
#752 = ORIENTED_EDGE ( 'NONE', *, *, #11433, .F. ) ;
#753 = ORIENTED_EDGE ( 'NONE', *, *, #825, .T. ) ;
#754 = ADVANCED_FACE ( 'NONE', ( #7085 ), #4232, .F. ) ;
#755 = AXIS2_PLACEMENT_3D ( 'NONE', #7814, #450, #6785 ) ;
#756 = VECTOR ( 'NONE', #11059, 1000.000000000000000 ) ;
#757 = LINE ( 'NONE', #7673, #10126 ) ;
#758 = CARTESIAN_POINT ( 'NONE',  ( 6.559999999999918800, 5.495853944692208300, 250.0000000000000000 ) ) ;
#759 = EDGE_LOOP ( 'NONE', ( #5308, #1358, #4865, #11273 ) ) ;
#760 = DIRECTION ( 'NONE',  ( -0.7071067811865474600, -0.7071067811865474600, 0.0000000000000000000 ) ) ;
#761 = ORIENTED_EDGE ( 'NONE', *, *, #2595, .F. ) ;
#762 = DIRECTION ( 'NONE',  ( 0.7508172437160144400, -0.6605100048740268900, 0.0000000000000000000 ) ) ;
#763 = VERTEX_POINT ( 'NONE', #8748 ) ;
#764 = ORIENTED_EDGE ( 'NONE', *, *, #7790, .F. ) ;
#765 = ORIENTED_EDGE ( 'NONE', *, *, #37, .T. ) ;
#766 = EDGE_LOOP ( 'NONE', ( #98, #1925, #10936, #7605, #2310, #9993, #3233, #1090, #6773, #3640, #1897 ) ) ;
#767 = CARTESIAN_POINT ( 'NONE',  ( 66.56999999999416700, -27.65036512018244600, 0.0000000000000000000 ) ) ;
#768 = DIRECTION ( 'NONE',  ( 0.0000000000000000000, 0.0000000000000000000, 1.000000000000000000 ) ) ;
#769 = ORIENTED_EDGE ( 'NONE', *, *, #3729, .F. ) ;
#770 = ORIENTED_EDGE ( 'NONE', *, *, #4525, .T. ) ;
#771 = CARTESIAN_POINT ( 'NONE',  ( 6.559999999999942800, -5.496196365999260500, 250.0000000000000000 ) ) ;
#772 = VECTOR ( 'NONE', #9667, 1000.000000000000000 ) ;
#773 = VECTOR ( 'NONE', #8691, 1000.000000000000000 ) ;
#774 = CARTESIAN_POINT ( 'NONE',  ( 9.768614357137373400, 4.341131381295492800, 0.0000000000000000000 ) ) ;
#775 = DIRECTION ( 'NONE',  ( -0.0000000000000000000, -0.0000000000000000000, -1.000000000000000000 ) ) ;
#776 = EDGE_CURVE ( 'NONE', #5347, #6656, #4666, .T. ) ;
#777 = VERTEX_POINT ( 'NONE', #8700 ) ;
#778 = VERTEX_POINT ( 'NONE', #10512 ) ;
#779 = ORIENTED_EDGE ( 'NONE', *, *, #9560, .F. ) ;
#780 = ORIENTED_EDGE ( 'NONE', *, *, #3282, .F. ) ;
#781 = EDGE_LOOP ( 'NONE', ( #2172, #904, #8045, #9174 ) ) ;
#782 = VERTEX_POINT ( 'NONE', #5073 ) ;
#783 = ORIENTED_EDGE ( 'NONE', *, *, #1695, .T. ) ;
#784 = ORIENTED_EDGE ( 'NONE', *, *, #3517, .T. ) ;
#785 = DIRECTION ( 'NONE',  ( -2.832201593432359000E-014, -1.000000000000000000, 0.0000000000000000000 ) ) ;
#786 = CARTESIAN_POINT ( 'NONE',  ( 8.309999999996406900, 2.882517024154526400, 250.0000000000000000 ) ) ;
#787 = VECTOR ( 'NONE', #10629, 1000.000000000000100 ) ;
#788 = VECTOR ( 'NONE', #8331, 1000.000000000000000 ) ;
#789 = CARTESIAN_POINT ( 'NONE',  ( 3.899999999999906200, 0.09834826997499368500, 250.0000000000000000 ) ) ;
#790 = AXIS2_PLACEMENT_3D ( 'NONE', #10397, #558, #1460 ) ;
#791 = PLANE ( 'NONE',  #3440 ) ;
#792 = CARTESIAN_POINT ( 'NONE',  ( 68.19999999999419100, -7.297745508358056900, 0.0000000000000000000 ) ) ;
#793 = CARTESIAN_POINT ( 'NONE',  ( -3.900000000000004400, -19.90664038059719200, 250.0000000000000000 ) ) ;
#794 = ORIENTED_EDGE ( 'NONE', *, *, #3670, .F. ) ;
#795 = ADVANCED_FACE ( 'NONE', ( #6790 ), #2351, .F. ) ;
#796 = ORIENTED_EDGE ( 'NONE', *, *, #10016, .T. ) ;
#797 = EDGE_CURVE ( 'NONE', #9000, #6548, #2950, .T. ) ;
#798 = VERTEX_POINT ( 'NONE', #9725 ) ;
#799 = CARTESIAN_POINT ( 'NONE',  ( 62.88268823480619600, 8.319634879817504800, 0.0000000000000000000 ) ) ;
#800 = DIRECTION ( 'NONE',  ( -0.0000000000000000000, -0.0000000000000000000, -1.000000000000000000 ) ) ;
#801 = DIRECTION ( 'NONE',  ( 1.000000000000000000, -2.761305597428294600E-014, -0.0000000000000000000 ) ) ;
#802 = ORIENTED_EDGE ( 'NONE', *, *, #902, .T. ) ;
#803 = DIRECTION ( 'NONE',  ( 0.0000000000000000000, 0.0000000000000000000, 1.000000000000000000 ) ) ;
#804 = VECTOR ( 'NONE', #10826, 1000.000000000000000 ) ;
#805 = CIRCLE ( 'NONE', #6213, 0.7900000000000060300 ) ;
#806 = EDGE_CURVE ( 'NONE', #3468, #6411, #7228, .T. ) ;
#807 = CARTESIAN_POINT ( 'NONE',  ( 34.49798342301680500, -11.79036512018251400, 250.0000000000000000 ) ) ;
#808 = DIRECTION ( 'NONE',  ( 1.000000000000000000, 0.0000000000000000000, 0.0000000000000000000 ) ) ;
#809 = VERTEX_POINT ( 'NONE', #5191 ) ;
#810 = EDGE_CURVE ( 'NONE', #5698, #11590, #3520, .T. ) ;
#811 = ORIENTED_EDGE ( 'NONE', *, *, #4038, .F. ) ;
#812 = DIRECTION ( 'NONE',  ( -0.7071067811865471300, 0.7071067811865479100, -0.0000000000000000000 ) ) ;
#813 = CC_DESIGN_DATE_AND_TIME_ASSIGNMENT ( #6646, #1086, ( #8956 ) ) ;
#814 = EDGE_LOOP ( 'NONE', ( #6812, #7161, #9717, #7730 ) ) ;
#815 = DIRECTION ( 'NONE',  ( -1.000000000000000000, -0.0000000000000000000, -0.0000000000000000000 ) ) ;
#816 = VECTOR ( 'NONE', #9470, 1000.000000000000000 ) ;
#817 = VECTOR ( 'NONE', #11268, 1000.000000000000000 ) ;
#818 = FACE_OUTER_BOUND ( 'NONE', #11728, .T. ) ;
#819 = PLANE ( 'NONE',  #3305 ) ;
#820 = DIRECTION ( 'NONE',  ( -7.041459845271211500E-013, -1.000000000000000000, 0.0000000000000000000 ) ) ;
#821 = VERTEX_POINT ( 'NONE', #1457 ) ;
#822 = DIRECTION ( 'NONE',  ( 0.0000000000000000000, 0.0000000000000000000, 1.000000000000000000 ) ) ;
#823 = CARTESIAN_POINT ( 'NONE',  ( 51.79999999999418500, 6.577983149782563800, 250.0000000000000000 ) ) ;
#824 = EDGE_CURVE ( 'NONE', #1168, #10723, #8094, .T. ) ;
#825 = EDGE_CURVE ( 'NONE', #6970, #2464, #4816, .T. ) ;
#826 = DIRECTION ( 'NONE',  ( 0.7071067811865477900, 0.7071067811865473500, -0.0000000000000000000 ) ) ;
#827 = EDGE_LOOP ( 'NONE', ( #3073, #8309, #8655, #5140 ) ) ;
#828 = ORIENTED_EDGE ( 'NONE', *, *, #9425, .F. ) ;
#829 = LINE ( 'NONE', #916, #8488 ) ;
#830 = DIRECTION ( 'NONE',  ( -1.000000000000000000, 0.0000000000000000000, 0.0000000000000000000 ) ) ;
#831 = VECTOR ( 'NONE', #10895, 1000.000000000000000 ) ;
#832 = ADVANCED_FACE ( 'NONE', ( #3391 ), #11420, .F. ) ;
#833 = AXIS2_PLACEMENT_3D ( 'NONE', #9098, #6064, #7006 ) ;
#834 = PLANE ( 'NONE',  #9566 ) ;
#835 = ORIENTED_EDGE ( 'NONE', *, *, #5663, .F. ) ;
#836 = ORIENTED_EDGE ( 'NONE', *, *, #8933, .F. ) ;
#837 = EDGE_LOOP ( 'NONE', ( #9125, #6720, #5579, #2185 ) ) ;
#838 = CARTESIAN_POINT ( 'NONE',  ( 68.30999999998699900, 2.882517024158107500, 250.0000000000000000 ) ) ;
#839 = CARTESIAN_POINT ( 'NONE',  ( 32.68073025445627200, -13.75036512018161100, 250.0000000000000000 ) ) ;
#840 = VECTOR ( 'NONE', #1685, 1000.000000000000000 ) ;
#841 = EDGE_CURVE ( 'NONE', #1239, #2021, #7964, .T. ) ;
#842 = EDGE_CURVE ( 'NONE', #1875, #9440, #991, .T. ) ;
#843 = CARTESIAN_POINT ( 'NONE',  ( 69.99999999998702500, 8.505591811452930500, 250.0000000000000000 ) ) ;
#844 = CARTESIAN_POINT ( 'NONE',  ( 16.10963486571934300, -22.83073024036426800, 250.0000000000000000 ) ) ;
#845 = CARTESIAN_POINT ( 'NONE',  ( 63.89999999997976200, 0.09834826997499368500, 0.0000000000000000000 ) ) ;
#846 = EDGE_LOOP ( 'NONE', ( #3868, #10541, #7626, #345 ) ) ;
#847 = LINE ( 'NONE', #9929, #1538 ) ;
#848 = FACE_BOUND ( 'NONE', #5057, .T. ) ;
#849 = DIRECTION ( 'NONE',  ( 1.000000000000000000, 0.0000000000000000000, 0.0000000000000000000 ) ) ;
#850 = DIRECTION ( 'NONE',  ( 1.000000000000000000, -0.0000000000000000000, -0.0000000000000000000 ) ) ;
#851 = EDGE_CURVE ( 'NONE', #11701, #3020, #5393, .T. ) ;
#852 = CARTESIAN_POINT ( 'NONE',  ( 68.19999999999419100, -7.297745508358056900, 250.0000000000000000 ) ) ;
#853 = ADVANCED_FACE ( 'NONE', ( #11672 ), #10676, .F. ) ;
#854 = VECTOR ( 'NONE', #6885, 1000.000000000000000 ) ;
#855 = DIRECTION ( 'NONE',  ( 0.7071067811865477900, -0.7071067811865473500, 0.0000000000000000000 ) ) ;
#856 = LINE ( 'NONE', #1778, #7821 ) ;
#857 = AXIS2_PLACEMENT_3D ( 'NONE', #1533, #699, #735 ) ;
#858 = CARTESIAN_POINT ( 'NONE',  ( 35.66893810541392200, -29.75605054513136600, 0.0000000000000000000 ) ) ;
#859 = CARTESIAN_POINT ( 'NONE',  ( 63.79915740474619000, 0.009634879817567443300, 250.0000000000000000 ) ) ;
#860 = CIRCLE ( 'NONE', #5899, 2.099999999999997900 ) ;
#861 = VECTOR ( 'NONE', #2675, 1000.000000000000000 ) ;
#862 = EDGE_CURVE ( 'NONE', #2281, #7553, #5242, .T. ) ;
#863 = DIRECTION ( 'NONE',  ( 0.7071067811865351400, 0.7071067811865599000, 0.0000000000000000000 ) ) ;
#864 = LINE ( 'NONE', #8274, #10666 ) ;
#865 = VECTOR ( 'NONE', #11630, 1000.000000000000000 ) ;
#866 = DIRECTION ( 'NONE',  ( 0.7062202859695078100, 0.7079921664009755100, 0.0000000000000000000 ) ) ;
#867 = EDGE_CURVE ( 'NONE', #5566, #6011, #11386, .T. ) ;
#868 = CARTESIAN_POINT ( 'NONE',  ( -8.310000000000002300, -17.11498865055904900, 250.0000000000000000 ) ) ;
#869 = EDGE_CURVE ( 'NONE', #10581, #11645, #6501, .T. ) ;
#870 = VERTEX_POINT ( 'NONE', #11681 ) ;
#871 = DIRECTION ( 'NONE',  ( 1.000000000000000000, 0.0000000000000000000, 0.0000000000000000000 ) ) ;
#872 = ORIENTED_EDGE ( 'NONE', *, *, #10489, .F. ) ;
#873 = CIRCLE ( 'NONE', #11124, 1.504043068364636900 ) ;
#874 = CARTESIAN_POINT ( 'NONE',  ( 42.82952246339918600, -23.89285944546705000, 0.0000000000000000000 ) ) ;
#875 = FACE_OUTER_BOUND ( 'NONE', #4615, .T. ) ;
#876 = VECTOR ( 'NONE', #9925, 1000.000000000000000 ) ;
#877 = ADVANCED_FACE ( 'NONE', ( #9219 ), #11769, .F. ) ;
#878 = CARTESIAN_POINT ( 'NONE',  ( -6.569999999999968300, -28.19036512018242000, 250.0000000000000000 ) ) ;
#879 = DIRECTION ( 'NONE',  ( -0.0000000000000000000, -0.0000000000000000000, -1.000000000000000000 ) ) ;
#880 = ORIENTED_EDGE ( 'NONE', *, *, #9364, .T. ) ;
#881 = ORIENTED_EDGE ( 'NONE', *, *, #9408, .T. ) ;
#882 = ORIENTED_EDGE ( 'NONE', *, *, #10240, .T. ) ;
#883 = PLANE ( 'NONE',  #1543 ) ;
#884 = FACE_OUTER_BOUND ( 'NONE', #5991, .T. ) ;
#885 = EDGE_CURVE ( 'NONE', #9746, #3408, #7657, .T. ) ;
#886 = EDGE_CURVE ( 'NONE', #9861, #10341, #2795, .T. ) ;
#887 = ORIENTED_EDGE ( 'NONE', *, *, #8104, .T. ) ;
#888 = VECTOR ( 'NONE', #7344, 1000.000000000000000 ) ;
#889 = CARTESIAN_POINT ( 'NONE',  ( 15.09697033196240100, -10.79034973122128200, 250.0000000000000000 ) ) ;
#890 = VECTOR ( 'NONE', #7534, 1000.000000000000000 ) ;
#891 = DIRECTION ( 'NONE',  ( 1.000000000000000000, 0.0000000000000000000, -0.0000000000000000000 ) ) ;
#892 = CARTESIAN_POINT ( 'NONE',  ( 67.66000000000136100, 6.577983149782563800, 250.0000000000000000 ) ) ;
#893 = ADVANCED_FACE ( 'NONE', ( #4381 ), #4618, .F. ) ;
#894 = DIRECTION ( 'NONE',  ( 0.7071067811865254800, 0.7071067811865694400, 0.0000000000000000000 ) ) ;
#895 = CARTESIAN_POINT ( 'NONE',  ( 42.82952246339918600, -23.89285944546705000, 250.0000000000000000 ) ) ;
#896 = ORIENTED_EDGE ( 'NONE', *, *, #9936, .F. ) ;
#897 = ORIENTED_EDGE ( 'NONE', *, *, #10448, .T. ) ;
#898 = VERTEX_POINT ( 'NONE', #3811 ) ;
#899 = LINE ( 'NONE', #3826, #5561 ) ;
#900 = FACE_OUTER_BOUND ( 'NONE', #9210, .T. ) ;
#901 = CARTESIAN_POINT ( 'NONE',  ( 17.10999999999999200, -28.19036512018223600, 250.0000000000000000 ) ) ;
#902 = EDGE_CURVE ( 'NONE', #6561, #7806, #7075, .T. ) ;
#903 = EDGE_CURVE ( 'NONE', #343, #10864, #5523, .T. ) ;
#904 = ORIENTED_EDGE ( 'NONE', *, *, #8432, .F. ) ;
#905 = VERTEX_POINT ( 'NONE', #256 ) ;
#906 = VERTEX_POINT ( 'NONE', #3732 ) ;
#907 = ORIENTED_EDGE ( 'NONE', *, *, #1266, .T. ) ;
#908 = VERTEX_POINT ( 'NONE', #8368 ) ;
#909 = AXIS2_PLACEMENT_3D ( 'NONE', #9604, #7820, #2346 ) ;
#910 = DIRECTION ( 'NONE',  ( -0.0000000000000000000, -0.0000000000000000000, -1.000000000000000000 ) ) ;
#911 = DIRECTION ( 'NONE',  ( 0.0000000000000000000, 1.000000000000000000, 0.0000000000000000000 ) ) ;
#912 = CARTESIAN_POINT ( 'NONE',  ( 68.19999999999419100, -12.68988765921544000, 250.0000000000000000 ) ) ;
#913 = CARTESIAN_POINT ( 'NONE',  ( 68.19999999999419100, 6.577983149782563800, 250.0000000000000000 ) ) ;
#914 = VECTOR ( 'NONE', #11548, 1000.000000000000200 ) ;
#915 = VECTOR ( 'NONE', #5805, 1000.000000000000000 ) ;
#916 = CARTESIAN_POINT ( 'NONE',  ( 60.08871339015073700, -23.89285944546705000, 250.0000000000000000 ) ) ;
#917 = VERTEX_POINT ( 'NONE', #8447 ) ;
#918 = ORIENTED_EDGE ( 'NONE', *, *, #8652, .T. ) ;
#919 = ORIENTED_EDGE ( 'NONE', *, *, #7073, .T. ) ;
#920 = VERTEX_POINT ( 'NONE', #5058 ) ;
#921 = ORIENTED_EDGE ( 'NONE', *, *, #5860, .F. ) ;
#922 = ORIENTED_EDGE ( 'NONE', *, *, #7170, .T. ) ;
#923 = CARTESIAN_POINT ( 'NONE',  ( 36.09036513427462000, -22.82073024036478900, 0.0000000000000000000 ) ) ;
#924 = AXIS2_PLACEMENT_3D ( 'NONE', #5143, #5258, #11527 ) ;
#925 = VECTOR ( 'NONE', #1172, 1000.000000000000000 ) ;
#926 = LINE ( 'NONE', #3262, #10295 ) ;
#927 = PLANE ( 'NONE',  #9414 ) ;
#928 = ORIENTED_EDGE ( 'NONE', *, *, #11384, .F. ) ;
#929 = ORIENTED_EDGE ( 'NONE', *, *, #5293, .F. ) ;
#930 = ORIENTED_EDGE ( 'NONE', *, *, #9496, .F. ) ;
#931 = ORIENTED_EDGE ( 'NONE', *, *, #3033, .F. ) ;
#932 = ORIENTED_EDGE ( 'NONE', *, *, #1785, .F. ) ;
#933 = DIRECTION ( 'NONE',  ( 0.0000000000000000000, -0.0000000000000000000, 1.000000000000000000 ) ) ;
#934 = DIRECTION ( 'NONE',  ( 1.000000000000000000, -0.0000000000000000000, -0.0000000000000000000 ) ) ;
#935 = LINE ( 'NONE', #1447, #7904 ) ;
#936 = FACE_OUTER_BOUND ( 'NONE', #7920, .T. ) ;
#937 = CARTESIAN_POINT ( 'NONE',  ( 50.23431457504495500, -4.338544870422320600, 250.0000000000000000 ) ) ;
#938 = ORIENTED_EDGE ( 'NONE', *, *, #3074, .F. ) ;
#939 = ORIENTED_EDGE ( 'NONE', *, *, #8365, .T. ) ;
#940 = ORIENTED_EDGE ( 'NONE', *, *, #11617, .T. ) ;
#941 = ORIENTED_EDGE ( 'NONE', *, *, #10631, .T. ) ;
#942 = VECTOR ( 'NONE', #6312, 1000.000000000000000 ) ;
#943 = LINE ( 'NONE', #7541, #10611 ) ;
#944 = LINE ( 'NONE', #11150, #81 ) ;
#945 = CARTESIAN_POINT ( 'NONE',  ( -7.660000000007165100, 6.577983149782563800, 250.0000000000000000 ) ) ;
#946 = PLANE ( 'NONE',  #9311 ) ;
#947 = DIRECTION ( 'NONE',  ( -0.0000000000000000000, -0.0000000000000000000, -1.000000000000000000 ) ) ;
#948 = EDGE_CURVE ( 'NONE', #1114, #670, #9375, .T. ) ;
#949 = CARTESIAN_POINT ( 'NONE',  ( 51.79999999999417800, -10.72952252493693900, 0.0000000000000000000 ) ) ;
#950 = DIRECTION ( 'NONE',  ( 1.000000000000000000, -0.0000000000000000000, -0.0000000000000000000 ) ) ;
#951 = CARTESIAN_POINT ( 'NONE',  ( 64.89991694908100300, 10.00963487981757000, 250.0000000000000000 ) ) ;
#952 = EDGE_LOOP ( 'NONE', ( #6902, #7562, #169, #2015 ) ) ;
#953 = ADVANCED_FACE ( 'NONE', ( #11664 ), #8609, .F. ) ;
#954 = DIRECTION ( 'NONE',  ( -0.0000000000000000000, 1.000000000000000000, -0.0000000000000000000 ) ) ;
#955 = ORIENTED_EDGE ( 'NONE', *, *, #1505, .T. ) ;
#956 = VECTOR ( 'NONE', #8246, 1000.000000000000000 ) ;
#957 = EDGE_CURVE ( 'NONE', #9121, #6447, #407, .T. ) ;
#958 = DIRECTION ( 'NONE',  ( 0.7071067811865470200, 0.7071067811865479100, -0.0000000000000000000 ) ) ;
#959 = LINE ( 'NONE', #7102, #5494 ) ;
#960 = FACE_OUTER_BOUND ( 'NONE', #2419, .T. ) ;
#961 = DIRECTION ( 'NONE',  ( 1.000000000000000000, -0.0000000000000000000, -0.0000000000000000000 ) ) ;
#962 = ORIENTED_EDGE ( 'NONE', *, *, #3575, .T. ) ;
#963 = AXIS2_PLACEMENT_3D ( 'NONE', #6788, #9552, #9597 ) ;
#964 = DIRECTION ( 'NONE',  ( -1.000000000000000000, 0.0000000000000000000, 0.0000000000000000000 ) ) ;
#965 = EDGE_LOOP ( 'NONE', ( #962, #10413, #6749, #10304 ) ) ;
#966 = VERTEX_POINT ( 'NONE', #3183 ) ;
#967 = ORIENTED_EDGE ( 'NONE', *, *, #2219, .T. ) ;
#968 = CARTESIAN_POINT ( 'NONE',  ( 44.91137084989254200, -29.99036512018217600, 0.0000000000000000000 ) ) ;
#969 = FACE_OUTER_BOUND ( 'NONE', #11309, .T. ) ;
#970 = CARTESIAN_POINT ( 'NONE',  ( 4.911370849898455400, -29.19036512018225000, 0.0000000000000000000 ) ) ;
#971 = CYLINDRICAL_SURFACE ( 'NONE', #6723, 2.099999999999997900 ) ;
#972 = DIRECTION ( 'NONE',  ( -0.0000000000000000000, -0.0000000000000000000, -1.000000000000000000 ) ) ;
#973 = EDGE_LOOP ( 'NONE', ( #11790, #10467, #9008, #7561 ) ) ;
#974 = EDGE_CURVE ( 'NONE', #318, #7441, #1946, .T. ) ;
#975 = EDGE_CURVE ( 'NONE', #8460, #4720, #11081, .T. ) ;
#976 = CARTESIAN_POINT ( 'NONE',  ( 0.0000000000000000000, 0.009634879817567443300, 0.0000000000000000000 ) ) ;
#977 = ORIENTED_EDGE ( 'NONE', *, *, #517, .T. ) ;
#978 = FACE_OUTER_BOUND ( 'NONE', #5034, .T. ) ;
#979 = AXIS2_PLACEMENT_3D ( 'NONE', #3995, #11316, #10407 ) ;
#980 = LINE ( 'NONE', #7306, #10495 ) ;
#981 = CARTESIAN_POINT ( 'NONE',  ( -9.999999999992832400, 4.899745738432866200, 250.0000000000000000 ) ) ;
#982 = DIRECTION ( 'NONE',  ( 0.7295601560337651200, -0.6839166460380887700, 0.0000000000000000000 ) ) ;
#983 = ORIENTED_EDGE ( 'NONE', *, *, #3368, .F. ) ;
#984 = FACE_OUTER_BOUND ( 'NONE', #7135, .T. ) ;
#985 = CARTESIAN_POINT ( 'NONE',  ( 53.42999999998703200, 7.667983149782571700, 250.0000000000000000 ) ) ;
#986 = CARTESIAN_POINT ( 'NONE',  ( -3.900000000000004800, -20.09619636599925100, 0.0000000000000000000 ) ) ;
#987 = VECTOR ( 'NONE', #7386, 1000.000000000000000 ) ;
#988 = CARTESIAN_POINT ( 'NONE',  ( 53.42999999998703200, 8.207983149782574400, 250.0000000000000000 ) ) ;
#989 = LINE ( 'NONE', #4480, #5396 ) ;
#990 = CARTESIAN_POINT ( 'NONE',  ( 62.87537646962544400, -28.19036512018228900, 250.0000000000000000 ) ) ;
#991 = LINE ( 'NONE', #672, #10506 ) ;
#992 = CARTESIAN_POINT ( 'NONE',  ( -3.899999999985570100, -2.841651730025073900, 250.0000000000000000 ) ) ;
#993 = LINE ( 'NONE', #1900, #9812 ) ;
#994 = EDGE_CURVE ( 'NONE', #2360, #10319, #9801, .T. ) ;
#995 = VECTOR ( 'NONE', #894, 1000.000000000000100 ) ;
#996 = DIRECTION ( 'NONE',  ( -0.0000000000000000000, -0.0000000000000000000, -1.000000000000000000 ) ) ;
#997 = CARTESIAN_POINT ( 'NONE',  ( 68.19999999999419100, -28.19036512018242000, 250.0000000000000000 ) ) ;
#998 = CARTESIAN_POINT ( 'NONE',  ( -5.488713390157446500, -28.19036512018228900, 0.0000000000000000000 ) ) ;
#999 = ORIENTED_EDGE ( 'NONE', *, *, #10374, .F. ) ;
#1000 = ORIENTED_EDGE ( 'NONE', *, *, #7901, .F. ) ;
#1001 = VERTEX_POINT ( 'NONE', #1405 ) ;
#1002 = ADVANCED_FACE ( 'NONE', ( #10944 ), #9545, .T. ) ;
#1003 = DIRECTION ( 'NONE',  ( -0.0000000000000000000, -0.0000000000000000000, -1.000000000000000000 ) ) ;
#1004 = VECTOR ( 'NONE', #950, 1000.000000000000000 ) ;
#1005 = AXIS2_PLACEMENT_3D ( 'NONE', #6750, #6698, #409 ) ;
#1006 = PLANE ( 'NONE',  #9444 ) ;
#1007 = FACE_OUTER_BOUND ( 'NONE', #10580, .T. ) ;
#1008 = DIRECTION ( 'NONE',  ( -0.7071067811865472400, -0.7071067811865479100, 0.0000000000000000000 ) ) ;
#1009 = EDGE_CURVE ( 'NONE', #2021, #10710, #6089, .T. ) ;
#1010 = CARTESIAN_POINT ( 'NONE',  ( 69.76568542494342800, -4.338544870422318800, 250.0000000000000000 ) ) ;
#1011 = ORIENTED_EDGE ( 'NONE', *, *, #7165, .T. ) ;
#1012 = ORIENTED_EDGE ( 'NONE', *, *, #2277, .T. ) ;
#1013 = VERTEX_POINT ( 'NONE', #9472 ) ;
#1014 = DIRECTION ( 'NONE',  ( 0.01665110428261081300, 0.9998613607526644100, 0.0000000000000000000 ) ) ;
#1015 = LINE ( 'NONE', #8552, #7702 ) ;
#1016 = FACE_OUTER_BOUND ( 'NONE', #7922, .T. ) ;
#1017 = DIRECTION ( 'NONE',  ( -1.000000000000000000, 3.179095945533921600E-016, -0.0000000000000000000 ) ) ;
#1018 = EDGE_CURVE ( 'NONE', #316, #10109, #7955, .T. ) ;
#1019 = DIRECTION ( 'NONE',  ( -1.000000000000000000, 1.057758217049727200E-015, 0.0000000000000000000 ) ) ;
#1020 = CARTESIAN_POINT ( 'NONE',  ( 4.899916949086820000, 10.00963487981757000, 0.0000000000000000000 ) ) ;
#1021 = VECTOR ( 'NONE', #2071, 1000.000000000000000 ) ;
#1022 = EDGE_CURVE ( 'NONE', #3540, #6334, #6780, .T. ) ;
#1023 = DIRECTION ( 'NONE',  ( 0.0000000000000000000, 0.0000000000000000000, 1.000000000000000000 ) ) ;
#1024 = DIRECTION ( 'NONE',  ( 0.0000000000000000000, -1.000000000000000000, 0.0000000000000000000 ) ) ;
#1025 = AXIS2_PLACEMENT_3D ( 'NONE', #2047, #4439, #11751 ) ;
#1026 = CARTESIAN_POINT ( 'NONE',  ( -8.309999999992822200, 2.882517024158107500, 250.0000000000000000 ) ) ;
#1027 = VERTEX_POINT ( 'NONE', #4007 ) ;
#1028 = ORIENTED_EDGE ( 'NONE', *, *, #7300, .F. ) ;
#1029 = VERTEX_POINT ( 'NONE', #6819 ) ;
#1030 = DIRECTION ( 'NONE',  ( -0.7071067811865474600, -0.7071067811865475700, 0.0000000000000000000 ) ) ;
#1031 = LINE ( 'NONE', #3937, #1308 ) ;
#1032 = CARTESIAN_POINT ( 'NONE',  ( 5.503336920534022300, -26.55128087389479300, 250.0000000000000000 ) ) ;
#1033 = LINE ( 'NONE', #9114, #1310 ) ;
#1034 = VECTOR ( 'NONE', #6178, 1000.000000000000000 ) ;
#1035 = DIRECTION ( 'NONE',  ( 1.000000000000000000, 1.057758217049744000E-015, 0.0000000000000000000 ) ) ;
#1036 = DIRECTION ( 'NONE',  ( 0.0000000000000000000, -1.000000000000000000, 0.0000000000000000000 ) ) ;
#1037 = DIRECTION ( 'NONE',  ( -0.0000000000000000000, -0.0000000000000000000, -1.000000000000000000 ) ) ;
#1038 = EDGE_CURVE ( 'NONE', #7463, #6564, #6933, .T. ) ;
#1039 = EDGE_CURVE ( 'NONE', #6286, #7783, #2380, .T. ) ;
#1040 = ORIENTED_EDGE ( 'NONE', *, *, #9652, .T. ) ;
#1041 = ORIENTED_EDGE ( 'NONE', *, *, #3213, .F. ) ;
#1042 = ORIENTED_EDGE ( 'NONE', *, *, #10817, .F. ) ;
#1044 = VERTEX_POINT ( 'NONE', #6752 ) ;
#1043 = CARTESIAN_POINT ( 'NONE',  ( -3.899999999985570600, -0.1033369205210043500, 250.0000000000000000 ) ) ;
#1045 = DIRECTION ( 'NONE',  ( -0.7072143353591016100, 0.7069992106520233100, 0.0000000000000000000 ) ) ;
#1046 = AXIS2_PLACEMENT_3D ( 'NONE', #11058, #4800, #192 ) ;
#1047 = CARTESIAN_POINT ( 'NONE',  ( 60.10667384106814400, 3.907140554540114300, 0.0000000000000000000 ) ) ;
#1048 = LINE ( 'NONE', #9248, #6839 ) ;
#1049 = FACE_OUTER_BOUND ( 'NONE', #2573, .T. ) ;
#1050 = CARTESIAN_POINT ( 'NONE',  ( 20.11084238353197400, -23.89285944546705000, 250.0000000000000000 ) ) ;
#1051 = CARTESIAN_POINT ( 'NONE',  ( 42.82952246339918600, -23.89285944546705000, 250.0000000000000000 ) ) ;
#1052 = ORIENTED_EDGE ( 'NONE', *, *, #3453, .F. ) ;
#1053 = DIRECTION ( 'NONE',  ( 0.0000000000000000000, 0.0000000000000000000, 1.000000000000000000 ) ) ;
#1054 = ORIENTED_EDGE ( 'NONE', *, *, #196, .T. ) ;
#1055 = ORIENTED_EDGE ( 'NONE', *, *, #4112, .T. ) ;
#1056 = ORIENTED_EDGE ( 'NONE', *, *, #2156, .F. ) ;
#1057 = CARTESIAN_POINT ( 'NONE',  ( -6.559999999985583600, 5.495853944692208300, 250.0000000000000000 ) ) ;
#1058 = ORIENTED_EDGE ( 'NONE', *, *, #6060, .F. ) ;
#1059 = ORIENTED_EDGE ( 'NONE', *, *, #7816, .F. ) ;
#1060 = VERTEX_POINT ( 'NONE', #7679 ) ;
#1061 = EDGE_CURVE ( 'NONE', #4584, #1371, #3652, .T. ) ;
#1062 = EDGE_CURVE ( 'NONE', #7899, #3492, #11528, .T. ) ;
#1063 = VECTOR ( 'NONE', #6152, 1000.000000000000000 ) ;
#1064 = VECTOR ( 'NONE', #1986, 1000.000000000000000 ) ;
#1065 = ORIENTED_EDGE ( 'NONE', *, *, #11807, .T. ) ;
#1066 = AXIS2_PLACEMENT_3D ( 'NONE', #4696, #11088, #10046 ) ;
#1067 = CARTESIAN_POINT ( 'NONE',  ( 8.200000000014338000, -7.297745508358056900, 0.0000000000000000000 ) ) ;
#1068 = CARTESIAN_POINT ( 'NONE',  ( 68.30999999998699900, 2.882517024158107500, 250.0000000000000000 ) ) ;
#1069 = CARTESIAN_POINT ( 'NONE',  ( 22.84824144739257800, -16.08952446469493200, 0.0000000000000000000 ) ) ;
#1070 = ORIENTED_EDGE ( 'NONE', *, *, #10253, .T. ) ;
#1071 = VERTEX_POINT ( 'NONE', #541 ) ;
#1072 = ORIENTED_EDGE ( 'NONE', *, *, #266, .F. ) ;
#1073 = ORIENTED_EDGE ( 'NONE', *, *, #7232, .T. ) ;
#1074 = DIRECTION ( 'NONE',  ( -0.7071067811865474600, -0.7071067811865474600, -0.0000000000000000000 ) ) ;
#1075 = DIRECTION ( 'NONE',  ( -0.0000000000000000000, -0.0000000000000000000, -1.000000000000000000 ) ) ;
#1076 = VERTEX_POINT ( 'NONE', #8686 ) ;
#1077 = DIRECTION ( 'NONE',  ( -0.7071067811865480200, -0.7071067811865470200, 0.0000000000000000000 ) ) ;
#1078 = ADVANCED_FACE ( 'NONE', ( #9092 ), #9436, .F. ) ;
#1079 = FACE_OUTER_BOUND ( 'NONE', #1753, .T. ) ;
#1080 = VECTOR ( 'NONE', #9275, 1000.000000000000000 ) ;
#1081 = CARTESIAN_POINT ( 'NONE',  ( -7.660000000007165100, 6.577983149782563800, 0.0000000000000000000 ) ) ;
#1082 = CARTESIAN_POINT ( 'NONE',  ( 63.89999999999420100, -20.09619636599925100, 250.0000000000000000 ) ) ;
#1083 = ORIENTED_EDGE ( 'NONE', *, *, #1279, .F. ) ;
#1084 = ORIENTED_EDGE ( 'NONE', *, *, #10170, .T. ) ;
#1085 = ORIENTED_EDGE ( 'NONE', *, *, #265, .T. ) ;
#1086 = DATE_TIME_ROLE ( 'creation_date' ) ;
#1087 = PLANE ( 'NONE',  #6111 ) ;
#1088 = CARTESIAN_POINT ( 'NONE',  ( 12.69999998590111900, -11.79869069127881800, 0.0000000000000000000 ) ) ;
#1089 = VERTEX_POINT ( 'NONE', #4125 ) ;
#1090 = ORIENTED_EDGE ( 'NONE', *, *, #1469, .F. ) ;
#1091 = CARTESIAN_POINT ( 'NONE',  ( 25.50201657697738600, -11.79036512018251400, 250.0000000000000000 ) ) ;
#1092 = VECTOR ( 'NONE', #10582, 1000.000000000000000 ) ;
#1093 = FACE_OUTER_BOUND ( 'NONE', #973, .T. ) ;
#1094 = VECTOR ( 'NONE', #2117, 1000.000000000000000 ) ;
#1095 = CARTESIAN_POINT ( 'NONE',  ( 49.99999999998702500, -9.990365120182433500, 0.0000000000000000000 ) ) ;
#1096 = CARTESIAN_POINT ( 'NONE',  ( 52.69036512016204200, -26.24310889209111900, 250.0000000000000000 ) ) ;
#1097 = CARTESIAN_POINT ( 'NONE',  ( 2.829078524453536600, -23.89285944546705000, 0.0000000000000000000 ) ) ;
#1098 = EDGE_CURVE ( 'NONE', #6565, #8320, #4245, .T. ) ;
#1099 = ORIENTED_EDGE ( 'NONE', *, *, #3632, .T. ) ;
#1100 = DIRECTION ( 'NONE',  ( -1.000000000000000000, 0.0000000000000000000, 0.0000000000000000000 ) ) ;
#1101 = DIRECTION ( 'NONE',  ( -0.0000000000000000000, -0.0000000000000000000, -1.000000000000000000 ) ) ;
#1102 = ORIENTED_EDGE ( 'NONE', *, *, #6330, .F. ) ;
#1103 = FACE_OUTER_BOUND ( 'NONE', #6708, .T. ) ;
#1104 = CARTESIAN_POINT ( 'NONE',  ( 50.79999999999419900, -4.904230295371559300, 250.0000000000000000 ) ) ;
#1105 = LINE ( 'NONE', #9189, #3770 ) ;
#1106 = VECTOR ( 'NONE', #2902, 1000.000000000000000 ) ;
#1107 = DIRECTION ( 'NONE',  ( 1.057758217049728800E-015, 1.000000000000000000, -0.0000000000000000000 ) ) ;
#1108 = EDGE_CURVE ( 'NONE', #1299, #9690, #11242, .T. ) ;
#1109 = PLANE ( 'NONE',  #3521 ) ;
#1110 = EDGE_CURVE ( 'NONE', #10875, #10771, #7371, .T. ) ;
#1111 = ADVANCED_FACE ( 'NONE', ( #6369 ), #4181, .T. ) ;
#1112 = ORIENTED_EDGE ( 'NONE', *, *, #9653, .F. ) ;
#1113 = AXIS2_PLACEMENT_3D ( 'NONE', #8187, #2870, #4523 ) ;
#1114 = VERTEX_POINT ( 'NONE', #8854 ) ;
#1115 = VERTEX_POINT ( 'NONE', #10584 ) ;
#1116 = CIRCLE ( 'NONE', #10194, 0.7900000000000042500 ) ;
#1117 = CARTESIAN_POINT ( 'NONE',  ( 66.56999999999416700, -28.19036512018242000, 250.0000000000000000 ) ) ;
#1118 = CARTESIAN_POINT ( 'NONE',  ( 37.11132034355090800, -11.79036512018251400, 250.0000000000000000 ) ) ;
#1119 = VECTOR ( 'NONE', #6455, 1000.000000000000100 ) ;
#1120 = CARTESIAN_POINT ( 'NONE',  ( 67.66000000000136100, 6.577983149782563800, 0.0000000000000000000 ) ) ;
#1121 = EDGE_CURVE ( 'NONE', #11587, #10446, #3943, .T. ) ;
#1122 = EDGE_CURVE ( 'NONE', #8269, #5272, #10655, .T. ) ;
#1123 = ORIENTED_EDGE ( 'NONE', *, *, #116, .T. ) ;
#1124 = ORIENTED_EDGE ( 'NONE', *, *, #6106, .T. ) ;
#1125 = DIRECTION ( 'NONE',  ( -0.0000000000000000000, -1.000000000000000000, -0.0000000000000000000 ) ) ;
#1126 = VECTOR ( 'NONE', #727, 1000.000000000000000 ) ;
#1127 = CARTESIAN_POINT ( 'NONE',  ( 34.51128660983683000, -28.19036512018228900, 250.0000000000000000 ) ) ;
#1128 = DIRECTION ( 'NONE',  ( -7.032947442170062000E-013, 1.000000000000000000, 0.0000000000000000000 ) ) ;
#1129 = CARTESIAN_POINT ( 'NONE',  ( 9.768614357137373400, 4.341131381295492800, 250.0000000000000000 ) ) ;
#1130 = DIRECTION ( 'NONE',  ( 0.7079921664009754000, 0.7062202859695079200, -0.0000000000000000000 ) ) ;
#1131 = CARTESIAN_POINT ( 'NONE',  ( 60.10667384106814400, 3.907140554540114300, 0.0000000000000000000 ) ) ;
#1132 = ORIENTED_EDGE ( 'NONE', *, *, #10033, .T. ) ;
#1133 = VECTOR ( 'NONE', #67, 1000.000000000000000 ) ;
#1134 = FACE_BOUND ( 'NONE', #1740, .T. ) ;
#1135 = ADVANCED_FACE ( 'NONE', ( #700 ), #9673, .F. ) ;
#1136 = CARTESIAN_POINT ( 'NONE',  ( 17.10999999999999200, -28.19036512018223600, 250.0000000000000000 ) ) ;
#1137 = EDGE_CURVE ( 'NONE', #3161, #10292, #5807, .T. ) ;
#1138 = EDGE_CURVE ( 'NONE', #3699, #7465, #3382, .T. ) ;
#1139 = CARTESIAN_POINT ( 'NONE',  ( 5.496025155352902500, 6.565966396540218000, 250.0000000000000000 ) ) ;
#1140 = CARTESIAN_POINT ( 'NONE',  ( 17.10999999999999200, -28.19036512018223600, 250.0000000000000000 ) ) ;
#1141 = DIRECTION ( 'NONE',  ( -0.0000000000000000000, -0.0000000000000000000, -1.000000000000000000 ) ) ;
#1142 = AXIS2_PLACEMENT_3D ( 'NONE', #8516, #439, #7760 ) ;
#1143 = VERTEX_POINT ( 'NONE', #2375 ) ;
#1144 = VECTOR ( 'NONE', #8528, 1000.000000000000000 ) ;
#1145 = VECTOR ( 'NONE', #10214, 1000.000000000000000 ) ;
#1146 = CARTESIAN_POINT ( 'NONE',  ( 66.55999999997978000, 5.495853944692208300, 250.0000000000000000 ) ) ;
#1147 = CARTESIAN_POINT ( 'NONE',  ( -4.341302591949443000, 9.778249236954939900, 250.0000000000000000 ) ) ;
#1148 = CARTESIAN_POINT ( 'NONE',  ( 5.496025155352902500, 6.565966396540218000, 0.0000000000000000000 ) ) ;
#1149 = ORIENTED_EDGE ( 'NONE', *, *, #7332, .T. ) ;
#1150 = FACE_OUTER_BOUND ( 'NONE', #10551, .T. ) ;
#1151 = DIRECTION ( 'NONE',  ( 1.000000000000000000, 0.0000000000000000000, 0.0000000000000000000 ) ) ;
#1152 = FACE_OUTER_BOUND ( 'NONE', #10923, .T. ) ;
#1153 = LINE ( 'NONE', #3342, #9239 ) ;
#1154 = APPLICATION_PROTOCOL_DEFINITION ( 'international standard', 'config_control_design', 1994, #11094 ) ;
#1155 = CARTESIAN_POINT ( 'NONE',  ( -8.200000000000001100, -25.49370204071641800, 0.0000000000000000000 ) ) ;
#1156 = ORIENTED_EDGE ( 'NONE', *, *, #11315, .F. ) ;
#1157 = CARTESIAN_POINT ( 'NONE',  ( 42.10000000008163600, -19.99036512018248500, 250.0000000000000000 ) ) ;
#1158 = ADVANCED_FACE ( 'NONE', ( #984 ), #11486, .F. ) ;
#1159 = ORIENTED_EDGE ( 'NONE', *, *, #8783, .T. ) ;
#1160 = LINE ( 'NONE', #11363, #1287 ) ;
#1161 = EDGE_CURVE ( 'NONE', #5635, #1479, #10068, .T. ) ;
#1162 = VECTOR ( 'NONE', #1553, 1000.000000000000000 ) ;
#1163 = DIRECTION ( 'NONE',  ( -1.000000000000000000, 0.0000000000000000000, 0.0000000000000000000 ) ) ;
#1164 = CARTESIAN_POINT ( 'NONE',  ( 53.43999999999424200, -5.496196365999260500, 250.0000000000000000 ) ) ;
#1165 = LINE ( 'NONE', #5535, #3837 ) ;
#1166 = DIRECTION ( 'NONE',  ( 5.485612931441777400E-012, 1.000000000000000000, -0.0000000000000000000 ) ) ;
#1167 = ORIENTED_EDGE ( 'NONE', *, *, #4524, .F. ) ;
#1168 = VERTEX_POINT ( 'NONE', #6987 ) ;
#1169 = ORIENTED_EDGE ( 'NONE', *, *, #3386, .T. ) ;
#1170 = LINE ( 'NONE', #6366, #10544 ) ;
#1171 = VECTOR ( 'NONE', #9376, 1000.000000000000000 ) ;
#1172 = DIRECTION ( 'NONE',  ( -0.0000000000000000000, -0.0000000000000000000, -1.000000000000000000 ) ) ;
#1173 = LINE ( 'NONE', #5149, #1851 ) ;
#1174 = EDGE_CURVE ( 'NONE', #6041, #11453, #6080, .T. ) ;
#1175 = PLANE ( 'NONE',  #11095 ) ;
#1176 = ORIENTED_EDGE ( 'NONE', *, *, #9409, .F. ) ;
#1177 = ORIENTED_EDGE ( 'NONE', *, *, #5531, .F. ) ;
#1178 = VERTEX_POINT ( 'NONE', #6116 ) ;
#1179 = CARTESIAN_POINT ( 'NONE',  ( 51.50404306835882600, 10.00963487981756800, 0.0000000000000000000 ) ) ;
#1180 = ORIENTED_EDGE ( 'NONE', *, *, #6631, .T. ) ;
#1181 = EDGE_CURVE ( 'NONE', #11010, #6010, #4519, .T. ) ;
#1182 = AXIS2_PLACEMENT_3D ( 'NONE', #11227, #8583, #10324 ) ;
#1183 = DIRECTION ( 'NONE',  ( -1.000000000000000000, -0.0000000000000000000, -0.0000000000000000000 ) ) ;
#1184 = DIRECTION ( 'NONE',  ( -1.000000000000000000, -2.761305597428296800E-014, 0.0000000000000000000 ) ) ;
#1185 = LINE ( 'NONE', #11137, #9989 ) ;
#1186 = LINE ( 'NONE', #7831, #10402 ) ;
#1187 = ADVANCED_FACE ( 'NONE', ( #6360 ), #8731, .T. ) ;
#1188 = AXIS2_PLACEMENT_3D ( 'NONE', #10347, #373, #3187 ) ;
#1189 = DIRECTION ( 'NONE',  ( 1.000000000000000000, 0.0000000000000000000, 0.0000000000000000000 ) ) ;
#1190 = VERTEX_POINT ( 'NONE', #5096 ) ;
#1191 = EDGE_LOOP ( 'NONE', ( #1737, #7726, #6300, #1914 ) ) ;
#1192 = EDGE_LOOP ( 'NONE', ( #3600, #159 ) ) ;
#1193 = VERTEX_POINT ( 'NONE', #10912 ) ;
#1194 = ORIENTED_EDGE ( 'NONE', *, *, #3581, .T. ) ;
#1195 = CARTESIAN_POINT ( 'NONE',  ( 66.56999999999416700, -27.65036512018244600, 250.0000000000000000 ) ) ;
#1196 = ORIENTED_EDGE ( 'NONE', *, *, #4297, .F. ) ;
#1197 = DIRECTION ( 'NONE',  ( -0.0000000000000000000, -0.0000000000000000000, -1.000000000000000000 ) ) ;
#1198 = VECTOR ( 'NONE', #2491, 1000.000000000000000 ) ;
#1199 = VECTOR ( 'NONE', #4226, 1000.000000000000000 ) ;
#1200 = EDGE_CURVE ( 'NONE', #10713, #1456, #7360, .T. ) ;
#1201 = EDGE_CURVE ( 'NONE', #3501, #3740, #3242, .T. ) ;
#1202 = ORIENTED_EDGE ( 'NONE', *, *, #6583, .T. ) ;
#1203 = EDGE_LOOP ( 'NONE', ( #309, #3047, #8399, #3904 ) ) ;
#1204 = ORIENTED_EDGE ( 'NONE', *, *, #4863, .T. ) ;
#1205 = ORIENTED_EDGE ( 'NONE', *, *, #9784, .F. ) ;
#1206 = ORIENTED_EDGE ( 'NONE', *, *, #8104, .F. ) ;
#1207 = VERTEX_POINT ( 'NONE', #7230 ) ;
#1208 = AXIS2_PLACEMENT_3D ( 'NONE', #9822, #11519, #1896 ) ;
#1209 = VERTEX_POINT ( 'NONE', #9633 ) ;
#1210 = CARTESIAN_POINT ( 'NONE',  ( -7.660000000000000100, -26.56036512018241400, 0.0000000000000000000 ) ) ;
#1211 = DIRECTION ( 'NONE',  ( 1.000000000000000000, 0.0000000000000000000, 0.0000000000000000000 ) ) ;
#1212 = FACE_OUTER_BOUND ( 'NONE', #6709, .T. ) ;
#1213 = LINE ( 'NONE', #10273, #5607 ) ;
#1214 = DIRECTION ( 'NONE',  ( -0.7072143353590414300, -0.7069992106520834900, 0.0000000000000000000 ) ) ;
#1215 = DIRECTION ( 'NONE',  ( 5.484285338767178500E-012, -1.000000000000000000, 0.0000000000000000000 ) ) ;
#1216 = VERTEX_POINT ( 'NONE', #8979 ) ;
#1217 = ORIENTED_EDGE ( 'NONE', *, *, #8233, .T. ) ;
#1219 = VERTEX_POINT ( 'NONE', #3539 ) ;
#1218 = DIRECTION ( 'NONE',  ( -1.000000000000000000, 0.0000000000000000000, 0.0000000000000000000 ) ) ;
#1220 = AXIS2_PLACEMENT_3D ( 'NONE', #7956, #9745, #688 ) ;
#1221 = ORIENTED_EDGE ( 'NONE', *, *, #8432, .T. ) ;
#1222 = ADVANCED_FACE ( 'NONE', ( #2658 ), #9893, .F. ) ;
#1223 = VECTOR ( 'NONE', #10505, 1000.000000000000000 ) ;
#1224 = LINE ( 'NONE', #11686, #10600 ) ;
#1225 = CARTESIAN_POINT ( 'NONE',  ( 8.309999999996406900, 2.882517024154526400, 0.0000000000000000000 ) ) ;
#1226 = DIRECTION ( 'NONE',  ( -1.000000000000000000, 0.0000000000000000000, 0.0000000000000000000 ) ) ;
#1227 = DIRECTION ( 'NONE',  ( -0.0000000000000000000, -0.0000000000000000000, -1.000000000000000000 ) ) ;
#1228 = CARTESIAN_POINT ( 'NONE',  ( 8.309999999996406900, -2.882859445469489600, 250.0000000000000000 ) ) ;
#1229 = VERTEX_POINT ( 'NONE', #9811 ) ;
#1230 = DIRECTION ( 'NONE',  ( 0.7071067811865474600, 0.7071067811865475700, 0.0000000000000000000 ) ) ;
#1231 = VERTEX_POINT ( 'NONE', #7132 ) ;
#1232 = CYLINDRICAL_SURFACE ( 'NONE', #7992, 0.8000000000000957500 ) ;
#1233 = EDGE_CURVE ( 'NONE', #809, #11022, #7220, .T. ) ;
#1234 = FACE_OUTER_BOUND ( 'NONE', #1359, .T. ) ;
#1235 = VECTOR ( 'NONE', #2884, 1000.000000000000000 ) ;
#1236 = CARTESIAN_POINT ( 'NONE',  ( -3.899999999985570100, -2.841651730025073900, 0.0000000000000000000 ) ) ;
#1237 = DIRECTION ( 'NONE',  ( -0.7078322512429708900, -0.7063805660550887000, 0.0000000000000000000 ) ) ;
#1238 = DIRECTION ( 'NONE',  ( -0.0000000000000000000, -0.0000000000000000000, -1.000000000000000000 ) ) ;
#1239 = VERTEX_POINT ( 'NONE', #11660 ) ;
#1240 = ORIENTED_EDGE ( 'NONE', *, *, #5452, .F. ) ;
#1241 = LINE ( 'NONE', #1026, #10485 ) ;
#1242 = AXIS2_PLACEMENT_3D ( 'NONE', #7227, #2525, #1625 ) ;
#1243 = VECTOR ( 'NONE', #3877, 1000.000000000000000 ) ;
#1244 = EDGE_CURVE ( 'NONE', #4307, #4325, #847, .T. ) ;
#1245 = ADVANCED_FACE ( 'NONE', ( #9647 ), #5240, .F. ) ;
#1246 = CARTESIAN_POINT ( 'NONE',  ( 20.01092704871308600, -23.79294411064816100, 250.0000000000000000 ) ) ;
#1247 = VERTEX_POINT ( 'NONE', #713 ) ;
#1248 = PLANE ( 'NONE',  #7695 ) ;
#1249 = CARTESIAN_POINT ( 'NONE',  ( 12.69999998590111500, -28.19036512018258000, 250.0000000000000000 ) ) ;
#1250 = ORIENTED_EDGE ( 'NONE', *, *, #13, .F. ) ;
#1251 = LINE ( 'NONE', #9, #4225 ) ;
#1252 = EDGE_CURVE ( 'NONE', #9602, #87, #2786, .T. ) ;
#1253 = VECTOR ( 'NONE', #3489, 1000.000000000000000 ) ;
#1254 = CARTESIAN_POINT ( 'NONE',  ( -9.209999999999993700, -24.89759383445705900, 250.0000000000000000 ) ) ;
#1255 = EDGE_CURVE ( 'NONE', #1713, #8438, #8814, .T. ) ;
#1256 = DIRECTION ( 'NONE',  ( -0.7071067811865471300, -0.7071067811865479100, 0.0000000000000000000 ) ) ;
#1257 = CARTESIAN_POINT ( 'NONE',  ( 23.90963486571973800, -17.15999999999958400, 250.0000000000000000 ) ) ;
#1258 = ORIENTED_EDGE ( 'NONE', *, *, #2267, .F. ) ;
#1259 = CIRCLE ( 'NONE', #236, 0.8000000000000020400 ) ;
#1260 = DIRECTION ( 'NONE',  ( -0.0000000000000000000, -0.0000000000000000000, -1.000000000000000000 ) ) ;
#1261 = PLANE ( 'NONE',  #5105 ) ;
#1262 = FACE_OUTER_BOUND ( 'NONE', #7851, .T. ) ;
#1263 = CARTESIAN_POINT ( 'NONE',  ( 66.57000000000135700, 7.667983149782571700, 250.0000000000000000 ) ) ;
#1264 = EDGE_CURVE ( 'NONE', #4322, #9564, #7809, .T. ) ;
#1265 = CARTESIAN_POINT ( 'NONE',  ( 15.65431457505115100, -29.75605054513138400, 250.0000000000000000 ) ) ;
#1266 = EDGE_CURVE ( 'NONE', #9131, #11715, #9933, .T. ) ;
#1267 = DIRECTION ( 'NONE',  ( -0.0000000000000000000, -0.0000000000000000000, -1.000000000000000000 ) ) ;
#1268 = ORIENTED_EDGE ( 'NONE', *, *, #2383, .T. ) ;
#1269 = VECTOR ( 'NONE', #3293, 1000.000000000000000 ) ;
#1270 = AXIS2_PLACEMENT_3D ( 'NONE', #1937, #2832, #4680 ) ;
#1271 = CARTESIAN_POINT ( 'NONE',  ( -0.08871339015654969300, -23.89285944546705000, 250.0000000000000000 ) ) ;
#1272 = ADVANCED_FACE ( 'NONE', ( #7512 ), #6142, .F. ) ;
#1273 = VECTOR ( 'NONE', #9962, 1000.000000000000000 ) ;
#1274 = LINE ( 'NONE', #2677, #6374 ) ;
#1275 = ORIENTED_EDGE ( 'NONE', *, *, #9581, .F. ) ;
#1276 = PLANE ( 'NONE',  #11230 ) ;
#1277 = VECTOR ( 'NONE', #5915, 1000.000000000000000 ) ;
#1278 = EDGE_CURVE ( 'NONE', #3866, #11314, #9367, .T. ) ;
#1279 = EDGE_CURVE ( 'NONE', #7711, #7446, #261, .T. ) ;
#1280 = DIRECTION ( 'NONE',  ( -0.0000000000000000000, -0.0000000000000000000, -1.000000000000000000 ) ) ;
#1281 = LINE ( 'NONE', #10228, #125 ) ;
#1282 = VECTOR ( 'NONE', #3126, 1000.000000000000000 ) ;
#1283 = CARTESIAN_POINT ( 'NONE',  ( 3.899999999999906200, -0.1033369205210043500, 0.0000000000000000000 ) ) ;
#1284 = EDGE_CURVE ( 'NONE', #5873, #4546, #8512, .T. ) ;
#1285 = ORIENTED_EDGE ( 'NONE', *, *, #1613, .F. ) ;
#1286 = ORIENTED_EDGE ( 'NONE', *, *, #8398, .F. ) ;
#1287 = VECTOR ( 'NONE', #5962, 1000.000000000000000 ) ;
#1288 = LINE ( 'NONE', #24, #4108 ) ;
#1289 = DIRECTION ( 'NONE',  ( -0.0000000000000000000, -0.0000000000000000000, -1.000000000000000000 ) ) ;
#1290 = CARTESIAN_POINT ( 'NONE',  ( 10.00000000000000000, 4.899745738432866200, 250.0000000000000000 ) ) ;
#1291 = VECTOR ( 'NONE', #5224, 1000.000000000000000 ) ;
#1292 = DIRECTION ( 'NONE',  ( -1.000000000000000000, 0.0000000000000000000, 0.0000000000000000000 ) ) ;
#1293 = ADVANCED_FACE ( 'NONE', ( #10937 ), #2547, .T. ) ;
#1294 = PLANE ( 'NONE',  #686 ) ;
#1295 = ORIENTED_EDGE ( 'NONE', *, *, #9392, .F. ) ;
#1296 = VERTEX_POINT ( 'NONE', #9846 ) ;
#1297 = ORIENTED_EDGE ( 'NONE', *, *, #9330, .F. ) ;
#1298 = LINE ( 'NONE', #8360, #4407 ) ;
#1299 = VERTEX_POINT ( 'NONE', #5394 ) ;
#1300 = FACE_OUTER_BOUND ( 'NONE', #4545, .T. ) ;
#1301 = DIRECTION ( 'NONE',  ( -0.0000000000000000000, -0.0000000000000000000, -1.000000000000000000 ) ) ;
#1302 = LINE ( 'NONE', #4857, #10691 ) ;
#1303 = DIRECTION ( 'NONE',  ( -0.0000000000000000000, -0.0000000000000000000, -1.000000000000000000 ) ) ;
#1304 = PLANE ( 'NONE',  #790 ) ;
#1305 = ORIENTED_EDGE ( 'NONE', *, *, #1633, .T. ) ;
#1306 = EDGE_LOOP ( 'NONE', ( #4721, #4062, #1180, #5372 ) ) ;
#1307 = VERTEX_POINT ( 'NONE', #3577 ) ;
#1308 = VECTOR ( 'NONE', #10311, 1000.000000000000000 ) ;
#1309 = DIRECTION ( 'NONE',  ( -0.7071067811865474600, 0.7071067811865474600, 0.0000000000000000000 ) ) ;
#1310 = VECTOR ( 'NONE', #3641, 1000.000000000000000 ) ;
#1311 = LINE ( 'NONE', #9703, #6137 ) ;
#1312 = EDGE_CURVE ( 'NONE', #352, #9017, #11233, .T. ) ;
#1313 = CARTESIAN_POINT ( 'NONE',  ( 19.91047753659498900, -23.89285944546705000, 0.0000000000000000000 ) ) ;
#1314 = AXIS2_PLACEMENT_3D ( 'NONE', #7967, #10668, #11674 ) ;
#1315 = DIRECTION ( 'NONE',  ( 0.0000000000000000000, 0.0000000000000000000, 1.000000000000000000 ) ) ;
#1316 = CARTESIAN_POINT ( 'NONE',  ( 56.09999999999428200, 2.836663079479063000, 0.0000000000000000000 ) ) ;
#1317 = ORIENTED_EDGE ( 'NONE', *, *, #10792, .F. ) ;
#1318 = ORIENTED_EDGE ( 'NONE', *, *, #4802, .T. ) ;
#1319 = ORIENTED_EDGE ( 'NONE', *, *, #9039, .F. ) ;
#1320 = ORIENTED_EDGE ( 'NONE', *, *, #11177, .T. ) ;
#1321 = CARTESIAN_POINT ( 'NONE',  ( 57.16499787675104500, 3.907140554540113400, 250.0000000000000000 ) ) ;
#1322 = VECTOR ( 'NONE', #8256, 1000.000000000000000 ) ;
#1324 = ADVANCED_FACE ( 'NONE', ( #3646 ), #3475, .F. ) ;
#1323 = VECTOR ( 'NONE', #2964, 1000.000000000000000 ) ;
#1325 = CARTESIAN_POINT ( 'NONE',  ( 53.43999999999427100, 5.495853944692208300, 250.0000000000000000 ) ) ;
#1326 = EDGE_LOOP ( 'NONE', ( #10633, #9860, #6993, #158 ) ) ;
#1327 = PLANE ( 'NONE',  #3358 ) ;
#1328 = DIRECTION ( 'NONE',  ( -0.7071067811865472400, -0.7071067811865479100, 0.0000000000000000000 ) ) ;
#1329 = EDGE_CURVE ( 'NONE', #1726, #8935, #1259, .T. ) ;
#1330 = AXIS2_PLACEMENT_3D ( 'NONE', #2589, #8977, #6332 ) ;
#1331 = DIRECTION ( 'NONE',  ( -0.0000000000000000000, 0.0000000000000000000, -1.000000000000000000 ) ) ;
#1332 = ORIENTED_EDGE ( 'NONE', *, *, #3530, .F. ) ;
#1333 = ORIENTED_EDGE ( 'NONE', *, *, #3296, .T. ) ;
#1334 = ORIENTED_EDGE ( 'NONE', *, *, #3273, .T. ) ;
#1335 = ORIENTED_EDGE ( 'NONE', *, *, #11357, .F. ) ;
#1336 = ORIENTED_EDGE ( 'NONE', *, *, #589, .T. ) ;
#1337 = DIRECTION ( 'NONE',  ( -0.7071067811865474600, 0.7071067811865474600, -0.0000000000000000000 ) ) ;
#1338 = LINE ( 'NONE', #4556, #10732 ) ;
#1339 = FACE_OUTER_BOUND ( 'NONE', #1445, .T. ) ;
#1340 = DIRECTION ( 'NONE',  ( 0.0000000000000000000, 0.0000000000000000000, 1.000000000000000000 ) ) ;
#1341 = DIRECTION ( 'NONE',  ( 2.941907609485902000E-014, 1.000000000000000000, 0.0000000000000000000 ) ) ;
#1342 = ORIENTED_EDGE ( 'NONE', *, *, #2588, .T. ) ;
#1343 = ORIENTED_EDGE ( 'NONE', *, *, #1098, .F. ) ;
#1344 = ORIENTED_EDGE ( 'NONE', *, *, #2618, .F. ) ;
#1345 = ORIENTED_EDGE ( 'NONE', *, *, #479, .T. ) ;
#1346 = ORIENTED_EDGE ( 'NONE', *, *, #9497, .T. ) ;
#1347 = DIRECTION ( 'NONE',  ( 0.0000000000000000000, 0.0000000000000000000, 1.000000000000000000 ) ) ;
#1348 = EDGE_LOOP ( 'NONE', ( #4301, #10290 ) ) ;
#1349 = EDGE_CURVE ( 'NONE', #9316, #4467, #6635, .T. ) ;
#1350 = EDGE_CURVE ( 'NONE', #8753, #5296, #10643, .T. ) ;
#1351 = DIRECTION ( 'NONE',  ( -0.0000000000000000000, -0.0000000000000000000, -1.000000000000000000 ) ) ;
#1352 = LINE ( 'NONE', #11503, #9455 ) ;
#1353 = VECTOR ( 'NONE', #7008, 1000.000000000000100 ) ;
#1354 = CARTESIAN_POINT ( 'NONE',  ( 32.68073025445621500, -11.79036512018218900, 250.0000000000000000 ) ) ;
#1355 = AXIS2_PLACEMENT_3D ( 'NONE', #8547, #5002, #3091 ) ;
#1356 = ORIENTED_EDGE ( 'NONE', *, *, #11722, .F. ) ;
#1357 = VERTEX_POINT ( 'NONE', #7333 ) ;
#1358 = ORIENTED_EDGE ( 'NONE', *, *, #5496, .F. ) ;
#1359 = EDGE_LOOP ( 'NONE', ( #1112, #491, #1383, #7728 ) ) ;
#1360 = ADVANCED_FACE ( 'NONE', ( #10061 ), #1831, .T. ) ;
#1361 = CARTESIAN_POINT ( 'NONE',  ( 34.48412836968110900, -26.55957388274415000, 250.0000000000000000 ) ) ;
#1362 = DIRECTION ( 'NONE',  ( -0.7071067811865479100, 0.7071067811865471300, 0.0000000000000000000 ) ) ;
#1363 = EDGE_LOOP ( 'NONE', ( #6515, #216, #9601, #5316 ) ) ;
#1364 = LINE ( 'NONE', #4218, #4925 ) ;
#1365 = DIRECTION ( 'NONE',  ( 1.000000000000000000, 0.0000000000000000000, 0.0000000000000000000 ) ) ;
#1366 = CARTESIAN_POINT ( 'NONE',  ( -8.200000000000002800, 2.882517024154526400, 250.0000000000000000 ) ) ;
#1367 = VECTOR ( 'NONE', #9524, 1000.000000000000000 ) ;
#1368 = FACE_OUTER_BOUND ( 'NONE', #9009, .T. ) ;
#1369 = CARTESIAN_POINT ( 'NONE',  ( 5.496025155352902500, 8.207983149782574400, 250.0000000000000000 ) ) ;
#1370 = PLANE ( 'NONE',  #2138 ) ;
#1371 = VERTEX_POINT ( 'NONE', #6372 ) ;
#1372 = CARTESIAN_POINT ( 'NONE',  ( 22.09999999991255100, -19.99036512018248500, 250.0000000000000000 ) ) ;
#1373 = VERTEX_POINT ( 'NONE', #9096 ) ;
#1374 = LINE ( 'NONE', #2222, #8780 ) ;
#1375 = CARTESIAN_POINT ( 'NONE',  ( 68.19999999999419100, -17.11498865055904900, 250.0000000000000000 ) ) ;
#1376 = DIRECTION ( 'NONE',  ( 1.000000000000000000, 0.0000000000000000000, 0.0000000000000000000 ) ) ;
#1377 = VECTOR ( 'NONE', #4804, 1000.000000000000000 ) ;
#1378 = FACE_OUTER_BOUND ( 'NONE', #2186, .T. ) ;
#1379 = CARTESIAN_POINT ( 'NONE',  ( -2.882688234812006200, 8.319634879817504800, 250.0000000000000000 ) ) ;
#1380 = ORIENTED_EDGE ( 'NONE', *, *, #10489, .T. ) ;
#1381 = EDGE_CURVE ( 'NONE', #4936, #1793, #7067, .T. ) ;
#1382 = ORIENTED_EDGE ( 'NONE', *, *, #8907, .F. ) ;
#1383 = ORIENTED_EDGE ( 'NONE', *, *, #9997, .T. ) ;
#1384 = LINE ( 'NONE', #859, #2362 ) ;
#1385 = CARTESIAN_POINT ( 'NONE',  ( 42.83043820904266900, -16.08952446469493200, 250.0000000000000000 ) ) ;
#1386 = LINE ( 'NONE', #2423, #8357 ) ;
#1387 = DIRECTION ( 'NONE',  ( -2.386084773115179000E-014, 1.000000000000000000, -0.0000000000000000000 ) ) ;
#1388 = PLANE ( 'NONE',  #2321 ) ;
#1389 = ADVANCED_FACE ( 'NONE', ( #2224 ), #104, .F. ) ;
#1390 = DIRECTION ( 'NONE',  ( 1.000000000000000000, -0.0000000000000000000, -0.0000000000000000000 ) ) ;
#1391 = AXIS2_PLACEMENT_3D ( 'NONE', #3102, #11251, #1226 ) ;
#1392 = DIRECTION ( 'NONE',  ( -0.7071067811865264800, -0.7071067811865685600, 0.0000000000000000000 ) ) ;
#1393 = ORIENTED_EDGE ( 'NONE', *, *, #2791, .F. ) ;
#1394 = VERTEX_POINT ( 'NONE', #133 ) ;
#1395 = VECTOR ( 'NONE', #4264, 1000.000000000000200 ) ;
#1396 = EDGE_CURVE ( 'NONE', #4116, #7118, #7651, .T. ) ;
#1397 = CARTESIAN_POINT ( 'NONE',  ( 59.89332615890590000, 3.907140554540114300, 0.0000000000000000000 ) ) ;
#1398 = CARTESIAN_POINT ( 'NONE',  ( -3.805222007298974900, -20.00141837329822200, 0.0000000000000000000 ) ) ;
#1399 = EDGE_CURVE ( 'NONE', #4362, #1299, #4945, .T. ) ;
#1400 = ORIENTED_EDGE ( 'NONE', *, *, #5723, .T. ) ;
#1401 = VECTOR ( 'NONE', #4053, 1000.000000000000000 ) ;
#1402 = CARTESIAN_POINT ( 'NONE',  ( -2.882688234812006200, 8.319634879817504800, 0.0000000000000000000 ) ) ;
#1403 = EDGE_CURVE ( 'NONE', #1229, #10291, #5235, .T. ) ;
#1404 = FACE_BOUND ( 'NONE', #49, .T. ) ;
#1405 = CARTESIAN_POINT ( 'NONE',  ( 44.34568542494296400, -29.75605054513145500, 0.0000000000000000000 ) ) ;
#1406 = PRODUCT_DEFINITION_FORMATION_WITH_SPECIFIED_SOURCE ( 'ANY', '', #10428, .NOT_KNOWN. ) ;
#1407 = CARTESIAN_POINT ( 'NONE',  ( 3.899999999999905800, -2.841651730025073900, 250.0000000000000000 ) ) ;
#1408 = CARTESIAN_POINT ( 'NONE',  ( -2.099999999999999600, -19.99036512018243200, 0.0000000000000000000 ) ) ;
#1409 = VERTEX_POINT ( 'NONE', #7374 ) ;
#1410 = LINE ( 'NONE', #9521, #11391 ) ;
#1411 = ADVANCED_FACE ( 'NONE', ( #109 ), #3656, .F. ) ;
#1412 = CYLINDRICAL_SURFACE ( 'NONE', #6954, 2.100000000000004500 ) ;
#1413 = CARTESIAN_POINT ( 'NONE',  ( 15.10193239820182700, -9.990365120185229500, 250.0000000000000000 ) ) ;
#1414 = EDGE_CURVE ( 'NONE', #1470, #3644, #2507, .T. ) ;
#1415 = EDGE_CURVE ( 'NONE', #917, #631, #10500, .T. ) ;
#1416 = PERSON_AND_ORGANIZATION ( #4411, #10511 ) ;
#1417 = CARTESIAN_POINT ( 'NONE',  ( 68.19999999999419100, -26.56036512018241400, 250.0000000000000000 ) ) ;
#1418 = ORIENTED_EDGE ( 'NONE', *, *, #7268, .F. ) ;
#1419 = AXIS2_PLACEMENT_3D ( 'NONE', #11753, #10785, #1697 ) ;
#1420 = CARTESIAN_POINT ( 'NONE',  ( 42.88999999999419500, -28.19036512018223600, 250.0000000000000000 ) ) ;
#1421 = ORIENTED_EDGE ( 'NONE', *, *, #7348, .T. ) ;
#1422 = VECTOR ( 'NONE', #9240, 1000.000000000000000 ) ;
#1423 = DIRECTION ( 'NONE',  ( -1.000000000000000000, 0.0000000000000000000, 0.0000000000000000000 ) ) ;
#1424 = DIRECTION ( 'NONE',  ( 1.407933284406894900E-012, 1.000000000000000000, 0.0000000000000000000 ) ) ;
#1425 = CARTESIAN_POINT ( 'NONE',  ( 7.660000000007168600, 6.577983149782563800, 0.0000000000000000000 ) ) ;
#1426 = LINE ( 'NONE', #4740, #6958 ) ;
#1427 = LINE ( 'NONE', #10790, #10818 ) ;
#1428 = CARTESIAN_POINT ( 'NONE',  ( 6.570000000007161700, 8.207983149782574400, 0.0000000000000000000 ) ) ;
#1429 = DIRECTION ( 'NONE',  ( 0.0000000000000000000, 0.0000000000000000000, 1.000000000000000000 ) ) ;
#1430 = EDGE_CURVE ( 'NONE', #11763, #3742, #6924, .T. ) ;
#1431 = EDGE_CURVE ( 'NONE', #2028, #6449, #8087, .T. ) ;
#1432 = ORIENTED_EDGE ( 'NONE', *, *, #7591, .T. ) ;
#1433 = ORIENTED_EDGE ( 'NONE', *, *, #5346, .T. ) ;
#1434 = VECTOR ( 'NONE', #7876, 1000.000000000000000 ) ;
#1435 = DIRECTION ( 'NONE',  ( 0.7072143353590419900, -0.7069992106520830400, 0.0000000000000000000 ) ) ;
#1436 = DIRECTION ( 'NONE',  ( 0.7072143353591022800, 0.7069992106520227600, 0.0000000000000000000 ) ) ;
#1437 = DIRECTION ( 'NONE',  ( -0.7052191119820681000, 0.7089894245298891100, 0.0000000000000000000 ) ) ;
#1438 = LINE ( 'NONE', #6183, #3269 ) ;
#1439 = CARTESIAN_POINT ( 'NONE',  ( 68.19999999999419100, 2.882517024154526400, 250.0000000000000000 ) ) ;
#1440 = FACE_OUTER_BOUND ( 'NONE', #3512, .T. ) ;
#1441 = ADVANCED_FACE ( 'NONE', ( #978 ), #8284, .F. ) ;
#1442 = DIRECTION ( 'NONE',  ( -0.7078322512429705600, 0.7063805660550891400, -0.0000000000000000000 ) ) ;
#1443 = ORIENTED_EDGE ( 'NONE', *, *, #9237, .T. ) ;
#1444 = ORIENTED_EDGE ( 'NONE', *, *, #4409, .T. ) ;
#1445 = EDGE_LOOP ( 'NONE', ( #2413, #8553, #9716, #5944 ) ) ;
#1446 = LINE ( 'NONE', #10066, #2410 ) ;
#1447 = CARTESIAN_POINT ( 'NONE',  ( 69.76861435712439200, 4.341131381295491900, 250.0000000000000000 ) ) ;
#1448 = EDGE_CURVE ( 'NONE', #3569, #1728, #10218, .T. ) ;
#1449 = VECTOR ( 'NONE', #7063, 1000.000000000000000 ) ;
#1450 = LINE ( 'NONE', #5792, #890 ) ;
#1451 = DIRECTION ( 'NONE',  ( -2.941907609485902000E-014, 1.000000000000000000, -0.0000000000000000000 ) ) ;
#1452 = PLANE ( 'NONE',  #9045 ) ;
#1453 = ORIENTED_EDGE ( 'NONE', *, *, #11628, .F. ) ;
#1454 = ORIENTED_EDGE ( 'NONE', *, *, #8059, .F. ) ;
#1455 = ORIENTED_EDGE ( 'NONE', *, *, #5878, .T. ) ;
#1456 = VERTEX_POINT ( 'NONE', #7285 ) ;
#1457 = CARTESIAN_POINT ( 'NONE',  ( 0.1066738410882871200, 3.907140554540114300, 0.0000000000000000000 ) ) ;
#1458 = LINE ( 'NONE', #10915, #4568 ) ;
#1459 = LINE ( 'NONE', #9737, #8273 ) ;
#1460 = DIRECTION ( 'NONE',  ( 0.0000000000000000000, 0.0000000000000000000, 1.000000000000000000 ) ) ;
#1461 = EDGE_CURVE ( 'NONE', #4882, #3077, #2371, .T. ) ;
#1462 = ORIENTED_EDGE ( 'NONE', *, *, #3285, .F. ) ;
#1463 = CARTESIAN_POINT ( 'NONE',  ( 56.09999999999428200, -0.1033369205210043500, 0.0000000000000000000 ) ) ;
#1464 = ORIENTED_EDGE ( 'NONE', *, *, #382, .T. ) ;
#1465 = ORIENTED_EDGE ( 'NONE', *, *, #1608, .F. ) ;
#1466 = VERTEX_POINT ( 'NONE', #178 ) ;
#1467 = ORIENTED_EDGE ( 'NONE', *, *, #1490, .F. ) ;
#1468 = ORIENTED_EDGE ( 'NONE', *, *, #1785, .T. ) ;
#1469 = EDGE_CURVE ( 'NONE', #6506, #4731, #9383, .T. ) ;
#1470 = VERTEX_POINT ( 'NONE', #1228 ) ;
#1471 = ADVANCED_FACE ( 'NONE', ( #1812 ), #3819, .T. ) ;
#1472 = EDGE_CURVE ( 'NONE', #3012, #4307, #3267, .T. ) ;
#1473 = LINE ( 'NONE', #3220, #9297 ) ;
#1474 = VECTOR ( 'NONE', #4302, 1000.000000000000000 ) ;
#1475 = CARTESIAN_POINT ( 'NONE',  ( 5.496025155352902500, 8.207983149782574400, 250.0000000000000000 ) ) ;
#1476 = AXIS2_PLACEMENT_3D ( 'NONE', #45, #6389, #10025 ) ;
#1477 = CARTESIAN_POINT ( 'NONE',  ( 8.309999999996406900, 2.882517024154526400, 250.0000000000000000 ) ) ;
#1478 = PLANE ( 'NONE',  #6620 ) ;
#1479 = VERTEX_POINT ( 'NONE', #6599 ) ;
#1480 = ORIENTED_EDGE ( 'NONE', *, *, #11506, .T. ) ;
#1481 = ORIENTED_EDGE ( 'NONE', *, *, #10590, .T. ) ;
#1482 = EDGE_LOOP ( 'NONE', ( #8423, #8372, #5513, #3977 ) ) ;
#1483 = ORIENTED_EDGE ( 'NONE', *, *, #4283, .T. ) ;
#1484 = DIRECTION ( 'NONE',  ( -0.6605100049269340100, 0.7508172436694708900, 0.0000000000000000000 ) ) ;
#1485 = CARTESIAN_POINT ( 'NONE',  ( 57.10999999999427200, -28.19036512018228900, 250.0000000000000000 ) ) ;
#1486 = VECTOR ( 'NONE', #6624, 1000.000000000000000 ) ;
#1487 = LINE ( 'NONE', #2140, #11183 ) ;
#1488 = DIRECTION ( 'NONE',  ( -1.000000000000000000, 1.057758217049745200E-015, 0.0000000000000000000 ) ) ;
#1489 = EDGE_CURVE ( 'NONE', #9150, #5785, #4806, .T. ) ;
#1490 = EDGE_CURVE ( 'NONE', #7710, #778, #5382, .T. ) ;
#1491 = CARTESIAN_POINT ( 'NONE',  ( 36.09036513427445000, -17.15999999999958400, 250.0000000000000000 ) ) ;
#1492 = CARTESIAN_POINT ( 'NONE',  ( 7.309634879832146700, -26.24310889209111900, 250.0000000000000000 ) ) ;
#1493 = ORIENTED_EDGE ( 'NONE', *, *, #7592, .T. ) ;
#1494 = ORIENTED_EDGE ( 'NONE', *, *, #6433, .F. ) ;
#1495 = EDGE_LOOP ( 'NONE', ( #4457, #11300, #1575, #6920 ) ) ;
#1496 = AXIS2_PLACEMENT_3D ( 'NONE', #9187, #4640, #1928 ) ;
#1497 = VERTEX_POINT ( 'NONE', #9402 ) ;
#1498 = PLANE ( 'NONE',  #10870 ) ;
#1499 = FACE_OUTER_BOUND ( 'NONE', #4142, .T. ) ;
#1500 = VECTOR ( 'NONE', #60, 1000.000000000000000 ) ;
#1501 = CARTESIAN_POINT ( 'NONE',  ( 34.51128660983683000, -28.19036512018228900, 0.0000000000000000000 ) ) ;
#1502 = DIRECTION ( 'NONE',  ( 0.7073987682501935400, 0.7068146735022619000, 0.0000000000000000000 ) ) ;
#1503 = ORIENTED_EDGE ( 'NONE', *, *, #7092, .T. ) ;
#1504 = EDGE_CURVE ( 'NONE', #7358, #9259, #2303, .T. ) ;
#1505 = EDGE_CURVE ( 'NONE', #9042, #6058, #7445, .T. ) ;
#1506 = CARTESIAN_POINT ( 'NONE',  ( 64.89273806157649500, -29.20049802947366400, 0.0000000000000000000 ) ) ;
#1507 = DIRECTION ( 'NONE',  ( 0.7071067811865263700, 0.7071067811865687800, -0.0000000000000000000 ) ) ;
#1508 = VERTEX_POINT ( 'NONE', #11084 ) ;
#1509 = VECTOR ( 'NONE', #2983, 1000.000000000000000 ) ;
#1510 = CARTESIAN_POINT ( 'NONE',  ( -3.899999999985570100, -2.841651730025073900, 250.0000000000000000 ) ) ;
#1511 = VECTOR ( 'NONE', #4526, 1000.000000000000000 ) ;
#1512 = VECTOR ( 'NONE', #6810, 1000.000000000000000 ) ;
#1513 = CARTESIAN_POINT ( 'NONE',  ( 37.11132034355090800, -11.79036512018251400, 0.0000000000000000000 ) ) ;
#1514 = EDGE_CURVE ( 'NONE', #7270, #917, #8598, .T. ) ;
#1515 = CARTESIAN_POINT ( 'NONE',  ( 32.68073025445671200, -28.19036512018301400, 0.0000000000000000000 ) ) ;
#1516 = VERTEX_POINT ( 'NONE', #1120 ) ;
#1517 = DIRECTION ( 'NONE',  ( -1.000000000000000000, 0.0000000000000000000, 0.0000000000000000000 ) ) ;
#1518 = ORIENTED_EDGE ( 'NONE', *, *, #8118, .T. ) ;
#1519 = DIRECTION ( 'NONE',  ( 0.0000000000000000000, 0.0000000000000000000, 1.000000000000000000 ) ) ;
#1520 = FACE_OUTER_BOUND ( 'NONE', #4604, .T. ) ;
#1521 = LINE ( 'NONE', #1157, #9350 ) ;
#1522 = CARTESIAN_POINT ( 'NONE',  ( 57.17092147554064500, -23.89285944546705000, 0.0000000000000000000 ) ) ;
#1523 = AXIS2_PLACEMENT_3D ( 'NONE', #9021, #11778, #5271 ) ;
#1524 = DIRECTION ( 'NONE',  ( -1.000000000000000000, -4.823982726551470700E-016, 0.0000000000000000000 ) ) ;
#1525 = DIRECTION ( 'NONE',  ( -1.777677119522225100E-015, -1.000000000000000000, 0.0000000000000000000 ) ) ;
#1526 = EDGE_LOOP ( 'NONE', ( #297, #7, #10379, #9657 ) ) ;
#1527 = ORIENTED_EDGE ( 'NONE', *, *, #5812, .T. ) ;
#1528 = CARTESIAN_POINT ( 'NONE',  ( 47.30000001409307200, -28.19036512018258000, 250.0000000000000000 ) ) ;
#1529 = CARTESIAN_POINT ( 'NONE',  ( -3.899999999985570100, -2.841651730025073900, 0.0000000000000000000 ) ) ;
#1530 = CARTESIAN_POINT ( 'NONE',  ( 57.11731176518218700, 8.319634879817504800, 250.0000000000000000 ) ) ;
#1531 = ORIENTED_EDGE ( 'NONE', *, *, #2569, .T. ) ;
#1532 = FACE_OUTER_BOUND ( 'NONE', #3207, .T. ) ;
#1533 = CARTESIAN_POINT ( 'NONE',  ( -8.200000000000002800, -12.68988765921544000, 250.0000000000000000 ) ) ;
#1534 = LINE ( 'NONE', #7941, #5506 ) ;
#1535 = DIRECTION ( 'NONE',  ( 5.484285338767178500E-012, -1.000000000000000000, 0.0000000000000000000 ) ) ;
#1536 = ADVANCED_FACE ( 'NONE', ( #6162 ), #8408, .F. ) ;
#1537 = VERTEX_POINT ( 'NONE', #4825 ) ;
#1538 = VECTOR ( 'NONE', #801, 1000.000000000000000 ) ;
#1539 = CARTESIAN_POINT ( 'NONE',  ( 59.89332615890590000, 3.907140554540114300, 0.0000000000000000000 ) ) ;
#1540 = FACE_OUTER_BOUND ( 'NONE', #814, .T. ) ;
#1541 = DIRECTION ( 'NONE',  ( -0.0000000000000000000, -0.0000000000000000000, -1.000000000000000000 ) ) ;
#1542 = CARTESIAN_POINT ( 'NONE',  ( -2.840365134288008100, -16.08952252493459100, 0.0000000000000000000 ) ) ;
#1543 = AXIS2_PLACEMENT_3D ( 'NONE', #4482, #7224, #9903 ) ;
#1544 = DIRECTION ( 'NONE',  ( -0.7071067811865480200, -0.7071067811865470200, -0.0000000000000000000 ) ) ;
#1545 = ORIENTED_EDGE ( 'NONE', *, *, #1551, .T. ) ;
#1546 = VECTOR ( 'NONE', #11077, 1000.000000000000000 ) ;
#1547 = EDGE_CURVE ( 'NONE', #9000, #2067, #4167, .T. ) ;
#1548 = LINE ( 'NONE', #1662, #3251 ) ;
#1549 = CARTESIAN_POINT ( 'NONE',  ( 54.49666307946017000, -26.55128087389479300, 250.0000000000000000 ) ) ;
#1550 = CARTESIAN_POINT ( 'NONE',  ( 15.66761782315117400, -10.22967028555615500, 0.0000000000000000000 ) ) ;
#1551 = EDGE_CURVE ( 'NONE', #10217, #1071, #5591, .T. ) ;
#1552 = AXIS2_PLACEMENT_3D ( 'NONE', #8299, #10164, #140 ) ;
#1553 = DIRECTION ( 'NONE',  ( -0.0000000000000000000, -0.0000000000000000000, -1.000000000000000000 ) ) ;
#1554 = ORIENTED_EDGE ( 'NONE', *, *, #8993, .T. ) ;
#1555 = ADVANCED_FACE ( 'NONE', ( #2167 ), #2869, .T. ) ;
#1556 = LINE ( 'NONE', #6105, #2104 ) ;
#1557 = CARTESIAN_POINT ( 'NONE',  ( 60.10667384106814400, 3.907140554540114300, 250.0000000000000000 ) ) ;
#1558 = LINE ( 'NONE', #11721, #5682 ) ;
#1559 = CARTESIAN_POINT ( 'NONE',  ( 63.89999999997976200, 0.09834826997499368500, 250.0000000000000000 ) ) ;
#1560 = CARTESIAN_POINT ( 'NONE',  ( 50.73036512016554400, -11.79869069127881800, 250.0000000000000000 ) ) ;
#1561 = CYLINDRICAL_SURFACE ( 'NONE', #3592, 0.8000000000000020400 ) ;
#1562 = CARTESIAN_POINT ( 'NONE',  ( 62.88268823480619600, 8.319634879817504800, 250.0000000000000000 ) ) ;
#1563 = ORIENTED_EDGE ( 'NONE', *, *, #7365, .F. ) ;
#1564 = EDGE_LOOP ( 'NONE', ( #8060, #9753, #3919, #2007 ) ) ;
#1565 = VERTEX_POINT ( 'NONE', #11253 ) ;
#1566 = EDGE_CURVE ( 'NONE', #3866, #3050, #11318, .T. ) ;
#1567 = EDGE_CURVE ( 'NONE', #9440, #10291, #6855, .T. ) ;
#1568 = VECTOR ( 'NONE', #7072, 1000.000000000000000 ) ;
#1569 = LINE ( 'NONE', #7724, #4110 ) ;
#1570 = DIRECTION ( 'NONE',  ( 0.0000000000000000000, 1.000000000000000000, -0.0000000000000000000 ) ) ;
#1571 = CARTESIAN_POINT ( 'NONE',  ( 6.559999999999918800, 5.495853944692208300, 0.0000000000000000000 ) ) ;
#1572 = CARTESIAN_POINT ( 'NONE',  ( 7.309634879817814100, -28.19036512018228900, 250.0000000000000000 ) ) ;
#1573 = EDGE_LOOP ( 'NONE', ( #9875, #9728, #9765, #10739, #10922 ) ) ;
#1574 = CARTESIAN_POINT ( 'NONE',  ( -5.496025155338566400, 6.565966396540218000, 250.0000000000000000 ) ) ;
#1575 = ORIENTED_EDGE ( 'NONE', *, *, #3746, .F. ) ;
#1576 = ORIENTED_EDGE ( 'NONE', *, *, #9542, .T. ) ;
#1577 = VECTOR ( 'NONE', #7368, 1000.000000000000000 ) ;
#1578 = ORIENTED_EDGE ( 'NONE', *, *, #8321, .F. ) ;
#1579 = CARTESIAN_POINT ( 'NONE',  ( 63.79915740474619000, 0.009634879817567443300, 0.0000000000000000000 ) ) ;
#1580 = LINE ( 'NONE', #2174, #9262 ) ;
#1581 = LINE ( 'NONE', #2197, #3283 ) ;
#1582 = ADVANCED_FACE ( 'NONE', ( #1339 ), #1261, .F. ) ;
#1583 = DIRECTION ( 'NONE',  ( -0.0000000000000000000, -0.0000000000000000000, -1.000000000000000000 ) ) ;
#1584 = ORIENTED_EDGE ( 'NONE', *, *, #3472, .F. ) ;
#1585 = ORIENTED_EDGE ( 'NONE', *, *, #1264, .F. ) ;
#1586 = EDGE_LOOP ( 'NONE', ( #1886, #493, #4068, #6131 ) ) ;
#1587 = FACE_OUTER_BOUND ( 'NONE', #7210, .T. ) ;
#1588 = VECTOR ( 'NONE', #7515, 1000.000000000000000 ) ;
#1589 = LINE ( 'NONE', #570, #10275 ) ;
#1590 = CARTESIAN_POINT ( 'NONE',  ( 24.33106189458026900, -29.75605054513136600, 0.0000000000000000000 ) ) ;
#1591 = EDGE_CURVE ( 'NONE', #8935, #11691, #11015, .T. ) ;
#1592 = ORIENTED_EDGE ( 'NONE', *, *, #1469, .T. ) ;
#1593 = ORIENTED_EDGE ( 'NONE', *, *, #4313, .F. ) ;
#1594 = ORIENTED_EDGE ( 'NONE', *, *, #3503, .T. ) ;
#1595 = ORIENTED_EDGE ( 'NONE', *, *, #5436, .T. ) ;
#1596 = CARTESIAN_POINT ( 'NONE',  ( 63.89999999997976200, -2.841651730025073900, 250.0000000000000000 ) ) ;
#1597 = VECTOR ( 'NONE', #7422, 1000.000000000000000 ) ;
#1598 = LINE ( 'NONE', #7313, #7879 ) ;
#1599 = AXIS2_PLACEMENT_3D ( 'NONE', #11291, #3067, #5780 ) ;
#1600 = ORIENTED_EDGE ( 'NONE', *, *, #2765, .T. ) ;
#1601 = AXIS2_PLACEMENT_3D ( 'NONE', #11553, #7888, #4178 ) ;
#1602 = ORIENTED_EDGE ( 'NONE', *, *, #2928, .F. ) ;
#1603 = EDGE_LOOP ( 'NONE', ( #9012, #3750, #10553, #5392 ) ) ;
#1604 = ORIENTED_EDGE ( 'NONE', *, *, #4837, .T. ) ;
#1605 = ORIENTED_EDGE ( 'NONE', *, *, #5889, .T. ) ;
#1606 = PLANE ( 'NONE',  #1834 ) ;
#1607 = CARTESIAN_POINT ( 'NONE',  ( 63.89999999997976200, -0.1033369205210043500, 250.0000000000000000 ) ) ;
#1608 = EDGE_CURVE ( 'NONE', #10688, #1027, #8900, .T. ) ;
#1609 = DIRECTION ( 'NONE',  ( -0.0000000000000000000, -0.0000000000000000000, -1.000000000000000000 ) ) ;
#1610 = LINE ( 'NONE', #9939, #10282 ) ;
#1611 = VECTOR ( 'NONE', #6875, 1000.000000000000000 ) ;
#1612 = ORIENTED_EDGE ( 'NONE', *, *, #9809, .F. ) ;
#1613 = EDGE_CURVE ( 'NONE', #8883, #7272, #485, .T. ) ;
#1614 = ORIENTED_EDGE ( 'NONE', *, *, #9991, .F. ) ;
#1615 = ORIENTED_EDGE ( 'NONE', *, *, #5112, .T. ) ;
#1616 = ORIENTED_EDGE ( 'NONE', *, *, #3883, .F. ) ;
#1617 = EDGE_CURVE ( 'NONE', #11504, #8577, #10733, .T. ) ;
#1618 = VERTEX_POINT ( 'NONE', #11294 ) ;
#1619 = CARTESIAN_POINT ( 'NONE',  ( 2.882688234812009800, 8.207983149782574400, 0.0000000000000000000 ) ) ;
#1620 = AXIS2_PLACEMENT_3D ( 'NONE', #5108, #4267, #4146 ) ;
#1621 = CARTESIAN_POINT ( 'NONE',  ( 8.309999999996406900, 2.882517024154526400, 250.0000000000000000 ) ) ;
#1622 = VECTOR ( 'NONE', #1706, 1000.000000000000000 ) ;
#1623 = FACE_OUTER_BOUND ( 'NONE', #9406, .T. ) ;
#1624 = DIRECTION ( 'NONE',  ( -0.0000000000000000000, 1.000000000000000000, -0.0000000000000000000 ) ) ;
#1625 = DIRECTION ( 'NONE',  ( 1.000000000000000000, 0.0000000000000000000, 0.0000000000000000000 ) ) ;
#1626 = ORIENTED_EDGE ( 'NONE', *, *, #4724, .F. ) ;
#1627 = ORIENTED_EDGE ( 'NONE', *, *, #8414, .T. ) ;
#1628 = EDGE_LOOP ( 'NONE', ( #7106, #2054, #30, #1595 ) ) ;
#1629 = DIRECTION ( 'NONE',  ( -1.000000000000000000, 0.0000000000000000000, 0.0000000000000000000 ) ) ;
#1630 = ORIENTED_EDGE ( 'NONE', *, *, #11017, .T. ) ;
#1631 = LINE ( 'NONE', #5056, #3756 ) ;
#1632 = CARTESIAN_POINT ( 'NONE',  ( 68.30999999999059500, -2.882859445469490500, 250.0000000000000000 ) ) ;
#1633 = EDGE_CURVE ( 'NONE', #5468, #5376, #6714, .T. ) ;
#1634 = EDGE_CURVE ( 'NONE', #2754, #2476, #2592, .T. ) ;
#1635 = DIRECTION ( 'NONE',  ( 0.0000000000000000000, 0.0000000000000000000, 1.000000000000000000 ) ) ;
#1636 = LINE ( 'NONE', #11577, #11195 ) ;
#1637 = VECTOR ( 'NONE', #3215, 1000.000000000000000 ) ;
#1638 = DIRECTION ( 'NONE',  ( -0.0000000000000000000, -0.0000000000000000000, -1.000000000000000000 ) ) ;
#1639 = ADVANCED_FACE ( 'NONE', ( #8446 ), #5229, .F. ) ;
#1640 = AXIS2_PLACEMENT_3D ( 'NONE', #6995, #6169, #701 ) ;
#1641 = ORIENTED_EDGE ( 'NONE', *, *, #3159, .T. ) ;
#1642 = ORIENTED_EDGE ( 'NONE', *, *, #8805, .T. ) ;
#1643 = VECTOR ( 'NONE', #449, 1000.000000000000000 ) ;
#1644 = VECTOR ( 'NONE', #42, 1000.000000000000000 ) ;
#1645 = VECTOR ( 'NONE', #1101, 1000.000000000000000 ) ;
#1646 = ORIENTED_EDGE ( 'NONE', *, *, #5360, .F. ) ;
#1647 = CARTESIAN_POINT ( 'NONE',  ( -2.099999999999999600, -19.99036512018243200, 250.0000000000000000 ) ) ;
#1648 = CARTESIAN_POINT ( 'NONE',  ( -2.882688234812006200, 8.207983149782574400, 250.0000000000000000 ) ) ;
#1649 = CARTESIAN_POINT ( 'NONE',  ( -8.200000000000002800, 6.577983149782563800, 250.0000000000000000 ) ) ;
#1650 = EDGE_CURVE ( 'NONE', #6026, #9743, #194, .T. ) ;
#1651 = EDGE_CURVE ( 'NONE', #8069, #3798, #9159, .T. ) ;
#1652 = DIRECTION ( 'NONE',  ( -1.000000000000000000, 0.0000000000000000000, 0.0000000000000000000 ) ) ;
#1653 = ORIENTED_EDGE ( 'NONE', *, *, #7520, .F. ) ;
#1654 = ORIENTED_EDGE ( 'NONE', *, *, #11490, .T. ) ;
#1655 = ORIENTED_EDGE ( 'NONE', *, *, #177, .F. ) ;
#1656 = LINE ( 'NONE', #8801, #9488 ) ;
#1657 = AXIS2_PLACEMENT_3D ( 'NONE', #9677, #7894, #11377 ) ;
#1658 = CIRCLE ( 'NONE', #5075, 0.8000000000000853100 ) ;
#1659 = DIRECTION ( 'NONE',  ( 1.000000000000000000, 0.0000000000000000000, 0.0000000000000000000 ) ) ;
#1660 = CARTESIAN_POINT ( 'NONE',  ( 57.15999999999182500, -16.08952252493459100, 0.0000000000000000000 ) ) ;
#1661 = ORIENTED_EDGE ( 'NONE', *, *, #10606, .F. ) ;
#1662 = CARTESIAN_POINT ( 'NONE',  ( -8.200000000000002800, -12.68988765921544000, 250.0000000000000000 ) ) ;
#1663 = CARTESIAN_POINT ( 'NONE',  ( 69.99999999999418800, -4.904230295371562000, 250.0000000000000000 ) ) ;
#1664 = CARTESIAN_POINT ( 'NONE',  ( 0.1066738410882871200, 3.907140554540114300, 250.0000000000000000 ) ) ;
#1665 = ADVANCED_FACE ( 'NONE', ( #4318 ), #668, .T. ) ;
#1666 = VECTOR ( 'NONE', #958, 1000.000000000000100 ) ;
#1667 = CARTESIAN_POINT ( 'NONE',  ( 51.79999999997984600, -7.297745508358056900, 0.0000000000000000000 ) ) ;
#1668 = CARTESIAN_POINT ( 'NONE',  ( 7.660000000007168600, 6.577983149782563800, 250.0000000000000000 ) ) ;
#1669 = CARTESIAN_POINT ( 'NONE',  ( 68.19999999999419100, -22.88036512018231500, 250.0000000000000000 ) ) ;
#1670 = CARTESIAN_POINT ( 'NONE',  ( 34.49798342301680500, -11.79036512018251400, 250.0000000000000000 ) ) ;
#1671 = VECTOR ( 'NONE', #5014, 1000.000000000000000 ) ;
#1672 = FACE_BOUND ( 'NONE', #4443, .T. ) ;
#1673 = EDGE_CURVE ( 'NONE', #9121, #7411, #8744, .T. ) ;
#1674 = DIRECTION ( 'NONE',  ( -1.000000000000000000, 0.0000000000000000000, 0.0000000000000000000 ) ) ;
#1675 = DIRECTION ( 'NONE',  ( -0.0000000000000000000, -0.0000000000000000000, -1.000000000000000000 ) ) ;
#1676 = EDGE_CURVE ( 'NONE', #6822, #8753, #7156, .T. ) ;
#1677 = DIRECTION ( 'NONE',  ( 0.0000000000000000000, -1.000000000000000000, 0.0000000000000000000 ) ) ;
#1678 = LINE ( 'NONE', #2386, #5961 ) ;
#1679 = DIRECTION ( 'NONE',  ( -0.0000000000000000000, -1.000000000000000000, -0.0000000000000000000 ) ) ;
#1680 = CARTESIAN_POINT ( 'NONE',  ( -6.559999999985606700, -5.496196365999260500, 0.0000000000000000000 ) ) ;
#1681 = EDGE_CURVE ( 'NONE', #5793, #8882, #3873, .T. ) ;
#1682 = VECTOR ( 'NONE', #1828, 1000.000000000000000 ) ;
#1683 = AXIS2_PLACEMENT_3D ( 'NONE', #5016, #6947, #11407 ) ;
#1684 = DIRECTION ( 'NONE',  ( 2.846725704166561300E-014, -1.000000000000000000, -0.0000000000000000000 ) ) ;
#1685 = DIRECTION ( 'NONE',  ( 1.000000000000000000, 0.0000000000000000000, 0.0000000000000000000 ) ) ;
#1686 = ADVANCED_FACE ( 'NONE', ( #2026 ), #9868, .F. ) ;
#1687 = CARTESIAN_POINT ( 'NONE',  ( 68.19999999999419100, -17.11498865055904900, 250.0000000000000000 ) ) ;
#1688 = ORIENTED_EDGE ( 'NONE', *, *, #517, .F. ) ;
#1689 = VECTOR ( 'NONE', #3545, 1000.000000000000000 ) ;
#1690 = DIRECTION ( 'NONE',  ( 0.0000000000000000000, 0.0000000000000000000, 1.000000000000000000 ) ) ;
#1691 = CARTESIAN_POINT ( 'NONE',  ( 6.559999999999918800, 5.495853944692208300, 250.0000000000000000 ) ) ;
#1692 = VECTOR ( 'NONE', #6406, 1000.000000000000000 ) ;
#1693 = CARTESIAN_POINT ( 'NONE',  ( 68.19999999999419100, -14.50165173002494800, 0.0000000000000000000 ) ) ;
#1694 = EDGE_CURVE ( 'NONE', #777, #9635, #5884, .T. ) ;
#1695 = EDGE_CURVE ( 'NONE', #6718, #11142, #3579, .T. ) ;
#1696 = FACE_OUTER_BOUND ( 'NONE', #4223, .T. ) ;
#1697 = DIRECTION ( 'NONE',  ( 0.0000000000000000000, -0.0000000000000000000, -1.000000000000000000 ) ) ;
#1698 = CARTESIAN_POINT ( 'NONE',  ( 32.68073025445665500, -26.23036512018296300, 250.0000000000000000 ) ) ;
#1699 = AXIS2_PLACEMENT_3D ( 'NONE', #2803, #10187, #5683 ) ;
#1700 = CARTESIAN_POINT ( 'NONE',  ( 65.49602515533275900, 6.565966396540218000, 250.0000000000000000 ) ) ;
#1701 = ORIENTED_EDGE ( 'NONE', *, *, #4152, .F. ) ;
#1702 = ORIENTED_EDGE ( 'NONE', *, *, #4215, .F. ) ;
#1703 = VERTEX_POINT ( 'NONE', #6994 ) ;
#1704 = ADVANCED_FACE ( 'NONE', ( #6017 ), #7038, .F. ) ;
#1705 = VECTOR ( 'NONE', #11153, 1000.000000000000000 ) ;
#1706 = DIRECTION ( 'NONE',  ( -0.0000000000000000000, -1.000000000000000000, -0.0000000000000000000 ) ) ;
#1707 = DIRECTION ( 'NONE',  ( 0.7063805660550884800, -0.7078322512429713300, 0.0000000000000000000 ) ) ;
#1708 = LINE ( 'NONE', #8704, #5846 ) ;
#1709 = LINE ( 'NONE', #8280, #5691 ) ;
#1710 = EDGE_CURVE ( 'NONE', #4835, #1537, #10435, .T. ) ;
#1711 = EDGE_CURVE ( 'NONE', #5032, #1193, #4729, .T. ) ;
#1712 = ORIENTED_EDGE ( 'NONE', *, *, #146, .T. ) ;
#1713 = VERTEX_POINT ( 'NONE', #10591 ) ;
#1714 = VERTEX_POINT ( 'NONE', #2462 ) ;
#1715 = FACE_BOUND ( 'NONE', #3175, .T. ) ;
#1716 = FACE_OUTER_BOUND ( 'NONE', #8206, .T. ) ;
#1717 = AXIS2_PLACEMENT_3D ( 'NONE', #4209, #8676, #11435 ) ;
#1718 = PLANE ( 'NONE',  #6441 ) ;
#1719 = LINE ( 'NONE', #5916, #2705 ) ;
#1720 = ADVANCED_FACE ( 'NONE', ( #9298 ), #4345, .F. ) ;
#1721 = CARTESIAN_POINT ( 'NONE',  ( 59.99999999999418800, -19.99036512018243200, 250.0000000000000000 ) ) ;
#1722 = DIRECTION ( 'NONE',  ( 1.000000000000000000, -0.0000000000000000000, -0.0000000000000000000 ) ) ;
#1723 = EDGE_CURVE ( 'NONE', #9163, #10688, #9023, .T. ) ;
#1724 = PLANE ( 'NONE',  #2847 ) ;
#1725 = ORIENTED_EDGE ( 'NONE', *, *, #8204, .T. ) ;
#1726 = VERTEX_POINT ( 'NONE', #937 ) ;
#1727 = ORIENTED_EDGE ( 'NONE', *, *, #502, .F. ) ;
#1728 = VERTEX_POINT ( 'NONE', #2533 ) ;
#1729 = AXIS2_PLACEMENT_3D ( 'NONE', #10569, #6039, #10657 ) ;
#1730 = VECTOR ( 'NONE', #7625, 1000.000000000000000 ) ;
#1731 = VECTOR ( 'NONE', #640, 1000.000000000000000 ) ;
#1732 = CARTESIAN_POINT ( 'NONE',  ( 3.900000000014340000, -17.16832557109312100, 0.0000000000000000000 ) ) ;
#1733 = DIRECTION ( 'NONE',  ( -0.0000000000000000000, -0.0000000000000000000, -1.000000000000000000 ) ) ;
#1734 = EDGE_LOOP ( 'NONE', ( #6821, #8752, #4174, #8934 ) ) ;
#1735 = ORIENTED_EDGE ( 'NONE', *, *, #6254, .F. ) ;
#1736 = ORIENTED_EDGE ( 'NONE', *, *, #4498, .T. ) ;
#1737 = ORIENTED_EDGE ( 'NONE', *, *, #4884, .T. ) ;
#1738 = ORIENTED_EDGE ( 'NONE', *, *, #8303, .T. ) ;
#1739 = CARTESIAN_POINT ( 'NONE',  ( 68.19999999999419100, -17.11498865055904900, 250.0000000000000000 ) ) ;
#1740 = EDGE_LOOP ( 'NONE', ( #1132, #6399 ) ) ;
#1741 = DIRECTION ( 'NONE',  ( -0.7071067811865473500, -0.7071067811865477900, 0.0000000000000000000 ) ) ;
#1742 = LINE ( 'NONE', #4368, #11165 ) ;
#1743 = VECTOR ( 'NONE', #2298, 1000.000000000000000 ) ;
#1744 = CARTESIAN_POINT ( 'NONE',  ( 63.89999999999420100, -19.90664038059719200, 250.0000000000000000 ) ) ;
#1745 = CARTESIAN_POINT ( 'NONE',  ( 3.899999999999905800, -2.841651730025073900, 250.0000000000000000 ) ) ;
#1746 = DIRECTION ( 'NONE',  ( 5.485612931425163500E-012, -1.000000000000000000, 0.0000000000000000000 ) ) ;
#1747 = EDGE_CURVE ( 'NONE', #1703, #8969, #10574, .T. ) ;
#1748 = ORIENTED_EDGE ( 'NONE', *, *, #9039, .T. ) ;
#1749 = CARTESIAN_POINT ( 'NONE',  ( 25.48871339015736100, -28.19036512018228900, 250.0000000000000000 ) ) ;
#1750 = ORIENTED_EDGE ( 'NONE', *, *, #2996, .T. ) ;
#1751 = ORIENTED_EDGE ( 'NONE', *, *, #9930, .T. ) ;
#1752 = VERTEX_POINT ( 'NONE', #5455 ) ;
#1753 = EDGE_LOOP ( 'NONE', ( #370, #2587, #4039, #8046 ) ) ;
#1754 = ADVANCED_FACE ( 'NONE', ( #3172 ), #6207, .F. ) ;
#1755 = AXIS2_PLACEMENT_3D ( 'NONE', #3968, #4905, #4943 ) ;
#1756 = CIRCLE ( 'NONE', #10522, 2.099999999999997900 ) ;
#1757 = LINE ( 'NONE', #1146, #10157 ) ;
#1758 = ORIENTED_EDGE ( 'NONE', *, *, #2646, .T. ) ;
#1759 = ORIENTED_EDGE ( 'NONE', *, *, #5765, .T. ) ;
#1760 = ORIENTED_EDGE ( 'NONE', *, *, #8095, .T. ) ;
#1761 = EDGE_CURVE ( 'NONE', #8924, #3929, #10872, .T. ) ;
#1762 = VERTEX_POINT ( 'NONE', #10828 ) ;
#1763 = CARTESIAN_POINT ( 'NONE',  ( 59.99999999999418100, -16.08952252493459100, 0.0000000000000000000 ) ) ;
#1764 = CARTESIAN_POINT ( 'NONE',  ( 27.31926974553791600, -13.75036512018161100, 250.0000000000000000 ) ) ;
#1765 = ORIENTED_EDGE ( 'NONE', *, *, #5414, .T. ) ;
#1766 = ADVANCED_FACE ( 'NONE', ( #9446 ), #7234, .F. ) ;
#1767 = CARTESIAN_POINT ( 'NONE',  ( 68.30999999999419000, -22.88036512018231500, 0.0000000000000000000 ) ) ;
#1768 = CIRCLE ( 'NONE', #4842, 0.7900000000000008100 ) ;
#1769 = EDGE_CURVE ( 'NONE', #7549, #9746, #4595, .T. ) ;
#1770 = AXIS2_PLACEMENT_3D ( 'NONE', #11659, #7984, #7867 ) ;
#1771 = ORIENTED_EDGE ( 'NONE', *, *, #3818, .T. ) ;
#1772 = ORIENTED_EDGE ( 'NONE', *, *, #9724, .F. ) ;
#1773 = DIRECTION ( 'NONE',  ( -0.0000000000000000000, -0.0000000000000000000, -1.000000000000000000 ) ) ;
#1774 = DIRECTION ( 'NONE',  ( 1.000000000000000000, 1.057758217049728800E-015, 0.0000000000000000000 ) ) ;
#1775 = FACE_OUTER_BOUND ( 'NONE', #11345, .T. ) ;
#1776 = LINE ( 'NONE', #2238, #6328 ) ;
#1777 = VECTOR ( 'NONE', #4539, 1000.000000000000100 ) ;
#1778 = CARTESIAN_POINT ( 'NONE',  ( 66.23812491094130900, -7.297745508358056900, 250.0000000000000000 ) ) ;
#1779 = CARTESIAN_POINT ( 'NONE',  ( 55.10008305090737200, 10.00963487981756800, 250.0000000000000000 ) ) ;
#1780 = VERTEX_POINT ( 'NONE', #7273 ) ;
#1781 = EDGE_LOOP ( 'NONE', ( #5568, #4591, #11312, #7890 ) ) ;
#1782 = CARTESIAN_POINT ( 'NONE',  ( -9.200000000000004600, -15.09361780066056700, 250.0000000000000000 ) ) ;
#1783 = DIRECTION ( 'NONE',  ( 0.7071067811865734400, 0.7071067811865217000, 0.0000000000000000000 ) ) ;
#1784 = EDGE_CURVE ( 'NONE', #8590, #9443, #7287, .T. ) ;
#1785 = EDGE_CURVE ( 'NONE', #1296, #3876, #6150, .T. ) ;
#1786 = CARTESIAN_POINT ( 'NONE',  ( 27.31926974553747900, -28.19036512018301400, 0.0000000000000000000 ) ) ;
#1787 = EDGE_LOOP ( 'NONE', ( #6444, #4067, #8036, #3491 ) ) ;
#1788 = VECTOR ( 'NONE', #5157, 1000.000000000000000 ) ;
#1789 = CARTESIAN_POINT ( 'NONE',  ( 62.84036513428219500, -16.08952252493459100, 250.0000000000000000 ) ) ;
#1790 = LINE ( 'NONE', #5181, #11494 ) ;
#1791 = DIRECTION ( 'NONE',  ( 0.0000000000000000000, -1.000000000000000000, 0.0000000000000000000 ) ) ;
#1792 = ORIENTED_EDGE ( 'NONE', *, *, #1472, .F. ) ;
#1793 = VERTEX_POINT ( 'NONE', #7113 ) ;
#1794 = VECTOR ( 'NONE', #1535, 1000.000000000000000 ) ;
#1795 = DIRECTION ( 'NONE',  ( -0.7071067811865259200, 0.7071067811865691100, 0.0000000000000000000 ) ) ;
#1796 = DIRECTION ( 'NONE',  ( 0.0000000000000000000, 0.0000000000000000000, 1.000000000000000000 ) ) ;
#1797 = DIRECTION ( 'NONE',  ( -0.7078322512429711100, 0.7063805660550885900, -0.0000000000000000000 ) ) ;
#1798 = VECTOR ( 'NONE', #4560, 1000.000000000000000 ) ;
#1799 = AXIS2_PLACEMENT_3D ( 'NONE', #10601, #3270, #3240 ) ;
#1800 = DIRECTION ( 'NONE',  ( -1.000000000000000000, 0.0000000000000000000, 0.0000000000000000000 ) ) ;
#1801 = DIRECTION ( 'NONE',  ( 0.0000000000000000000, -1.000000000000000000, 0.0000000000000000000 ) ) ;
#1802 = VERTEX_POINT ( 'NONE', #7160 ) ;
#1803 = DIRECTION ( 'NONE',  ( -1.000000000000000000, 0.0000000000000000000, 0.0000000000000000000 ) ) ;
#1804 = ORIENTED_EDGE ( 'NONE', *, *, #9560, .T. ) ;
#1805 = VECTOR ( 'NONE', #8242, 1000.000000000000000 ) ;
#1806 = PLANE ( 'NONE',  #4004 ) ;
#1807 = FACE_OUTER_BOUND ( 'NONE', #9366, .T. ) ;
#1808 = DIRECTION ( 'NONE',  ( -0.0000000000000000000, -0.0000000000000000000, -1.000000000000000000 ) ) ;
#1809 = EDGE_CURVE ( 'NONE', #684, #9191, #6700, .T. ) ;
#1810 = CARTESIAN_POINT ( 'NONE',  ( 19.99999999991255400, -19.99036512018248500, 250.0000000000000000 ) ) ;
#1811 = ORIENTED_EDGE ( 'NONE', *, *, #3924, .F. ) ;
#1812 = FACE_OUTER_BOUND ( 'NONE', #8790, .T. ) ;
#1813 = VECTOR ( 'NONE', #6370, 1000.000000000000000 ) ;
#1814 = ADVANCED_FACE ( 'NONE', ( #11720 ), #8967, .T. ) ;
#1815 = DIRECTION ( 'NONE',  ( -1.000000000000000000, 0.0000000000000000000, 0.0000000000000000000 ) ) ;
#1816 = CARTESIAN_POINT ( 'NONE',  ( 59.91128660982330700, -23.89285944546705000, 250.0000000000000000 ) ) ;
#1817 = PERSON_AND_ORGANIZATION ( #4411, #10511 ) ;
#1818 = ORIENTED_EDGE ( 'NONE', *, *, #4215, .T. ) ;
#1819 = AXIS2_PLACEMENT_3D ( 'NONE', #637, #7948, #7911 ) ;
#1820 = VECTOR ( 'NONE', #7533, 1000.000000000000000 ) ;
#1821 = EDGE_CURVE ( 'NONE', #2629, #11727, #5868, .T. ) ;
#1822 = PLANE ( 'NONE',  #2300 ) ;
#1823 = FACE_OUTER_BOUND ( 'NONE', #7356, .T. ) ;
#1824 = VECTOR ( 'NONE', #5340, 1000.000000000000100 ) ;
#1825 = DIRECTION ( 'NONE',  ( -1.000000000000000000, 0.0000000000000000000, 0.0000000000000000000 ) ) ;
#1826 = EDGE_CURVE ( 'NONE', #11475, #809, #470, .T. ) ;
#1827 = CARTESIAN_POINT ( 'NONE',  ( 8.200000000000008200, -10.72952252493693900, 0.0000000000000000000 ) ) ;
#1828 = DIRECTION ( 'NONE',  ( 0.7071067811865481300, 0.7071067811865470200, 0.0000000000000000000 ) ) ;
#1829 = EDGE_CURVE ( 'NONE', #492, #5613, #5011, .T. ) ;
#1830 = ORIENTED_EDGE ( 'NONE', *, *, #8877, .T. ) ;
#1831 = PLANE ( 'NONE',  #6378 ) ;
#1832 = ORIENTED_EDGE ( 'NONE', *, *, #3765, .T. ) ;
#1833 = ORIENTED_EDGE ( 'NONE', *, *, #11549, .T. ) ;
#1834 = AXIS2_PLACEMENT_3D ( 'NONE', #5354, #3389, #5265 ) ;
#1835 = CIRCLE ( 'NONE', #3747, 2.099999999999999600 ) ;
#1836 = LINE ( 'NONE', #6913, #8545 ) ;
#1837 = CARTESIAN_POINT ( 'NONE',  ( 69.76861435712439200, 4.341131381295491900, 0.0000000000000000000 ) ) ;
#1838 = CARTESIAN_POINT ( 'NONE',  ( -2.875376469631258900, -28.30036512018218900, 250.0000000000000000 ) ) ;
#1839 = CARTESIAN_POINT ( 'NONE',  ( 10.00000000000000200, -4.904230295371559300, 250.0000000000000000 ) ) ;
#1840 = ORIENTED_EDGE ( 'NONE', *, *, #10549, .T. ) ;
#1841 = ORIENTED_EDGE ( 'NONE', *, *, #8953, .T. ) ;
#1842 = ORIENTED_EDGE ( 'NONE', *, *, #5088, .T. ) ;
#1843 = DIRECTION ( 'NONE',  ( -1.000000000000000000, 0.0000000000000000000, 0.0000000000000000000 ) ) ;
#1844 = FACE_BOUND ( 'NONE', #766, .T. ) ;
#1845 = EDGE_CURVE ( 'NONE', #3434, #3050, #3019, .T. ) ;
#1846 = EDGE_CURVE ( 'NONE', #6611, #3468, #9434, .T. ) ;
#1847 = EDGE_LOOP ( 'NONE', ( #609, #2921, #5582, #7741 ) ) ;
#1848 = FACE_OUTER_BOUND ( 'NONE', #2610, .T. ) ;
#1849 = DIRECTION ( 'NONE',  ( -1.000000000000000000, 0.0000000000000000000, 0.0000000000000000000 ) ) ;
#1850 = CARTESIAN_POINT ( 'NONE',  ( 8.200000000014338000, 5.495853944692210100, 250.0000000000000000 ) ) ;
#1851 = VECTOR ( 'NONE', #4100, 1000.000000000000000 ) ;
#1852 = CARTESIAN_POINT ( 'NONE',  ( -2.882688234812006200, 8.207983149782574400, 250.0000000000000000 ) ) ;
#1853 = ORIENTED_EDGE ( 'NONE', *, *, #4470, .T. ) ;
#1854 = ORIENTED_EDGE ( 'NONE', *, *, #5518, .F. ) ;
#1855 = ORIENTED_EDGE ( 'NONE', *, *, #11357, .T. ) ;
#1856 = DIRECTION ( 'NONE',  ( -0.0000000000000000000, -0.0000000000000000000, -1.000000000000000000 ) ) ;
#1857 = LINE ( 'NONE', #1050, #7703 ) ;
#1858 = LINE ( 'NONE', #1621, #9713 ) ;
#1859 = DIRECTION ( 'NONE',  ( 0.6659235971038473000, 0.7460199480042559700, 0.0000000000000000000 ) ) ;
#1860 = EDGE_CURVE ( 'NONE', #3580, #5298, #9145, .T. ) ;
#1861 = EDGE_CURVE ( 'NONE', #870, #1115, #2442, .T. ) ;
#1862 = ORIENTED_EDGE ( 'NONE', *, *, #11679, .F. ) ;
#1863 = VERTEX_POINT ( 'NONE', #10183 ) ;
#1864 = ORIENTED_EDGE ( 'NONE', *, *, #5860, .T. ) ;
#1865 = ORIENTED_EDGE ( 'NONE', *, *, #10776, .T. ) ;
#1866 = AXIS2_PLACEMENT_3D ( 'NONE', #8083, #1635, #10709 ) ;
#1867 = CARTESIAN_POINT ( 'NONE',  ( 63.89999999999420100, -17.16832557109312100, 250.0000000000000000 ) ) ;
#1868 = CARTESIAN_POINT ( 'NONE',  ( 59.91128660982330700, -23.89285944546705000, 0.0000000000000000000 ) ) ;
#1869 = CARTESIAN_POINT ( 'NONE',  ( 40.08952246339919900, -23.89285944546705000, 250.0000000000000000 ) ) ;
#1870 = EDGE_CURVE ( 'NONE', #6681, #11010, #4304, .T. ) ;
#1871 = LINE ( 'NONE', #248, #1323 ) ;
#1872 = ADVANCED_FACE ( 'NONE', ( #10283 ), #4611, .T. ) ;
#1873 = CARTESIAN_POINT ( 'NONE',  ( 69.99999999998702500, 8.505591811452930500, 250.0000000000000000 ) ) ;
#1874 = ORIENTED_EDGE ( 'NONE', *, *, #8095, .F. ) ;
#1875 = VERTEX_POINT ( 'NONE', #1895 ) ;
#1876 = ORIENTED_EDGE ( 'NONE', *, *, #11617, .F. ) ;
#1877 = ORIENTED_EDGE ( 'NONE', *, *, #8949, .F. ) ;
#1878 = ORIENTED_EDGE ( 'NONE', *, *, #9317, .F. ) ;
#1879 = ORIENTED_EDGE ( 'NONE', *, *, #9370, .T. ) ;
#1880 = DIRECTION ( 'NONE',  ( 0.0000000000000000000, -0.0000000000000000000, 1.000000000000000000 ) ) ;
#1881 = CARTESIAN_POINT ( 'NONE',  ( 15.09697033196240100, -10.79034973122128200, 0.0000000000000000000 ) ) ;
#1882 = FACE_OUTER_BOUND ( 'NONE', #7056, .T. ) ;
#1883 = VECTOR ( 'NONE', #4185, 1000.000000000000000 ) ;
#1884 = DIRECTION ( 'NONE',  ( -0.0000000000000000000, -0.0000000000000000000, -1.000000000000000000 ) ) ;
#1885 = ORIENTED_EDGE ( 'NONE', *, *, #6543, .T. ) ;
#1886 = ORIENTED_EDGE ( 'NONE', *, *, #1567, .T. ) ;
#1887 = ORIENTED_EDGE ( 'NONE', *, *, #6532, .T. ) ;
#1888 = ORIENTED_EDGE ( 'NONE', *, *, #8946, .F. ) ;
#1889 = CARTESIAN_POINT ( 'NONE',  ( 25.50201657697738600, -11.79036512018251400, 0.0000000000000000000 ) ) ;
#1890 = ORIENTED_EDGE ( 'NONE', *, *, #3911, .T. ) ;
#1891 = DIRECTION ( 'NONE',  ( 0.0000000000000000000, -0.0000000000000000000, -1.000000000000000000 ) ) ;
#1892 = CARTESIAN_POINT ( 'NONE',  ( 51.79999999999418500, 2.882517024154526400, 250.0000000000000000 ) ) ;
#1893 = VECTOR ( 'NONE', #6629, 1000.000000000000000 ) ;
#1894 = VECTOR ( 'NONE', #9959, 1000.000000000000000 ) ;
#1895 = CARTESIAN_POINT ( 'NONE',  ( 68.49595693162238800, 10.00963487981757200, 250.0000000000000000 ) ) ;
#1896 = DIRECTION ( 'NONE',  ( -0.7071067811865486800, -0.7071067811865464600, 0.0000000000000000000 ) ) ;
#1897 = ORIENTED_EDGE ( 'NONE', *, *, #278, .F. ) ;
#1898 = ORIENTED_EDGE ( 'NONE', *, *, #9638, .T. ) ;
#1899 = ORIENTED_EDGE ( 'NONE', *, *, #11643, .F. ) ;
#1900 = CARTESIAN_POINT ( 'NONE',  ( 42.87669675189366100, -11.78952446469386800, 250.0000000000000000 ) ) ;
#1901 = EDGE_CURVE ( 'NONE', #3988, #2231, #4581, .T. ) ;
#1902 = ORIENTED_EDGE ( 'NONE', *, *, #2230, .F. ) ;
#1903 = VECTOR ( 'NONE', #3674, 1000.000000000000000 ) ;
#1904 = AXIS2_PLACEMENT_3D ( 'NONE', #7773, #578, #10587 ) ;
#1905 = CYLINDRICAL_SURFACE ( 'NONE', #8710, 0.8000000000000020400 ) ;
#1906 = VECTOR ( 'NONE', #8391, 1000.000000000000000 ) ;
#1907 = DIRECTION ( 'NONE',  ( 0.6659235971038775000, -0.7460199480042291100, 0.0000000000000000000 ) ) ;
#1908 = DIRECTION ( 'NONE',  ( -0.9998613607526644100, -0.01665110428260868600, 0.0000000000000000000 ) ) ;
#1909 = DIRECTION ( 'NONE',  ( 0.0000000000000000000, -1.000000000000000000, 0.0000000000000000000 ) ) ;
#1910 = CARTESIAN_POINT ( 'NONE',  ( 66.57000000000135700, 8.207983149782574400, 0.0000000000000000000 ) ) ;
#1911 = CARTESIAN_POINT ( 'NONE',  ( 17.16956179095151900, -16.08952446469493200, 250.0000000000000000 ) ) ;
#1912 = DIRECTION ( 'NONE',  ( 0.7071067811865470200, -0.7071067811865480200, 0.0000000000000000000 ) ) ;
#1913 = ORIENTED_EDGE ( 'NONE', *, *, #11220, .F. ) ;
#1914 = ORIENTED_EDGE ( 'NONE', *, *, #4065, .T. ) ;
#1915 = LINE ( 'NONE', #6712, #2058 ) ;
#1916 = EDGE_CURVE ( 'NONE', #1076, #4454, #1598, .T. ) ;
#1917 = VECTOR ( 'NONE', #10083, 1000.000000000000000 ) ;
#1918 = VECTOR ( 'NONE', #762, 1000.000000000000200 ) ;
#1919 = DIRECTION ( 'NONE',  ( -1.000000000000000000, 0.0000000000000000000, 0.0000000000000000000 ) ) ;
#1920 = ORIENTED_EDGE ( 'NONE', *, *, #11434, .F. ) ;
#1921 = AXIS2_PLACEMENT_3D ( 'NONE', #10797, #8201, #1859 ) ;
#1922 = DIRECTION ( 'NONE',  ( 0.0000000000000000000, 1.000000000000000000, 0.0000000000000000000 ) ) ;
#1923 = CARTESIAN_POINT ( 'NONE',  ( 22.87537646963117400, -28.30036512018227100, 0.0000000000000000000 ) ) ;
#1924 = CARTESIAN_POINT ( 'NONE',  ( 37.12462353036301000, -28.19036512018228500, 250.0000000000000000 ) ) ;
#1925 = ORIENTED_EDGE ( 'NONE', *, *, #9997, .F. ) ;
#1926 = ORIENTED_EDGE ( 'NONE', *, *, #218, .T. ) ;
#1927 = ORIENTED_EDGE ( 'NONE', *, *, #8747, .F. ) ;
#1928 = DIRECTION ( 'NONE',  ( 1.000000000000000000, 3.179095945533921600E-016, 0.0000000000000000000 ) ) ;
#1929 = VECTOR ( 'NONE', #2655, 1000.000000000000000 ) ;
#1930 = DIRECTION ( 'NONE',  ( 0.0000000000000000000, -0.0000000000000000000, -1.000000000000000000 ) ) ;
#1931 = DIRECTION ( 'NONE',  ( -0.0000000000000000000, -0.0000000000000000000, -1.000000000000000000 ) ) ;
#1932 = LINE ( 'NONE', #10674, #7214 ) ;
#1933 = ADVANCED_FACE ( 'NONE', ( #10004 ), #1006, .F. ) ;
#1934 = ORIENTED_EDGE ( 'NONE', *, *, #9928, .F. ) ;
#1935 = EDGE_CURVE ( 'NONE', #9602, #3356, #11004, .T. ) ;
#1936 = EDGE_CURVE ( 'NONE', #1875, #1229, #7580, .T. ) ;
#1937 = CARTESIAN_POINT ( 'NONE',  ( -3.805222007298974900, -20.00141837329822200, 250.0000000000000000 ) ) ;
#1938 = ORIENTED_EDGE ( 'NONE', *, *, #651, .T. ) ;
#1939 = DIRECTION ( 'NONE',  ( 0.0000000000000000000, 0.0000000000000000000, 1.000000000000000000 ) ) ;
#1940 = ORIENTED_EDGE ( 'NONE', *, *, #5089, .T. ) ;
#1941 = AXIS2_PLACEMENT_3D ( 'NONE', #7836, #7803, #530 ) ;
#1942 = LINE ( 'NONE', #7378, #10208 ) ;
#1943 = PLANE ( 'NONE',  #8826 ) ;
#1944 = CARTESIAN_POINT ( 'NONE',  ( 68.19999999999419100, -26.56036512018241400, 0.0000000000000000000 ) ) ;
#1945 = DIRECTION ( 'NONE',  ( -0.7071067811865474600, -0.7071067811865474600, 0.0000000000000000000 ) ) ;
#1946 = LINE ( 'NONE', #9509, #8951 ) ;
#1947 = AXIS2_PLACEMENT_3D ( 'NONE', #11554, #6945, #726 ) ;
#1948 = CARTESIAN_POINT ( 'NONE',  ( 67.66000000000136100, 6.577983149782563800, 250.0000000000000000 ) ) ;
#1949 = DIRECTION ( 'NONE',  ( 1.000000000000000000, 0.0000000000000000000, 0.0000000000000000000 ) ) ;
#1950 = LINE ( 'NONE', #2382, #7813 ) ;
#1951 = PLANE ( 'NONE',  #11281 ) ;
#1952 = LINE ( 'NONE', #9565, #3106 ) ;
#1953 = DIRECTION ( 'NONE',  ( 0.0000000000000000000, 0.0000000000000000000, 1.000000000000000000 ) ) ;
#1954 = CARTESIAN_POINT ( 'NONE',  ( 34.51128660983683000, -28.19036512018228900, 250.0000000000000000 ) ) ;
#1955 = ADVANCED_FACE ( 'NONE', ( #3157 ), #5727, .T. ) ;
#1956 = FACE_OUTER_BOUND ( 'NONE', #10301, .T. ) ;
#1957 = DIRECTION ( 'NONE',  ( 0.7072143353590408800, -0.7069992106520841500, 0.0000000000000000000 ) ) ;
#1958 = CARTESIAN_POINT ( 'NONE',  ( 1.734723475976807100E-015, -23.79285944546526100, 250.0000000000000000 ) ) ;
#1959 = EDGE_CURVE ( 'NONE', #10278, #11511, #7720, .T. ) ;
#1960 = FACE_OUTER_BOUND ( 'NONE', #9549, .T. ) ;
#1961 = DIRECTION ( 'NONE',  ( -1.000000000000000000, -7.358464543525670200E-012, 0.0000000000000000000 ) ) ;
#1962 = CARTESIAN_POINT ( 'NONE',  ( 66.55999999997978000, 5.495853944692208300, 250.0000000000000000 ) ) ;
#1963 = CARTESIAN_POINT ( 'NONE',  ( 64.89991694908100300, 10.00963487981757000, 250.0000000000000000 ) ) ;
#1964 = VERTEX_POINT ( 'NONE', #8394 ) ;
#1965 = VECTOR ( 'NONE', #7340, 1000.000000000000000 ) ;
#1966 = AXIS2_PLACEMENT_3D ( 'NONE', #4043, #9627, #8717 ) ;
#1967 = LINE ( 'NONE', #2035, #3401 ) ;
#1968 = DIRECTION ( 'NONE',  ( -1.000000000000000000, 4.823982726551475700E-016, -0.0000000000000000000 ) ) ;
#1969 = LINE ( 'NONE', #7893, #1291 ) ;
#1970 = CARTESIAN_POINT ( 'NONE',  ( 17.12330324810052700, -11.78952446469386800, 0.0000000000000000000 ) ) ;
#1971 = EDGE_CURVE ( 'NONE', #4233, #741, #2853, .T. ) ;
#1972 = DIRECTION ( 'NONE',  ( -0.0000000000000000000, -0.0000000000000000000, -1.000000000000000000 ) ) ;
#1973 = VERTEX_POINT ( 'NONE', #9426 ) ;
#1974 = EDGE_LOOP ( 'NONE', ( #1701, #383, #4599, #8498 ) ) ;
#1975 = ORIENTED_EDGE ( 'NONE', *, *, #8767, .T. ) ;
#1976 = VECTOR ( 'NONE', #1436, 1000.000000000000000 ) ;
#1977 = DIRECTION ( 'NONE',  ( 1.000000000000000000, -0.0000000000000000000, -0.0000000000000000000 ) ) ;
#1978 = LINE ( 'NONE', #11283, #7991 ) ;
#1979 = CARTESIAN_POINT ( 'NONE',  ( 51.79999999999418500, -2.882859445469489600, 250.0000000000000000 ) ) ;
#1980 = EDGE_CURVE ( 'NONE', #10341, #5184, #3717, .T. ) ;
#1981 = CARTESIAN_POINT ( 'NONE',  ( 3.899999999999905800, -2.841651730025073900, 250.0000000000000000 ) ) ;
#1982 = LINE ( 'NONE', #59, #9252 ) ;
#1983 = DIRECTION ( 'NONE',  ( -0.0000000000000000000, -0.0000000000000000000, -1.000000000000000000 ) ) ;
#1984 = CARTESIAN_POINT ( 'NONE',  ( 32.68073025445665500, -26.23036512018296300, 0.0000000000000000000 ) ) ;
#1985 = EDGE_CURVE ( 'NONE', #600, #6589, #9855, .T. ) ;
#1986 = DIRECTION ( 'NONE',  ( -0.0000000000000000000, -0.0000000000000000000, -1.000000000000000000 ) ) ;
#1987 = CARTESIAN_POINT ( 'NONE',  ( -3.899999999985570600, 0.09834826997499368500, 0.0000000000000000000 ) ) ;
#1988 = ADVANCED_FACE ( 'NONE', ( #2577 ), #7637, .T. ) ;
#1989 = APPROVAL ( #2789, 'UNSPECIFIED' ) ;
#1990 = CARTESIAN_POINT ( 'NONE',  ( 51.79999999999418500, 2.882517024154526400, 250.0000000000000000 ) ) ;
#1991 = ORIENTED_EDGE ( 'NONE', *, *, #55, .F. ) ;
#1992 = ORIENTED_EDGE ( 'NONE', *, *, #5112, .F. ) ;
#1993 = ORIENTED_EDGE ( 'NONE', *, *, #572, .T. ) ;
#1994 = FACE_OUTER_BOUND ( 'NONE', #10749, .T. ) ;
#1995 = LINE ( 'NONE', #992, #5994 ) ;
#1996 = DIRECTION ( 'NONE',  ( -1.000000000000000000, 0.0000000000000000000, 0.0000000000000000000 ) ) ;
#1997 = LINE ( 'NONE', #513, #9265 ) ;
#1998 = PLANE ( 'NONE',  #9024 ) ;
#1999 = PLANE ( 'NONE',  #1552 ) ;
#2000 = CARTESIAN_POINT ( 'NONE',  ( 9.209999999999999100, 4.899745738432866200, 250.0000000000000000 ) ) ;
#2001 = CARTESIAN_POINT ( 'NONE',  ( 27.31926974553754000, -26.23036512018296300, 250.0000000000000000 ) ) ;
#2002 = EDGE_CURVE ( 'NONE', #3929, #3501, #4006, .T. ) ;
#2003 = EDGE_CURVE ( 'NONE', #3165, #7258, #8154, .T. ) ;
#2004 = ORIENTED_EDGE ( 'NONE', *, *, #6899, .F. ) ;
#2005 = ORIENTED_EDGE ( 'NONE', *, *, #7177, .T. ) ;
#2006 = EDGE_LOOP ( 'NONE', ( #5006, #7614, #7380, #7583 ) ) ;
#2007 = ORIENTED_EDGE ( 'NONE', *, *, #9599, .T. ) ;
#2008 = DIRECTION ( 'NONE',  ( -0.7295601560337936500, -0.6839166460380582400, 0.0000000000000000000 ) ) ;
#2009 = PLANE ( 'NONE',  #9351 ) ;
#2010 = CARTESIAN_POINT ( 'NONE',  ( 51.79999999997984600, -7.297745508358056900, 250.0000000000000000 ) ) ;
#2011 = VECTOR ( 'NONE', #2994, 1000.000000000000000 ) ;
#2012 = VECTOR ( 'NONE', #4120, 1000.000000000000000 ) ;
#2013 = DIRECTION ( 'NONE',  ( -0.0000000000000000000, 1.000000000000000000, -0.0000000000000000000 ) ) ;
#2014 = DIRECTION ( 'NONE',  ( 0.7063805660550885900, -0.7078322512429712200, 0.0000000000000000000 ) ) ;
#2015 = ORIENTED_EDGE ( 'NONE', *, *, #471, .T. ) ;
#2016 = ORIENTED_EDGE ( 'NONE', *, *, #2348, .T. ) ;
#2017 = ORIENTED_EDGE ( 'NONE', *, *, #7663, .T. ) ;
#2018 = EDGE_LOOP ( 'NONE', ( #2581, #11780, #4614, #8914 ) ) ;
#2019 = CARTESIAN_POINT ( 'NONE',  ( 66.55999999999414700, -25.49370204071641800, 250.0000000000000000 ) ) ;
#2020 = EDGE_LOOP ( 'NONE', ( #451, #9154, #10142, #2164, #4405 ) ) ;
#2021 = VERTEX_POINT ( 'NONE', #359 ) ;
#2022 = DIRECTION ( 'NONE',  ( -0.0000000000000000000, -0.0000000000000000000, -1.000000000000000000 ) ) ;
#2023 = EDGE_CURVE ( 'NONE', #8843, #11727, #1871, .T. ) ;
#2024 = EDGE_CURVE ( 'NONE', #478, #8868, #11585, .T. ) ;
#2025 = VECTOR ( 'NONE', #10498, 1000.000000000000000 ) ;
#2027 = ADVANCED_FACE ( 'NONE', ( #44 ), #2168, .T. ) ;
#2026 = FACE_OUTER_BOUND ( 'NONE', #5008, .T. ) ;
#2028 = VERTEX_POINT ( 'NONE', #11239 ) ;
#2029 = DIRECTION ( 'NONE',  ( -1.000000000000000000, 5.406564086636840100E-014, 0.0000000000000000000 ) ) ;
#2030 = CARTESIAN_POINT ( 'NONE',  ( 66.56999999999416700, -28.19036512018242000, 0.0000000000000000000 ) ) ;
#2031 = ORIENTED_EDGE ( 'NONE', *, *, #8264, .T. ) ;
#2032 = VERTEX_POINT ( 'NONE', #3889 ) ;
#2033 = VERTEX_POINT ( 'NONE', #5716 ) ;
#2034 = ORIENTED_EDGE ( 'NONE', *, *, #7147, .F. ) ;
#2035 = CARTESIAN_POINT ( 'NONE',  ( -5.496025155338566400, 6.565966396540218000, 250.0000000000000000 ) ) ;
#2036 = DIRECTION ( 'NONE',  ( -0.7073987682501932100, -0.7068146735022621300, 0.0000000000000000000 ) ) ;
#2037 = DIRECTION ( 'NONE',  ( -0.0000000000000000000, -0.0000000000000000000, -1.000000000000000000 ) ) ;
#2038 = LINE ( 'NONE', #9468, #5037 ) ;
#2039 = VECTOR ( 'NONE', #10196, 1000.000000000000100 ) ;
#2040 = EDGE_CURVE ( 'NONE', #4793, #478, #4716, .T. ) ;
#2041 = PLANE ( 'NONE',  #6224 ) ;
#2042 = ORIENTED_EDGE ( 'NONE', *, *, #8558, .F. ) ;
#2043 = VERTEX_POINT ( 'NONE', #2124 ) ;
#2044 = VERTEX_POINT ( 'NONE', #1316 ) ;
#2045 = DIRECTION ( 'NONE',  ( 0.0000000000000000000, 1.000000000000000000, 0.0000000000000000000 ) ) ;
#2046 = ORIENTED_EDGE ( 'NONE', *, *, #565, .T. ) ;
#2047 = CARTESIAN_POINT ( 'NONE',  ( -3.899999999985570600, 0.09834826997499368500, 250.0000000000000000 ) ) ;
#2048 = LINE ( 'NONE', #7662, #11481 ) ;
#2049 = LINE ( 'NONE', #7693, #8774 ) ;
#2050 = DIRECTION ( 'NONE',  ( 0.0000000000000000000, 0.0000000000000000000, 1.000000000000000000 ) ) ;
#2051 = DIRECTION ( 'NONE',  ( -0.0000000000000000000, -0.0000000000000000000, -1.000000000000000000 ) ) ;
#2052 = ORIENTED_EDGE ( 'NONE', *, *, #6247, .F. ) ;
#2053 = EDGE_CURVE ( 'NONE', #6916, #4936, #10717, .T. ) ;
#2054 = ORIENTED_EDGE ( 'NONE', *, *, #11017, .F. ) ;
#2055 = ADVANCED_FACE ( 'NONE', ( #1049 ), #11154, .F. ) ;
#2056 = DIRECTION ( 'NONE',  ( 0.0000000000000000000, 0.0000000000000000000, 1.000000000000000000 ) ) ;
#2057 = ORIENTED_EDGE ( 'NONE', *, *, #6139, .F. ) ;
#2058 = VECTOR ( 'NONE', #418, 1000.000000000000000 ) ;
#2059 = DIRECTION ( 'NONE',  ( 0.0000000000000000000, 0.0000000000000000000, 1.000000000000000000 ) ) ;
#2060 = CARTESIAN_POINT ( 'NONE',  ( -8.199999999999999300, -26.56036512018241400, 0.0000000000000000000 ) ) ;
#2061 = LINE ( 'NONE', #9528, #8062 ) ;
#2062 = LINE ( 'NONE', #8110, #5631 ) ;
#2063 = CARTESIAN_POINT ( 'NONE',  ( -3.900000000000004400, -17.16832557109312100, 250.0000000000000000 ) ) ;
#2064 = EDGE_CURVE ( 'NONE', #7589, #5212, #9282, .T. ) ;
#2065 = DIRECTION ( 'NONE',  ( -2.447266433964285900E-014, -1.000000000000000000, 0.0000000000000000000 ) ) ;
#2066 = EDGE_CURVE ( 'NONE', #6427, #4876, #757, .T. ) ;
#2067 = VERTEX_POINT ( 'NONE', #9314 ) ;
#2068 = AXIS2_PLACEMENT_3D ( 'NONE', #270, #6608, #3915 ) ;
#2069 = ORIENTED_EDGE ( 'NONE', *, *, #3794, .T. ) ;
#2070 = LINE ( 'NONE', #6335, #4494 ) ;
#2071 = DIRECTION ( 'NONE',  ( -0.0000000000000000000, -0.0000000000000000000, -1.000000000000000000 ) ) ;
#2072 = CARTESIAN_POINT ( 'NONE',  ( 45.50333692052829800, -28.19036512018228900, 250.0000000000000000 ) ) ;
#2073 = PLANE ( 'NONE',  #7666 ) ;
#2074 = LINE ( 'NONE', #3713, #11214 ) ;
#2075 = DIRECTION ( 'NONE',  ( 0.0000000000000000000, 0.0000000000000000000, 1.000000000000000000 ) ) ;
#2076 = CARTESIAN_POINT ( 'NONE',  ( 15.66761782315117400, -10.22967028555615500, 250.0000000000000000 ) ) ;
#2077 = ORIENTED_EDGE ( 'NONE', *, *, #6936, .T. ) ;
#2078 = EDGE_CURVE ( 'NONE', #8935, #5888, #180, .T. ) ;
#2079 = EDGE_CURVE ( 'NONE', #8075, #7463, #1589, .T. ) ;
#2080 = VERTEX_POINT ( 'NONE', #3845 ) ;
#2081 = ORIENTED_EDGE ( 'NONE', *, *, #9961, .T. ) ;
#2082 = VECTOR ( 'NONE', #5413, 1000.000000000000000 ) ;
#2083 = DIRECTION ( 'NONE',  ( 0.7071067811865474600, 0.7071067811865476800, -0.0000000000000000000 ) ) ;
#2084 = FACE_OUTER_BOUND ( 'NONE', #2204, .T. ) ;
#2085 = PLANE ( 'NONE',  #8561 ) ;
#2086 = DIRECTION ( 'NONE',  ( -0.01665110428261081300, -0.9998613607526644100, -0.0000000000000000000 ) ) ;
#2087 = ADVANCED_FACE ( 'NONE', ( #8011 ), #9664, .F. ) ;
#2088 = ORIENTED_EDGE ( 'NONE', *, *, #5138, .F. ) ;
#2089 = VECTOR ( 'NONE', #1609, 1000.000000000000000 ) ;
#2090 = VECTOR ( 'NONE', #7330, 1000.000000000000100 ) ;
#2091 = EDGE_CURVE ( 'NONE', #6286, #352, #6684, .T. ) ;
#2092 = EDGE_CURVE ( 'NONE', #1973, #10864, #7275, .T. ) ;
#2093 = PLANE ( 'NONE',  #351 ) ;
#2094 = DIRECTION ( 'NONE',  ( -0.0000000000000000000, -0.0000000000000000000, -1.000000000000000000 ) ) ;
#2095 = DIRECTION ( 'NONE',  ( -1.000000000000000000, -0.0000000000000000000, -0.0000000000000000000 ) ) ;
#2096 = ORIENTED_EDGE ( 'NONE', *, *, #8746, .F. ) ;
#2097 = VECTOR ( 'NONE', #7965, 1000.000000000000000 ) ;
#2098 = CARTESIAN_POINT ( 'NONE',  ( 68.19999999999419100, -7.297745508358056900, 250.0000000000000000 ) ) ;
#2099 = EDGE_CURVE ( 'NONE', #4025, #5611, #4149, .T. ) ;
#2100 = VECTOR ( 'NONE', #1679, 1000.000000000000000 ) ;
#2101 = DIRECTION ( 'NONE',  ( 0.7072143353590414300, 0.7069992106520834900, -0.0000000000000000000 ) ) ;
#2102 = CARTESIAN_POINT ( 'NONE',  ( 20.11084238353197400, -23.89285944546705000, 250.0000000000000000 ) ) ;
#2103 = CARTESIAN_POINT ( 'NONE',  ( 65.49602515533275900, 8.207983149782574400, 250.0000000000000000 ) ) ;
#2104 = VECTOR ( 'NONE', #7017, 1000.000000000000000 ) ;
#2105 = ADVANCED_FACE ( 'NONE', ( #4569 ), #3706, .T. ) ;
#2106 = VECTOR ( 'NONE', #7852, 1000.000000000000100 ) ;
#2107 = VECTOR ( 'NONE', #11666, 1000.000000000000100 ) ;
#2108 = PLANE ( 'NONE',  #8073 ) ;
#2109 = PLANE ( 'NONE',  #6195 ) ;
#2110 = ORIENTED_EDGE ( 'NONE', *, *, #6738, .T. ) ;
#2111 = ORIENTED_EDGE ( 'NONE', *, *, #2766, .T. ) ;
#2112 = FACE_OUTER_BOUND ( 'NONE', #6590, .T. ) ;
#2113 = DIRECTION ( 'NONE',  ( 1.000000000000000000, 0.0000000000000000000, 0.0000000000000000000 ) ) ;
#2114 = LINE ( 'NONE', #9512, #9118 ) ;
#2115 = DIRECTION ( 'NONE',  ( 0.7071067811865472400, 0.7071067811865479100, 0.0000000000000000000 ) ) ;
#2116 = LINE ( 'NONE', #1668, #11551 ) ;
#2117 = DIRECTION ( 'NONE',  ( -1.000000000000000000, -0.0000000000000000000, -0.0000000000000000000 ) ) ;
#2118 = ORIENTED_EDGE ( 'NONE', *, *, #11243, .F. ) ;
#2119 = ORIENTED_EDGE ( 'NONE', *, *, #9808, .F. ) ;
#2120 = ORIENTED_EDGE ( 'NONE', *, *, #10658, .F. ) ;
#2121 = VECTOR ( 'NONE', #10041, 1000.000000000000000 ) ;
#2122 = DIRECTION ( 'NONE',  ( -0.0000000000000000000, -0.0000000000000000000, -1.000000000000000000 ) ) ;
#2123 = ORIENTED_EDGE ( 'NONE', *, *, #618, .F. ) ;
#2124 = CARTESIAN_POINT ( 'NONE',  ( 63.89999999997976200, 2.836663079479063000, 250.0000000000000000 ) ) ;
#2125 = VECTOR ( 'NONE', #2245, 1000.000000000000000 ) ;
#2126 = DIRECTION ( 'NONE',  ( 0.7069992106520830400, 0.7072143353590419900, -0.0000000000000000000 ) ) ;
#2127 = FACE_OUTER_BOUND ( 'NONE', #837, .T. ) ;
#2128 = EDGE_CURVE ( 'NONE', #9302, #3040, #1311, .T. ) ;
#2129 = DIRECTION ( 'NONE',  ( 0.0000000000000000000, 1.000000000000000000, 0.0000000000000000000 ) ) ;
#2130 = CARTESIAN_POINT ( 'NONE',  ( 42.88999999999419500, -28.19036512018223600, 250.0000000000000000 ) ) ;
#2131 = ADVANCED_FACE ( 'NONE', ( #5858 ), #5167, .F. ) ;
#2132 = ORIENTED_EDGE ( 'NONE', *, *, #4766, .T. ) ;
#2133 = ORIENTED_EDGE ( 'NONE', *, *, #8974, .F. ) ;
#2134 = VERTEX_POINT ( 'NONE', #8847 ) ;
#2135 = CARTESIAN_POINT ( 'NONE',  ( 69.76861435713155400, -24.33897947731967500, 0.0000000000000000000 ) ) ;
#2136 = PLANE ( 'NONE',  #7653 ) ;
#2137 = EDGE_CURVE ( 'NONE', #1497, #1115, #4291, .T. ) ;
#2138 = AXIS2_PLACEMENT_3D ( 'NONE', #3895, #11400, #6866 ) ;
#2139 = CARTESIAN_POINT ( 'NONE',  ( -5.488713390157446500, -26.55168528746671400, 250.0000000000000000 ) ) ;
#2140 = CARTESIAN_POINT ( 'NONE',  ( 66.55999999997980900, -5.496196365999260500, 0.0000000000000000000 ) ) ;
#2141 = CARTESIAN_POINT ( 'NONE',  ( 4.911370849898591300, -29.99036512018235400, 250.0000000000000000 ) ) ;
#2142 = DIRECTION ( 'NONE',  ( -0.0000000000000000000, -0.0000000000000000000, -1.000000000000000000 ) ) ;
#2143 = VECTOR ( 'NONE', #5490, 1000.000000000000000 ) ;
#2144 = VECTOR ( 'NONE', #6134, 1000.000000000000000 ) ;
#2145 = CARTESIAN_POINT ( 'NONE',  ( 12.69999998590117400, -26.24036512018223300, 250.0000000000000000 ) ) ;
#2146 = ORIENTED_EDGE ( 'NONE', *, *, #8635, .T. ) ;
#2147 = ORIENTED_EDGE ( 'NONE', *, *, #2079, .F. ) ;
#2148 = ORIENTED_EDGE ( 'NONE', *, *, #8132, .T. ) ;
#2149 = EDGE_LOOP ( 'NONE', ( #6013, #7885, #4500, #6864, #2052 ) ) ;
#2150 = DIRECTION ( 'NONE',  ( -0.0000000000000000000, -0.0000000000000000000, -1.000000000000000000 ) ) ;
#2151 = DIRECTION ( 'NONE',  ( -0.7480608505140109400, 0.6636301409130349600, 0.0000000000000000000 ) ) ;
#2152 = LINE ( 'NONE', #346, #1730 ) ;
#2153 = VECTOR ( 'NONE', #6276, 1000.000000000000000 ) ;
#2154 = DIRECTION ( 'NONE',  ( 0.0000000000000000000, 0.0000000000000000000, 1.000000000000000000 ) ) ;
#2155 = EDGE_CURVE ( 'NONE', #8030, #2699, #9005, .T. ) ;
#2156 = EDGE_CURVE ( 'NONE', #777, #10285, #10857, .T. ) ;
#2157 = VERTEX_POINT ( 'NONE', #1425 ) ;
#2158 = DIRECTION ( 'NONE',  ( 1.000000000000000000, -1.057758217049745200E-015, 0.0000000000000000000 ) ) ;
#2159 = ORIENTED_EDGE ( 'NONE', *, *, #886, .T. ) ;
#2160 = ORIENTED_EDGE ( 'NONE', *, *, #8025, .T. ) ;
#2161 = ORIENTED_EDGE ( 'NONE', *, *, #9345, .F. ) ;
#2162 = ORIENTED_EDGE ( 'NONE', *, *, #7969, .T. ) ;
#2163 = ORIENTED_EDGE ( 'NONE', *, *, #10137, .T. ) ;
#2164 = ORIENTED_EDGE ( 'NONE', *, *, #3986, .T. ) ;
#2165 = ADVANCED_FACE ( 'NONE', ( #5712 ), #6100, .T. ) ;
#2166 = FACE_OUTER_BOUND ( 'NONE', #6522, .T. ) ;
#2167 = FACE_OUTER_BOUND ( 'NONE', #8737, .T. ) ;
#2168 = PLANE ( 'NONE',  #6598 ) ;
#2169 = ORIENTED_EDGE ( 'NONE', *, *, #3248, .F. ) ;
#2170 = ORIENTED_EDGE ( 'NONE', *, *, #1829, .T. ) ;
#2171 = VERTEX_POINT ( 'NONE', #11586 ) ;
#2172 = ORIENTED_EDGE ( 'NONE', *, *, #1608, .T. ) ;
#2173 = ORIENTED_EDGE ( 'NONE', *, *, #5812, .F. ) ;
#2174 = CARTESIAN_POINT ( 'NONE',  ( -5.488713390157446500, -28.19036512018228900, 250.0000000000000000 ) ) ;
#2175 = AXIS2_PLACEMENT_3D ( 'NONE', #9268, #5898, #6701 ) ;
#2176 = CARTESIAN_POINT ( 'NONE',  ( 69.76568542494344200, -15.65930322560980400, 250.0000000000000000 ) ) ;
#2177 = ORIENTED_EDGE ( 'NONE', *, *, #5088, .F. ) ;
#2178 = CARTESIAN_POINT ( 'NONE',  ( -6.570000000007158100, 8.207983149782574400, 250.0000000000000000 ) ) ;
#2179 = VECTOR ( 'NONE', #4942, 1000.000000000000000 ) ;
#2180 = LINE ( 'NONE', #665, #5440 ) ;
#2181 = PLANE ( 'NONE',  #9986 ) ;
#2182 = DIRECTION ( 'NONE',  ( 1.000000000000000000, 4.810863916118015400E-016, -0.0000000000000000000 ) ) ;
#2183 = CARTESIAN_POINT ( 'NONE',  ( 14.49666307946589100, -28.19036512018228900, 250.0000000000000000 ) ) ;
#2184 = CARTESIAN_POINT ( 'NONE',  ( 40.08952246339919900, -23.89285944546705000, 250.0000000000000000 ) ) ;
#2185 = ORIENTED_EDGE ( 'NONE', *, *, #957, .T. ) ;
#2186 = EDGE_LOOP ( 'NONE', ( #8290, #3612, #1877, #2858 ) ) ;
#2187 = ORIENTED_EDGE ( 'NONE', *, *, #405, .F. ) ;
#2188 = DIRECTION ( 'NONE',  ( -0.0000000000000000000, 0.0000000000000000000, -1.000000000000000000 ) ) ;
#2189 = ORIENTED_EDGE ( 'NONE', *, *, #3891, .F. ) ;
#2190 = LINE ( 'NONE', #8044, #10320 ) ;
#2191 = CARTESIAN_POINT ( 'NONE',  ( 51.79999999997984600, -7.297745508358056900, 250.0000000000000000 ) ) ;
#2192 = EDGE_CURVE ( 'NONE', #4630, #6733, #1858, .T. ) ;
#2193 = LINE ( 'NONE', #10491, #7322 ) ;
#2194 = VERTEX_POINT ( 'NONE', #1574 ) ;
#2195 = LINE ( 'NONE', #9256, #1906 ) ;
#2196 = CARTESIAN_POINT ( 'NONE',  ( 62.83500212322299900, -3.901602146817069200, 0.0000000000000000000 ) ) ;
#2197 = CARTESIAN_POINT ( 'NONE',  ( 47.30000001409307200, -28.19036512018258000, 250.0000000000000000 ) ) ;
#2198 = DIRECTION ( 'NONE',  ( -0.7071067811865477900, 0.7071067811865473500, -0.0000000000000000000 ) ) ;
#2199 = DIRECTION ( 'NONE',  ( -0.0000000000000000000, -0.0000000000000000000, -1.000000000000000000 ) ) ;
#2200 = ADVANCED_FACE ( 'NONE', ( #4860 ), #6006, .T. ) ;
#2201 = DIRECTION ( 'NONE',  ( -0.0000000000000000000, -0.0000000000000000000, -1.000000000000000000 ) ) ;
#2202 = ORIENTED_EDGE ( 'NONE', *, *, #2842, .F. ) ;
#2203 = VERTEX_POINT ( 'NONE', #10520 ) ;
#2204 = EDGE_LOOP ( 'NONE', ( #11487, #7860, #6002, #11023 ) ) ;
#2205 = VECTOR ( 'NONE', #8530, 1000.000000000000000 ) ;
#2206 = PLANE ( 'NONE',  #10364 ) ;
#2207 = VECTOR ( 'NONE', #9941, 1000.000000000000000 ) ;
#2208 = LINE ( 'NONE', #2648, #1918 ) ;
#2209 = CARTESIAN_POINT ( 'NONE',  ( 22.87537646963117400, -28.19036512018228500, 250.0000000000000000 ) ) ;
#2210 = EDGE_CURVE ( 'NONE', #5754, #7179, #11296, .T. ) ;
#2211 = CARTESIAN_POINT ( 'NONE',  ( 4.899916949086820000, 10.00963487981757000, 250.0000000000000000 ) ) ;
#2212 = ORIENTED_EDGE ( 'NONE', *, *, #9101, .F. ) ;
#2213 = CARTESIAN_POINT ( 'NONE',  ( -8.199999999999999300, -26.56036512018241400, 250.0000000000000000 ) ) ;
#2214 = ORIENTED_EDGE ( 'NONE', *, *, #6582, .T. ) ;
#2215 = DIRECTION ( 'NONE',  ( -0.0000000000000000000, -1.000000000000000000, -0.0000000000000000000 ) ) ;
#2216 = VERTEX_POINT ( 'NONE', #7951 ) ;
#2217 = CARTESIAN_POINT ( 'NONE',  ( -8.309999999999998700, -22.88036512018231500, 250.0000000000000000 ) ) ;
#2218 = CIRCLE ( 'NONE', #11044, 2.099999999999997900 ) ;
#2219 = EDGE_CURVE ( 'NONE', #2465, #4738, #8141, .T. ) ;
#2220 = LINE ( 'NONE', #8151, #2935 ) ;
#2221 = EDGE_CURVE ( 'NONE', #4879, #8460, #35, .T. ) ;
#2222 = CARTESIAN_POINT ( 'NONE',  ( -4.899916949086816400, 10.00963487981757000, 0.0000000000000000000 ) ) ;
#2223 = AXIS2_PLACEMENT_3D ( 'NONE', #6027, #5035, #5985 ) ;
#2224 = FACE_OUTER_BOUND ( 'NONE', #9984, .T. ) ;
#2225 = LINE ( 'NONE', #5959, #1666 ) ;
#2226 = ADVANCED_FACE ( 'NONE', ( #8000 ), #599, .F. ) ;
#2227 = PLANE ( 'NONE',  #10263 ) ;
#2228 = CARTESIAN_POINT ( 'NONE',  ( 6.559999999999942800, -5.496196365999260500, 250.0000000000000000 ) ) ;
#2229 = EDGE_CURVE ( 'NONE', #11010, #7423, #1459, .T. ) ;
#2230 = EDGE_CURVE ( 'NONE', #598, #2281, #8729, .T. ) ;
#2231 = VERTEX_POINT ( 'NONE', #9778 ) ;
#2232 = VECTOR ( 'NONE', #496, 1000.000000000000000 ) ;
#2233 = CARTESIAN_POINT ( 'NONE',  ( 2.840000000002357100, -16.08952252493459100, 250.0000000000000000 ) ) ;
#2234 = CARTESIAN_POINT ( 'NONE',  ( 59.99999999999418800, -19.99036512018243200, 0.0000000000000000000 ) ) ;
#2235 = LINE ( 'NONE', #2191, #4383 ) ;
#2236 = CARTESIAN_POINT ( 'NONE',  ( 53.43999999999427100, 5.495853944692208300, 250.0000000000000000 ) ) ;
#2237 = CARTESIAN_POINT ( 'NONE',  ( 68.19999999999419100, 6.577983149782563800, 250.0000000000000000 ) ) ;
#2238 = CARTESIAN_POINT ( 'NONE',  ( 35.10325268046423700, -29.99036512018231400, 250.0000000000000000 ) ) ;
#2239 = VECTOR ( 'NONE', #2305, 1000.000000000000100 ) ;
#2240 = EDGE_CURVE ( 'NONE', #7465, #6146, #2427, .T. ) ;
#2241 = EDGE_CURVE ( 'NONE', #5652, #10426, #7865, .T. ) ;
#2242 = CARTESIAN_POINT ( 'NONE',  ( -8.310000000000002300, -17.11498865055904900, 250.0000000000000000 ) ) ;
#2243 = LINE ( 'NONE', #11327, #577 ) ;
#2244 = CARTESIAN_POINT ( 'NONE',  ( -9.200000000000004600, -15.09361780066056700, 250.0000000000000000 ) ) ;
#2245 = DIRECTION ( 'NONE',  ( 4.810863916118015400E-016, 1.000000000000000000, 0.0000000000000000000 ) ) ;
#2246 = LINE ( 'NONE', #11479, #7532 ) ;
#2247 = CARTESIAN_POINT ( 'NONE',  ( 47.30000001409307200, -13.75036510608260100, 250.0000000000000000 ) ) ;
#2248 = ADVANCED_FACE ( 'NONE', ( #9423 ), #4273, .F. ) ;
#2249 = ORIENTED_EDGE ( 'NONE', *, *, #6046, .F. ) ;
#2250 = CIRCLE ( 'NONE', #364, 2.099999999999997900 ) ;
#2251 = LINE ( 'NONE', #10000, #432 ) ;
#2252 = CARTESIAN_POINT ( 'NONE',  ( 66.24000000000135900, -12.68988765921544000, 0.0000000000000000000 ) ) ;
#2253 = DIRECTION ( 'NONE',  ( -0.0000000000000000000, -0.0000000000000000000, -1.000000000000000000 ) ) ;
#2254 = CARTESIAN_POINT ( 'NONE',  ( 68.19999999999419100, -28.19036512018242000, 250.0000000000000000 ) ) ;
#2255 = FACE_OUTER_BOUND ( 'NONE', #2872, .T. ) ;
#2256 = DIRECTION ( 'NONE',  ( -0.0000000000000000000, -0.0000000000000000000, -1.000000000000000000 ) ) ;
#2257 = EDGE_LOOP ( 'NONE', ( #3601, #6275, #8527, #8855 ) ) ;
#2258 = ORIENTED_EDGE ( 'NONE', *, *, #9116, .T. ) ;
#2259 = ORIENTED_EDGE ( 'NONE', *, *, #4205, .F. ) ;
#2260 = LINE ( 'NONE', #4935, #5856 ) ;
#2261 = CARTESIAN_POINT ( 'NONE',  ( -2.835002123228811000, -3.901602146817069200, 250.0000000000000000 ) ) ;
#2262 = LINE ( 'NONE', #10561, #11119 ) ;
#2263 = DIRECTION ( 'NONE',  ( 0.7071067811865560100, -0.7071067811865391400, -0.0000000000000000000 ) ) ;
#2264 = VECTOR ( 'NONE', #100, 1000.000000000000000 ) ;
#2265 = DIRECTION ( 'NONE',  ( 0.0000000000000000000, -1.000000000000000000, 0.0000000000000000000 ) ) ;
#2266 = DIRECTION ( 'NONE',  ( 7.885106709243460900E-015, -1.000000000000000000, 0.0000000000000000000 ) ) ;
#2267 = EDGE_CURVE ( 'NONE', #9191, #3470, #10704, .T. ) ;
#2268 = CARTESIAN_POINT ( 'NONE',  ( 35.08994949365157400, -10.79036512018242500, 250.0000000000000000 ) ) ;
#2269 = EDGE_LOOP ( 'NONE', ( #6990, #8322, #4805, #5081 ) ) ;
#2270 = ORIENTED_EDGE ( 'NONE', *, *, #6254, .T. ) ;
#2271 = ORIENTED_EDGE ( 'NONE', *, *, #7332, .F. ) ;
#2272 = FACE_OUTER_BOUND ( 'NONE', #10698, .T. ) ;
#2273 = LINE ( 'NONE', #3202, #6976 ) ;
#2274 = EDGE_CURVE ( 'NONE', #778, #821, #1186, .T. ) ;
#2275 = VECTOR ( 'NONE', #2424, 1000.000000000000000 ) ;
#2276 = ADVANCED_FACE ( 'NONE', ( #11445 ), #8706, .F. ) ;
#2277 = EDGE_CURVE ( 'NONE', #505, #10581, #6557, .T. ) ;
#2278 = CARTESIAN_POINT ( 'NONE',  ( -9.209999999992829700, 4.899745738432866200, 250.0000000000000000 ) ) ;
#2279 = AXIS2_PLACEMENT_3D ( 'NONE', #10040, #7281, #1825 ) ;
#2280 = ORIENTED_EDGE ( 'NONE', *, *, #7193, .F. ) ;
#2281 = VERTEX_POINT ( 'NONE', #707 ) ;
#2282 = VERTEX_POINT ( 'NONE', #11573 ) ;
#2283 = ORIENTED_EDGE ( 'NONE', *, *, #266, .T. ) ;
#2284 = DIRECTION ( 'NONE',  ( -0.0000000000000000000, -0.0000000000000000000, -1.000000000000000000 ) ) ;
#2285 = LINE ( 'NONE', #8347, #9721 ) ;
#2286 = FACE_OUTER_BOUND ( 'NONE', #6250, .T. ) ;
#2287 = ORIENTED_EDGE ( 'NONE', *, *, #7571, .T. ) ;
#2288 = EDGE_LOOP ( 'NONE', ( #633, #8162, #5861, #1725 ) ) ;
#2289 = CARTESIAN_POINT ( 'NONE',  ( 42.88999999999419500, -28.19036512018223600, 0.0000000000000000000 ) ) ;
#2290 = EDGE_CURVE ( 'NONE', #5421, #3562, #6986, .T. ) ;
#2291 = EDGE_CURVE ( 'NONE', #11727, #10340, #3994, .T. ) ;
#2292 = DIRECTION ( 'NONE',  ( -0.0000000000000000000, -0.0000000000000000000, -1.000000000000000000 ) ) ;
#2293 = ORIENTED_EDGE ( 'NONE', *, *, #5743, .T. ) ;
#2294 = ORIENTED_EDGE ( 'NONE', *, *, #4993, .F. ) ;
#2295 = ORIENTED_EDGE ( 'NONE', *, *, #9540, .F. ) ;
#2296 = EDGE_LOOP ( 'NONE', ( #7771, #8422, #9076, #2323 ) ) ;
#2297 = ORIENTED_EDGE ( 'NONE', *, *, #6789, .F. ) ;
#2298 = DIRECTION ( 'NONE',  ( -0.0000000000000000000, -0.0000000000000000000, -1.000000000000000000 ) ) ;
#2299 = ORIENTED_EDGE ( 'NONE', *, *, #8397, .F. ) ;
#2300 = AXIS2_PLACEMENT_3D ( 'NONE', #901, #10921, #11765 ) ;
#2301 = CARTESIAN_POINT ( 'NONE',  ( 5.503336920534022300, -26.55128087389479300, 250.0000000000000000 ) ) ;
#2302 = FACE_OUTER_BOUND ( 'NONE', #1306, .T. ) ;
#2303 = LINE ( 'NONE', #2981, #11737 ) ;
#2304 = DIRECTION ( 'NONE',  ( 0.7480608504607860800, 0.6636301409730315200, -0.0000000000000000000 ) ) ;
#2305 = DIRECTION ( 'NONE',  ( 0.7071067811865470200, 0.7071067811865479100, 0.0000000000000000000 ) ) ;
#2306 = ORIENTED_EDGE ( 'NONE', *, *, #1062, .F. ) ;
#2307 = ORIENTED_EDGE ( 'NONE', *, *, #1694, .F. ) ;
#2308 = EDGE_LOOP ( 'NONE', ( #5841, #5587, #10327, #9053 ) ) ;
#2309 = VERTEX_POINT ( 'NONE', #4389 ) ;
#2310 = ORIENTED_EDGE ( 'NONE', *, *, #10510, .F. ) ;
#2311 = ORIENTED_EDGE ( 'NONE', *, *, #5155, .T. ) ;
#2312 = CARTESIAN_POINT ( 'NONE',  ( 51.68999999999778100, 2.882517024154526400, 0.0000000000000000000 ) ) ;
#2313 = DIRECTION ( 'NONE',  ( -0.0000000000000000000, -0.0000000000000000000, -1.000000000000000000 ) ) ;
#2314 = ADVANCED_FACE ( 'NONE', ( #10558 ), #10646, .F. ) ;
#2315 = EDGE_CURVE ( 'NONE', #10530, #600, #3292, .T. ) ;
#2316 = EDGE_CURVE ( 'NONE', #8175, #9877, #3859, .T. ) ;
#2317 = CARTESIAN_POINT ( 'NONE',  ( 45.50333692052829800, -28.19036512018228900, 250.0000000000000000 ) ) ;
#2318 = LINE ( 'NONE', #2019, #11748 ) ;
#2319 = VECTOR ( 'NONE', #7328, 1000.000000000000000 ) ;
#2320 = DIRECTION ( 'NONE',  ( 1.000000000000000000, -2.124148279354379300E-014, 0.0000000000000000000 ) ) ;
#2321 = AXIS2_PLACEMENT_3D ( 'NONE', #5866, #3203, #2354 ) ;
#2322 = ORIENTED_EDGE ( 'NONE', *, *, #9881, .F. ) ;
#2323 = ORIENTED_EDGE ( 'NONE', *, *, #7508, .T. ) ;
#2324 = ORIENTED_EDGE ( 'NONE', *, *, #8333, .F. ) ;
#2325 = ORIENTED_EDGE ( 'NONE', *, *, #11258, .T. ) ;
#2326 = DIRECTION ( 'NONE',  ( -1.000000000000000000, -0.0000000000000000000, -0.0000000000000000000 ) ) ;
#2327 = ORIENTED_EDGE ( 'NONE', *, *, #8025, .F. ) ;
#2328 = DIRECTION ( 'NONE',  ( -0.7072143353590414300, 0.7069992106520834900, 0.0000000000000000000 ) ) ;
#2329 = LINE ( 'NONE', #8667, #4476 ) ;
#2330 = LINE ( 'NONE', #5267, #221 ) ;
#2331 = DIRECTION ( 'NONE',  ( 0.0000000000000000000, -1.000000000000000000, 0.0000000000000000000 ) ) ;
#2332 = AXIS2_PLACEMENT_3D ( 'NONE', #8885, #8841, #5280 ) ;
#2333 = PLANE ( 'NONE',  #5039 ) ;
#2334 = ORIENTED_EDGE ( 'NONE', *, *, #9892, .F. ) ;
#2335 = DIRECTION ( 'NONE',  ( -0.7071067811865474600, 0.7071067811865474600, -0.0000000000000000000 ) ) ;
#2336 = ORIENTED_EDGE ( 'NONE', *, *, #174, .T. ) ;
#2337 = PLANE ( 'NONE',  #7513 ) ;
#2338 = LINE ( 'NONE', #2301, #5924 ) ;
#2339 = CARTESIAN_POINT ( 'NONE',  ( 66.56999999999416700, -28.19036512018242000, 250.0000000000000000 ) ) ;
#2340 = DIRECTION ( 'NONE',  ( 1.000000000000000000, 0.0000000000000000000, 0.0000000000000000000 ) ) ;
#2341 = DIRECTION ( 'NONE',  ( -0.0000000000000000000, -0.0000000000000000000, -1.000000000000000000 ) ) ;
#2342 = FACE_OUTER_BOUND ( 'NONE', #7586, .T. ) ;
#2343 = LINE ( 'NONE', #9243, #8785 ) ;
#2344 = ADVANCED_FACE ( 'NONE', ( #900 ), #677, .F. ) ;
#2345 = VERTEX_POINT ( 'NONE', #5312 ) ;
#2346 = DIRECTION ( 'NONE',  ( 0.0000000000000000000, -0.0000000000000000000, -1.000000000000000000 ) ) ;
#2347 = ORIENTED_EDGE ( 'NONE', *, *, #4822, .F. ) ;
#2348 = EDGE_CURVE ( 'NONE', #4479, #11117, #5152, .T. ) ;
#2349 = ORIENTED_EDGE ( 'NONE', *, *, #2092, .T. ) ;
#2350 = VECTOR ( 'NONE', #8178, 1000.000000000000000 ) ;
#2351 = PLANE ( 'NONE',  #1799 ) ;
#2352 = VECTOR ( 'NONE', #9771, 1000.000000000000000 ) ;
#2353 = DIRECTION ( 'NONE',  ( -0.0000000000000000000, -0.0000000000000000000, -1.000000000000000000 ) ) ;
#2354 = DIRECTION ( 'NONE',  ( -1.000000000000000000, -1.057758217049727200E-015, 0.0000000000000000000 ) ) ;
#2355 = DIRECTION ( 'NONE',  ( 0.0000000000000000000, 0.0000000000000000000, 1.000000000000000000 ) ) ;
#2356 = AXIS2_PLACEMENT_3D ( 'NONE', #2183, #8567, #10384 ) ;
#2357 = ORIENTED_EDGE ( 'NONE', *, *, #6123, .T. ) ;
#2358 = ORIENTED_EDGE ( 'NONE', *, *, #9914, .T. ) ;
#2359 = CARTESIAN_POINT ( 'NONE',  ( 67.65999999999419900, -26.56036512018241400, 0.0000000000000000000 ) ) ;
#2360 = VERTEX_POINT ( 'NONE', #2425 ) ;
#2361 = ORIENTED_EDGE ( 'NONE', *, *, #9946, .T. ) ;
#2362 = VECTOR ( 'NONE', #2725, 1000.000000000000000 ) ;
#2363 = LINE ( 'NONE', #10667, #2779 ) ;
#2364 = EDGE_CURVE ( 'NONE', #1508, #7207, #8874, .T. ) ;
#2365 = CARTESIAN_POINT ( 'NONE',  ( 50.23138564285682200, 4.341131381295493700, 0.0000000000000000000 ) ) ;
#2366 = DIRECTION ( 'NONE',  ( 1.000000000000000000, 0.0000000000000000000, -0.0000000000000000000 ) ) ;
#2367 = DIRECTION ( 'NONE',  ( -1.000000000000000000, -4.823982726541860400E-016, 0.0000000000000000000 ) ) ;
#2368 = EDGE_CURVE ( 'NONE', #1703, #4022, #458, .T. ) ;
#2369 = AXIS2_PLACEMENT_3D ( 'NONE', #10931, #11809, #4511 ) ;
#2370 = EDGE_LOOP ( 'NONE', ( #8268, #6326, #2890, #3964 ) ) ;
#2371 = LINE ( 'NONE', #6636, #11799 ) ;
#2372 = DIRECTION ( 'NONE',  ( -0.7508172437160144400, 0.6605100048740270000, 0.0000000000000000000 ) ) ;
#2373 = ADVANCED_FACE ( 'NONE', ( #5562 ), #7082, .F. ) ;
#2374 = FACE_BOUND ( 'NONE', #2020, .T. ) ;
#2375 = CARTESIAN_POINT ( 'NONE',  ( 44.33238217684101600, -10.22967028555419600, 250.0000000000000000 ) ) ;
#2376 = CARTESIAN_POINT ( 'NONE',  ( 57.11731176518218700, 8.319634879817504800, 250.0000000000000000 ) ) ;
#2377 = DIRECTION ( 'NONE',  ( 0.0000000000000000000, 1.000000000000000000, -0.0000000000000000000 ) ) ;
#2378 = EDGE_LOOP ( 'NONE', ( #9625, #4687, #6304, #11024 ) ) ;
#2379 = DIRECTION ( 'NONE',  ( -0.0000000000000000000, -0.0000000000000000000, -1.000000000000000000 ) ) ;
#2380 = LINE ( 'NONE', #8524, #4658 ) ;
#2381 = VECTOR ( 'NONE', #4578, 1000.000000000000000 ) ;
#2382 = CARTESIAN_POINT ( 'NONE',  ( 32.68073025445665500, -26.23036512018296300, 0.0000000000000000000 ) ) ;
#2383 = EDGE_CURVE ( 'NONE', #8269, #9042, #2564, .T. ) ;
#2384 = EDGE_CURVE ( 'NONE', #7186, #4894, #7127, .T. ) ;
#2385 = VECTOR ( 'NONE', #11746, 1000.000000000000100 ) ;
#2386 = CARTESIAN_POINT ( 'NONE',  ( 6.570000000007161700, 8.207983149782574400, 250.0000000000000000 ) ) ;
#2387 = AXIS2_PLACEMENT_3D ( 'NONE', #970, #6529, #2827 ) ;
#2388 = CARTESIAN_POINT ( 'NONE',  ( -8.200000000000002800, -17.11498865055904900, 250.0000000000000000 ) ) ;
#2389 = CARTESIAN_POINT ( 'NONE',  ( 8.495956931635365800, 10.00963487981756800, 250.0000000000000000 ) ) ;
#2390 = VECTOR ( 'NONE', #1125, 1000.000000000000000 ) ;
#2391 = DIRECTION ( 'NONE',  ( 0.7071067811865459100, -0.7071067811865491300, -0.0000000000000000000 ) ) ;
#2392 = DIRECTION ( 'NONE',  ( 0.6636301409730114300, 0.7480608504608037300, 0.0000000000000000000 ) ) ;
#2393 = VECTOR ( 'NONE', #10415, 1000.000000000000000 ) ;
#2394 = LINE ( 'NONE', #8678, #9956 ) ;
#2395 = ADVANCED_FACE ( 'NONE', ( #9557 ), #8871, .F. ) ;
#2396 = CARTESIAN_POINT ( 'NONE',  ( 66.55999999999416200, -14.50165173002494800, 250.0000000000000000 ) ) ;
#2397 = AXIS2_PLACEMENT_3D ( 'NONE', #10992, #96, #1014 ) ;
#2398 = ORIENTED_EDGE ( 'NONE', *, *, #7816, .T. ) ;
#2399 = ORIENTED_EDGE ( 'NONE', *, *, #9364, .F. ) ;
#2400 = LINE ( 'NONE', #8807, #10962 ) ;
#2401 = CARTESIAN_POINT ( 'NONE',  ( -5.496025155338566400, 6.565966396540218000, 250.0000000000000000 ) ) ;
#2402 = LINE ( 'NONE', #9760, #1568 ) ;
#2403 = DIRECTION ( 'NONE',  ( -0.0000000000000000000, -0.0000000000000000000, -1.000000000000000000 ) ) ;
#2404 = LINE ( 'NONE', #1067, #151 ) ;
#2405 = CARTESIAN_POINT ( 'NONE',  ( 63.89999999997976200, -0.1033369205210043500, 250.0000000000000000 ) ) ;
#2406 = CARTESIAN_POINT ( 'NONE',  ( 59.99999999998702500, -3.901602146817069200, 250.0000000000000000 ) ) ;
#2407 = VERTEX_POINT ( 'NONE', #7945 ) ;
#2408 = ORIENTED_EDGE ( 'NONE', *, *, #10651, .F. ) ;
#2409 = ORIENTED_EDGE ( 'NONE', *, *, #4230, .T. ) ;
#2410 = VECTOR ( 'NONE', #2777, 1000.000000000000000 ) ;
#2411 = DIRECTION ( 'NONE',  ( 0.7071067811865479100, -0.7071067811865471300, 0.0000000000000000000 ) ) ;
#2412 = CARTESIAN_POINT ( 'NONE',  ( -5.488713390157446500, -28.19036512018228900, 250.0000000000000000 ) ) ;
#2413 = ORIENTED_EDGE ( 'NONE', *, *, #11417, .T. ) ;
#2414 = EDGE_CURVE ( 'NONE', #7847, #2969, #166, .T. ) ;
#2415 = LINE ( 'NONE', #1732, #5142 ) ;
#2416 = LINE ( 'NONE', #9732, #7126 ) ;
#2417 = CARTESIAN_POINT ( 'NONE',  ( 5.503336920534022300, -26.55128087389479300, 250.0000000000000000 ) ) ;
#2418 = EDGE_LOOP ( 'NONE', ( #1345, #7650, #7462, #2110 ) ) ;
#2419 = EDGE_LOOP ( 'NONE', ( #8434, #10594, #10499, #160 ) ) ;
#2420 = ORIENTED_EDGE ( 'NONE', *, *, #7646, .F. ) ;
#2421 = CARTESIAN_POINT ( 'NONE',  ( 63.89999999997976200, 0.09834826997499368500, 250.0000000000000000 ) ) ;
#2422 = AXIS2_PLACEMENT_3D ( 'NONE', #2924, #5642, #11145 ) ;
#2423 = CARTESIAN_POINT ( 'NONE',  ( 37.15084280695820200, -23.89285944546705000, 250.0000000000000000 ) ) ;
#2424 = DIRECTION ( 'NONE',  ( -0.0000000000000000000, -0.0000000000000000000, -1.000000000000000000 ) ) ;
#2425 = CARTESIAN_POINT ( 'NONE',  ( -8.200000000000001100, -25.49370204071641800, 250.0000000000000000 ) ) ;
#2426 = LINE ( 'NONE', #10079, #8570 ) ;
#2428 = ADVANCED_FACE ( 'NONE', ( #5290 ), #6331, .T. ) ;
#2427 = LINE ( 'NONE', #2432, #3565 ) ;
#2429 = DIRECTION ( 'NONE',  ( 1.924345566447206200E-015, -1.000000000000000000, -0.0000000000000000000 ) ) ;
#2430 = EDGE_CURVE ( 'NONE', #3738, #10607, #4704, .T. ) ;
#2431 = DIRECTION ( 'NONE',  ( 0.0000000000000000000, 0.0000000000000000000, 1.000000000000000000 ) ) ;
#2432 = CARTESIAN_POINT ( 'NONE',  ( 14.49666307946589100, -28.19036512018228900, 250.0000000000000000 ) ) ;
#2433 = PLANE ( 'NONE',  #2703 ) ;
#2434 = ORIENTED_EDGE ( 'NONE', *, *, #5988, .F. ) ;
#2435 = ORIENTED_EDGE ( 'NONE', *, *, #3516, .T. ) ;
#2436 = ORIENTED_EDGE ( 'NONE', *, *, #8953, .F. ) ;
#2437 = EDGE_LOOP ( 'NONE', ( #5004, #8764, #5615, #11756 ) ) ;
#2438 = EDGE_CURVE ( 'NONE', #6355, #2345, #7417, .T. ) ;
#2439 = DIRECTION ( 'NONE',  ( 3.167501906566723600E-016, -1.000000000000000000, 0.0000000000000000000 ) ) ;
#2440 = EDGE_CURVE ( 'NONE', #6041, #7899, #1446, .T. ) ;
#2441 = LINE ( 'NONE', #8302, #756 ) ;
#2442 = LINE ( 'NONE', #7359, #8887 ) ;
#2443 = CARTESIAN_POINT ( 'NONE',  ( 40.00000000008163400, -19.99036512018248500, 250.0000000000000000 ) ) ;
#2444 = AXIS2_PLACEMENT_3D ( 'NONE', #10513, #7825, #6797 ) ;
#2445 = CARTESIAN_POINT ( 'NONE',  ( -8.200000000000002800, -2.882859445469489600, 0.0000000000000000000 ) ) ;
#2446 = PLANE ( 'NONE',  #11695 ) ;
#2447 = ORIENTED_EDGE ( 'NONE', *, *, #2929, .T. ) ;
#2448 = ORIENTED_EDGE ( 'NONE', *, *, #4747, .F. ) ;
#2449 = VERTEX_POINT ( 'NONE', #2737 ) ;
#2450 = EDGE_LOOP ( 'NONE', ( #9916, #4881, #8602, #4921 ) ) ;
#2451 = VERTEX_POINT ( 'NONE', #22 ) ;
#2452 = CARTESIAN_POINT ( 'NONE',  ( 19.91047753659498900, -23.89285944546705000, 250.0000000000000000 ) ) ;
#2453 = CARTESIAN_POINT ( 'NONE',  ( 66.23812491094130900, -7.297745508358056900, 250.0000000000000000 ) ) ;
#2454 = VERTEX_POINT ( 'NONE', #7171 ) ;
#2455 = LINE ( 'NONE', #8396, #6308 ) ;
#2456 = VECTOR ( 'NONE', #11340, 1000.000000000000100 ) ;
#2457 = DIRECTION ( 'NONE',  ( 1.000000000000000000, 0.0000000000000000000, 0.0000000000000000000 ) ) ;
#2458 = PLANE ( 'NONE',  #6420 ) ;
#2459 = EDGE_CURVE ( 'NONE', #2216, #2454, #1170, .T. ) ;
#2460 = EDGE_CURVE ( 'NONE', #4233, #9752, #2700, .T. ) ;
#2461 = DIRECTION ( 'NONE',  ( -0.0000000000000000000, 1.000000000000000000, -0.0000000000000000000 ) ) ;
#2462 = CARTESIAN_POINT ( 'NONE',  ( 62.88268823480619600, 8.319634879817504800, 0.0000000000000000000 ) ) ;
#2463 = ORIENTED_EDGE ( 'NONE', *, *, #10075, .T. ) ;
#2464 = VERTEX_POINT ( 'NONE', #5504 ) ;
#2465 = VERTEX_POINT ( 'NONE', #3572 ) ;
#2466 = ORIENTED_EDGE ( 'NONE', *, *, #6485, .F. ) ;
#2467 = ADVANCED_FACE ( 'NONE', ( #17 ), #9091, .F. ) ;
#2468 = AXIS2_PLACEMENT_3D ( 'NONE', #7548, #10128, #10222 ) ;
#2469 = ORIENTED_EDGE ( 'NONE', *, *, #4863, .F. ) ;
#2470 = VECTOR ( 'NONE', #8759, 1000.000000000000100 ) ;
#2471 = LINE ( 'NONE', #9886, #9322 ) ;
#2472 = CARTESIAN_POINT ( 'NONE',  ( 3.899999999999906200, 0.09834826997499368500, 0.0000000000000000000 ) ) ;
#2473 = DIRECTION ( 'NONE',  ( 2.386084773115179000E-014, -1.000000000000000000, 0.0000000000000000000 ) ) ;
#2474 = DIRECTION ( 'NONE',  ( 0.0000000000000000000, 0.0000000000000000000, 1.000000000000000000 ) ) ;
#2475 = VERTEX_POINT ( 'NONE', #10998 ) ;
#2476 = VERTEX_POINT ( 'NONE', #3692 ) ;
#2477 = ORIENTED_EDGE ( 'NONE', *, *, #7817, .F. ) ;
#2478 = EDGE_CURVE ( 'NONE', #478, #6813, #4700, .T. ) ;
#2479 = EDGE_CURVE ( 'NONE', #9042, #9602, #8126, .T. ) ;
#2480 = DIRECTION ( 'NONE',  ( -0.0000000000000000000, -0.0000000000000000000, -1.000000000000000000 ) ) ;
#2481 = ORIENTED_EDGE ( 'NONE', *, *, #10769, .F. ) ;
#2482 = LINE ( 'NONE', #10746, #662 ) ;
#2483 = PLANE ( 'NONE',  #6748 ) ;
#2484 = VECTOR ( 'NONE', #395, 1000.000000000000000 ) ;
#2485 = VECTOR ( 'NONE', #4165, 1000.000000000000000 ) ;
#2486 = AXIS2_PLACEMENT_3D ( 'NONE', #10809, #7218, #803 ) ;
#2487 = CARTESIAN_POINT ( 'NONE',  ( 22.84915719303598500, -23.89285944546705000, 250.0000000000000000 ) ) ;
#2488 = EDGE_CURVE ( 'NONE', #2231, #3988, #2987, .T. ) ;
#2489 = ORIENTED_EDGE ( 'NONE', *, *, #5484, .F. ) ;
#2490 = ORIENTED_EDGE ( 'NONE', *, *, #9199, .F. ) ;
#2491 = DIRECTION ( 'NONE',  ( -0.0000000000000000000, -1.000000000000000000, -0.0000000000000000000 ) ) ;
#2492 = LINE ( 'NONE', #845, #7784 ) ;
#2493 = VECTOR ( 'NONE', #3518, 1000.000000000000000 ) ;
#2494 = LINE ( 'NONE', #207, #5486 ) ;
#2495 = DIRECTION ( 'NONE',  ( 0.0000000000000000000, 0.0000000000000000000, 1.000000000000000000 ) ) ;
#2496 = ADVANCED_FACE ( 'NONE', ( #2272 ), #946, .F. ) ;
#2497 = DIRECTION ( 'NONE',  ( 0.0000000000000000000, -1.000000000000000000, 0.0000000000000000000 ) ) ;
#2498 = ORIENTED_EDGE ( 'NONE', *, *, #948, .F. ) ;
#2499 = DIRECTION ( 'NONE',  ( 1.000000000000000000, 0.0000000000000000000, 0.0000000000000000000 ) ) ;
#2500 = DIRECTION ( 'NONE',  ( -1.000000000000000000, 2.124148279354379300E-014, 0.0000000000000000000 ) ) ;
#2501 = ORIENTED_EDGE ( 'NONE', *, *, #7326, .T. ) ;
#2502 = EDGE_LOOP ( 'NONE', ( #7246, #2118, #8749, #1467, #7912, #11185, #7174, #9201, #5042, #8751, #353, #931, #4262, #10410, #9506, #3190, #10822, #6260, #9790, #2774, #4502, #8857, #9211, #3445, #11462, #10543, #1462, #9393, #10736, #4442, #7729, #4639, #4428, #4154, #2322, #5048, #11155, #9754, #2594, #660, #9834, #8988, #1876, #2324, #5160, #2583, #1612, #10620, #6613, #9995, #1059, #7871, #1196, #2057, #10634, #3061, #10153, #6917, #6191, #5297, #9374, #6153, #9572, #4685, #10121, #7612, #2712, #3162, #1465, #3301, #1332, #5479, #2169, #5305, #11199, #3325, #1286, #7323, #4791, #10968, #8289, #1888, #11621, #5147, #7880, #2123, #7743, #10201, #5079, #6023, #2466, #1393, #7189, #10280, #10377, #10784, #8135, #11332, #52, #7488, #11592, #8905, #7987, #143, #1167, #10162, #8311, #1205, #6201, #11264, #6811, #5923, #3907, #11615, #3788, #8451, #9742, #2549, #9964, #835, #10697, #8991, #7909, #2096, #10721, #10905, #3749, #5565, #9218, #7016, #4636, #2004, #4189, #7794, #3999, #7600, #183, #938, #11034, #2875, #9428, #4501, #10913, #1156, #9410, #1454, #5349, #6212, #3622, #7201, #10205, #9908, #10567, #692, #5447, #3218, #10761, #7370, #4157, #8136, #9985, #10021, #7436, #1902, #2656, #7350, #5876, #5798, #11262, #6221, #7319, #319, #8076, #5134, #7018, #1177, #3570, #3177, #6048, #10577, #872, #8448, #3711, #5627, #1382, #6290, #8980, #1913, #1042, #5226, #6576, #1335, #11324, #3137, #3123, #213, #2420, #7176, #6368, #7656, #3853, #9057, #7551, #4503, #6579, #15, #11650, #5739, #10177, #8550, #6692, #7042, #3460, #4036, #11543, #8077, #7280, #10045, #4371, #5722, #3011, #6346, #8499, #10738, #62, #7572, #8641, #7002, #6204, #7389, #3398, #5668, #1453, #10730, #2297, #9153, #1418, #10529, #5018, #5043, #8123, #8202, #5325, #11143, #10801, #3973, #8411, #9449, #928, #6537, #6117, #31 ) ) ;
#2503 = VECTOR ( 'NONE', #9697, 1000.000000000000200 ) ;
#2504 = DIRECTION ( 'NONE',  ( 0.0000000000000000000, -1.000000000000000000, 0.0000000000000000000 ) ) ;
#2505 = VECTOR ( 'NONE', #10382, 1000.000000000000000 ) ;
#2506 = VERTEX_POINT ( 'NONE', #1868 ) ;
#2507 = LINE ( 'NONE', #11048, #1133 ) ;
#2508 = CARTESIAN_POINT ( 'NONE',  ( -3.899999999985570600, -0.1033369205210043500, 0.0000000000000000000 ) ) ;
#2509 = CYLINDRICAL_SURFACE ( 'NONE', #7419, 2.099999999999997900 ) ;
#2510 = DIRECTION ( 'NONE',  ( -0.0000000000000000000, -0.0000000000000000000, -1.000000000000000000 ) ) ;
#2511 = EDGE_CURVE ( 'NONE', #2449, #8931, #5422, .T. ) ;
#2512 = AXIS2_PLACEMENT_3D ( 'NONE', #3058, #10373, #4046 ) ;
#2513 = DIRECTION ( 'NONE',  ( -0.7071067811865597900, 0.7071067811865352500, -0.0000000000000000000 ) ) ;
#2514 = EDGE_LOOP ( 'NONE', ( #1641, #9534, #4386, #2750 ) ) ;
#2515 = VECTOR ( 'NONE', #6083, 1000.000000000000000 ) ;
#2516 = ADVANCED_FACE ( 'NONE', ( #4276, #1844, #4997, #3552, #5699, #3278, #884, #6824, #4557, #10972, #11276, #1715, #8551, #10257, #602, #11559, #11132, #3976 ), #9926, .F. ) ;
#2517 = CALENDAR_DATE ( 2015, 31, 3 ) ;
#2518 = DIRECTION ( 'NONE',  ( 0.0000000000000000000, -1.000000000000000000, 0.0000000000000000000 ) ) ;
#2519 = LINE ( 'NONE', #3782, #115 ) ;
#2520 = DIRECTION ( 'NONE',  ( -0.0000000000000000000, -0.0000000000000000000, -1.000000000000000000 ) ) ;
#2521 = COORDINATED_UNIVERSAL_TIME_OFFSET ( 2, 0, .AHEAD. ) ;
#2522 = CARTESIAN_POINT ( 'NONE',  ( 53.76187508903273500, -7.297745508358056900, 250.0000000000000000 ) ) ;
#2523 = EDGE_CURVE ( 'NONE', #3050, #6423, #3843, .T. ) ;
#2524 = PLANE ( 'NONE',  #5216 ) ;
#2525 = DIRECTION ( 'NONE',  ( 0.0000000000000000000, 0.0000000000000000000, 1.000000000000000000 ) ) ;
#2526 = CYLINDRICAL_SURFACE ( 'NONE', #6450, 1.504043068364636900 ) ;
#2527 = AXIS2_PLACEMENT_3D ( 'NONE', #8353, #1130, #3875 ) ;
#2528 = LINE ( 'NONE', #1010, #9954 ) ;
#2529 = CARTESIAN_POINT ( 'NONE',  ( 56.09999999999428200, 0.09834826997499368500, 250.0000000000000000 ) ) ;
#2530 = CARTESIAN_POINT ( 'NONE',  ( -0.1066738410739513600, 3.907140554540114300, 250.0000000000000000 ) ) ;
#2531 = DIRECTION ( 'NONE',  ( 0.0000000000000000000, -1.000000000000000000, 0.0000000000000000000 ) ) ;
#2532 = CYLINDRICAL_SURFACE ( 'NONE', #8337, 0.7899999999999990400 ) ;
#2533 = CARTESIAN_POINT ( 'NONE',  ( 54.49666307946017000, -28.19036512018228900, 0.0000000000000000000 ) ) ;
#2534 = VERTEX_POINT ( 'NONE', #6288 ) ;
#2535 = LINE ( 'NONE', #6076, #8106 ) ;
#2536 = DIRECTION ( 'NONE',  ( 0.7071067811865475700, -0.7071067811865475700, 0.0000000000000000000 ) ) ;
#2537 = EDGE_CURVE ( 'NONE', #11116, #268, #9124, .T. ) ;
#2538 = DIRECTION ( 'NONE',  ( -0.0000000000000000000, -0.0000000000000000000, -1.000000000000000000 ) ) ;
#2539 = EDGE_CURVE ( 'NONE', #4274, #5600, #8709, .T. ) ;
#2540 = LINE ( 'NONE', #9279, #1692 ) ;
#2541 = CARTESIAN_POINT ( 'NONE',  ( 57.10999999999427200, -28.30036512018227400, 250.0000000000000000 ) ) ;
#2542 = LINE ( 'NONE', #6054, #7682 ) ;
#2543 = CARTESIAN_POINT ( 'NONE',  ( 60.10667384106814400, 3.907140554540114300, 250.0000000000000000 ) ) ;
#2544 = ADVANCED_FACE ( 'NONE', ( #7849 ), #11170, .F. ) ;
#2545 = DIRECTION ( 'NONE',  ( -0.0000000000000000000, -0.0000000000000000000, -1.000000000000000000 ) ) ;
#2546 = ORIENTED_EDGE ( 'NONE', *, *, #6852, .T. ) ;
#2547 = PLANE ( 'NONE',  #1523 ) ;
#2548 = ORIENTED_EDGE ( 'NONE', *, *, #1122, .F. ) ;
#2549 = ORIENTED_EDGE ( 'NONE', *, *, #11417, .F. ) ;
#2550 = VECTOR ( 'NONE', #5967, 1000.000000000000000 ) ;
#2551 = LINE ( 'NONE', #4251, #147 ) ;
#2552 = LINE ( 'NONE', #11211, #7542 ) ;
#2553 = CARTESIAN_POINT ( 'NONE',  ( 27.31926974553791600, -13.75036512018161100, 250.0000000000000000 ) ) ;
#2554 = AXIS2_PLACEMENT_3D ( 'NONE', #9853, #2518, #5207 ) ;
#2555 = EDGE_LOOP ( 'NONE', ( #1041, #8894, #1336, #1760 ) ) ;
#2556 = ORIENTED_EDGE ( 'NONE', *, *, #8329, .T. ) ;
#2557 = ORIENTED_EDGE ( 'NONE', *, *, #11258, .F. ) ;
#2558 = PLANE ( 'NONE',  #9229 ) ;
#2559 = VECTOR ( 'NONE', #7493, 1000.000000000000000 ) ;
#2560 = VECTOR ( 'NONE', #6642, 1000.000000000000100 ) ;
#2561 = DIRECTION ( 'NONE',  ( -1.000000000000000000, -0.0000000000000000000, -0.0000000000000000000 ) ) ;
#2562 = CARTESIAN_POINT ( 'NONE',  ( 68.19999999999419100, -7.297745508358056900, 0.0000000000000000000 ) ) ;
#2563 = LINE ( 'NONE', #8702, #6544 ) ;
#2564 = LINE ( 'NONE', #2543, #9842 ) ;
#2565 = CARTESIAN_POINT ( 'NONE',  ( 40.00000000008163400, -19.99036512018248500, 250.0000000000000000 ) ) ;
#2566 = DIRECTION ( 'NONE',  ( 0.7071067811865560100, -0.7071067811865391400, -0.0000000000000000000 ) ) ;
#2567 = DIRECTION ( 'NONE',  ( 0.7078322512429712200, 0.7063805660550883700, 0.0000000000000000000 ) ) ;
#2568 = CARTESIAN_POINT ( 'NONE',  ( 49.99999999998702500, -9.990365120182433500, 250.0000000000000000 ) ) ;
#2569 = EDGE_CURVE ( 'NONE', #1143, #6448, #5135, .T. ) ;
#2570 = ORIENTED_EDGE ( 'NONE', *, *, #9363, .F. ) ;
#2571 = ORIENTED_EDGE ( 'NONE', *, *, #9930, .F. ) ;
#2572 = ORIENTED_EDGE ( 'NONE', *, *, #1681, .F. ) ;
#2573 = EDGE_LOOP ( 'NONE', ( #2398, #6412, #2469, #7638 ) ) ;
#2574 = DIRECTION ( 'NONE',  ( 0.7072143353590419900, 0.7069992106520830400, -0.0000000000000000000 ) ) ;
#2575 = ADVANCED_FACE ( 'NONE', ( #7261 ), #4733, .F. ) ;
#2576 = VECTOR ( 'NONE', #3708, 1000.000000000000000 ) ;
#2577 = FACE_OUTER_BOUND ( 'NONE', #4041, .T. ) ;
#2578 = AXIS2_PLACEMENT_3D ( 'NONE', #6743, #1315, #7672 ) ;
#2579 = EDGE_LOOP ( 'NONE', ( #10712, #4441, #7136, #6061 ) ) ;
#2580 = EDGE_LOOP ( 'NONE', ( #8942, #1258, #6877, #3442 ) ) ;
#2581 = ORIENTED_EDGE ( 'NONE', *, *, #7716, .F. ) ;
#2582 = ORIENTED_EDGE ( 'NONE', *, *, #11105, .F. ) ;
#2583 = ORIENTED_EDGE ( 'NONE', *, *, #6257, .F. ) ;
#2584 = CARTESIAN_POINT ( 'NONE',  ( 42.87669675189366100, -11.78952446469386800, 0.0000000000000000000 ) ) ;
#2585 = CARTESIAN_POINT ( 'NONE',  ( 14.50996632757433800, -11.78952446469386800, 0.0000000000000000000 ) ) ;
#2586 = DIRECTION ( 'NONE',  ( 0.7071067811865479100, -0.7071067811865471300, -0.0000000000000000000 ) ) ;
#2587 = ORIENTED_EDGE ( 'NONE', *, *, #2929, .F. ) ;
#2588 = EDGE_CURVE ( 'NONE', #6143, #9269, #6672, .T. ) ;
#2589 = CARTESIAN_POINT ( 'NONE',  ( 63.80522200729316000, -20.00141837329822200, 250.0000000000000000 ) ) ;
#2590 = DIRECTION ( 'NONE',  ( -0.0000000000000000000, -0.0000000000000000000, -1.000000000000000000 ) ) ;
#2591 = LINE ( 'NONE', #10661, #193 ) ;
#2592 = CIRCLE ( 'NONE', #5783, 0.8000000000000020400 ) ;
#2593 = ADVANCED_FACE ( 'NONE', ( #11428 ), #6596, .T. ) ;
#2594 = ORIENTED_EDGE ( 'NONE', *, *, #3765, .F. ) ;
#2595 = EDGE_CURVE ( 'NONE', #9427, #4016, #6973, .T. ) ;
#2596 = DIRECTION ( 'NONE',  ( 1.000000000000000000, 0.0000000000000000000, 0.0000000000000000000 ) ) ;
#2597 = ORIENTED_EDGE ( 'NONE', *, *, #1809, .T. ) ;
#2598 = EDGE_LOOP ( 'NONE', ( #9863, #10255, #11378, #10124 ) ) ;
#2599 = ORIENTED_EDGE ( 'NONE', *, *, #3896, .T. ) ;
#2600 = ORIENTED_EDGE ( 'NONE', *, *, #3529, .T. ) ;
#2601 = EDGE_CURVE ( 'NONE', #5566, #2475, #8413, .T. ) ;
#2602 = ORIENTED_EDGE ( 'NONE', *, *, #9424, .T. ) ;
#2603 = LINE ( 'NONE', #11370, #208 ) ;
#2604 = DIRECTION ( 'NONE',  ( -1.057758217049728800E-015, 1.000000000000000000, 0.0000000000000000000 ) ) ;
#2605 = LINE ( 'NONE', #6634, #2456 ) ;
#2606 = PLANE ( 'NONE',  #315 ) ;
#2607 = CARTESIAN_POINT ( 'NONE',  ( 4.899916949086820000, 10.00963487981757000, 250.0000000000000000 ) ) ;
#2608 = ORIENTED_EDGE ( 'NONE', *, *, #1233, .T. ) ;
#2609 = ADVANCED_FACE ( 'NONE', ( #1994 ), #10100, .F. ) ;
#2610 = EDGE_LOOP ( 'NONE', ( #1975, #1056, #1176, #1055 ) ) ;
#2611 = ORIENTED_EDGE ( 'NONE', *, *, #4384, .F. ) ;
#2612 = VERTEX_POINT ( 'NONE', #2030 ) ;
#2613 = CARTESIAN_POINT ( 'NONE',  ( 8.200000000014338000, -5.496196365999258800, 250.0000000000000000 ) ) ;
#2614 = ORIENTED_EDGE ( 'NONE', *, *, #3987, .T. ) ;
#2615 = CARTESIAN_POINT ( 'NONE',  ( -0.1066738410739513600, 3.907140554540114300, 250.0000000000000000 ) ) ;
#2616 = PLANE ( 'NONE',  #7500 ) ;
#2617 = EDGE_CURVE ( 'NONE', #2785, #3434, #7121, .T. ) ;
#2618 = EDGE_CURVE ( 'NONE', #1044, #5793, #4846, .T. ) ;
#2619 = CARTESIAN_POINT ( 'NONE',  ( 65.48871339015163100, -26.55168528746671400, 0.0000000000000000000 ) ) ;
#2620 = LINE ( 'NONE', #4029, #1367 ) ;
#2621 = LINE ( 'NONE', #7435, #1235 ) ;
#2622 = EDGE_LOOP ( 'NONE', ( #10420, #8310, #6549, #1124 ) ) ;
#2623 = DIRECTION ( 'NONE',  ( -0.0000000000000000000, -0.0000000000000000000, -1.000000000000000000 ) ) ;
#2624 = ORIENTED_EDGE ( 'NONE', *, *, #11257, .F. ) ;
#2625 = FACE_OUTER_BOUND ( 'NONE', #8588, .T. ) ;
#2626 = LINE ( 'NONE', #8260, #9619 ) ;
#2627 = LINE ( 'NONE', #9155, #7195 ) ;
#2628 = DIRECTION ( 'NONE',  ( -0.0000000000000000000, -0.0000000000000000000, -1.000000000000000000 ) ) ;
#2629 = VERTEX_POINT ( 'NONE', #128 ) ;
#2630 = EDGE_CURVE ( 'NONE', #906, #2845, #6397, .T. ) ;
#2631 = EDGE_CURVE ( 'NONE', #475, #2895, #9260, .T. ) ;
#2632 = DIRECTION ( 'NONE',  ( 0.0000000000000000000, 0.0000000000000000000, 1.000000000000000000 ) ) ;
#2633 = CARTESIAN_POINT ( 'NONE',  ( 42.87669675189366100, -11.78952446469386800, 250.0000000000000000 ) ) ;
#2634 = ORIENTED_EDGE ( 'NONE', *, *, #4766, .F. ) ;
#2635 = DIRECTION ( 'NONE',  ( 1.000000000000000000, 0.0000000000000000000, -0.0000000000000000000 ) ) ;
#2636 = EDGE_LOOP ( 'NONE', ( #3176, #8047 ) ) ;
#2637 = ORIENTED_EDGE ( 'NONE', *, *, #2155, .F. ) ;
#2638 = VECTOR ( 'NONE', #5626, 1000.000000000000000 ) ;
#2639 = DIRECTION ( 'NONE',  ( 0.0000000000000000000, 0.0000000000000000000, 1.000000000000000000 ) ) ;
#2640 = FACE_OUTER_BOUND ( 'NONE', #8707, .T. ) ;
#2641 = ADVANCED_FACE ( 'NONE', ( #10837 ), #10272, .F. ) ;
#2642 = CARTESIAN_POINT ( 'NONE',  ( -8.495956931628196400, 8.505591811452930500, 250.0000000000000000 ) ) ;
#2643 = DIRECTION ( 'NONE',  ( 0.0000000000000000000, 0.0000000000000000000, 1.000000000000000000 ) ) ;
#2644 = ORIENTED_EDGE ( 'NONE', *, *, #11706, .T. ) ;
#2645 = ORIENTED_EDGE ( 'NONE', *, *, #8781, .F. ) ;
#2646 = EDGE_CURVE ( 'NONE', #7667, #10411, #6538, .T. ) ;
#2647 = VERTEX_POINT ( 'NONE', #7403 ) ;
#2648 = CARTESIAN_POINT ( 'NONE',  ( 56.09999999999428200, 0.09834826997499368500, 0.0000000000000000000 ) ) ;
#2649 = EDGE_LOOP ( 'NONE', ( #3894, #7613, #10735, #6069 ) ) ;
#2650 = CARTESIAN_POINT ( 'NONE',  ( 51.79999999997984600, -7.297745508358056900, 250.0000000000000000 ) ) ;
#2651 = LINE ( 'NONE', #9188, #9490 ) ;
#2652 = AXIS2_PLACEMENT_3D ( 'NONE', #7393, #1939, #6540 ) ;
#2653 = ADVANCED_FACE ( 'NONE', ( #3143 ), #10145, .F. ) ;
#2654 = DIRECTION ( 'NONE',  ( -0.0000000000000000000, -0.0000000000000000000, -1.000000000000000000 ) ) ;
#2655 = DIRECTION ( 'NONE',  ( -0.0000000000000000000, -0.0000000000000000000, -1.000000000000000000 ) ) ;
#2656 = ORIENTED_EDGE ( 'NONE', *, *, #4020, .F. ) ;
#2657 = CARTESIAN_POINT ( 'NONE',  ( -8.309999999992822200, 2.882517024158107500, 250.0000000000000000 ) ) ;
#2658 = FACE_OUTER_BOUND ( 'NONE', #3701, .T. ) ;
#2659 = LINE ( 'NONE', #10042, #7076 ) ;
#2660 = EDGE_CURVE ( 'NONE', #9017, #268, #9551, .T. ) ;
#2661 = DIRECTION ( 'NONE',  ( -1.000000000000000000, 3.179095945533921600E-016, -0.0000000000000000000 ) ) ;
#2662 = CARTESIAN_POINT ( 'NONE',  ( -4.333990826768626000, -29.75897947731955600, 250.0000000000000000 ) ) ;
#2663 = EDGE_CURVE ( 'NONE', #3923, #4261, #1031, .T. ) ;
#2664 = CARTESIAN_POINT ( 'NONE',  ( 68.19999999999419100, -2.882859445469489600, 250.0000000000000000 ) ) ;
#2665 = DIRECTION ( 'NONE',  ( 0.0000000000000000000, 0.0000000000000000000, 1.000000000000000000 ) ) ;
#2666 = ORIENTED_EDGE ( 'NONE', *, *, #6716, .T. ) ;
#2667 = LINE ( 'NONE', #9685, #9658 ) ;
#2668 = CARTESIAN_POINT ( 'NONE',  ( 64.90722871426893900, -29.99036512018231100, 0.0000000000000000000 ) ) ;
#2669 = EDGE_CURVE ( 'NONE', #6727, #4025, #4688, .T. ) ;
#2670 = DIRECTION ( 'NONE',  ( -0.0000000000000000000, -0.0000000000000000000, -1.000000000000000000 ) ) ;
#2671 = LINE ( 'NONE', #7426, #4818 ) ;
#2672 = CARTESIAN_POINT ( 'NONE',  ( 8.200000000014338000, -7.297745508358056900, 250.0000000000000000 ) ) ;
#2673 = VECTOR ( 'NONE', #879, 1000.000000000000000 ) ;
#2674 = ORIENTED_EDGE ( 'NONE', *, *, #9653, .T. ) ;
#2675 = DIRECTION ( 'NONE',  ( 1.000000000000000000, 0.0000000000000000000, 0.0000000000000000000 ) ) ;
#2676 = LINE ( 'NONE', #10050, #1689 ) ;
#2677 = CARTESIAN_POINT ( 'NONE',  ( -5.496025155338566400, 8.207983149782574400, 250.0000000000000000 ) ) ;
#2678 = VECTOR ( 'NONE', #9198, 1000.000000000000100 ) ;
#2679 = DIRECTION ( 'NONE',  ( 1.000000000000000000, 1.057758217049727200E-015, 0.0000000000000000000 ) ) ;
#2680 = EDGE_CURVE ( 'NONE', #9704, #11209, #4117, .T. ) ;
#2681 = EDGE_CURVE ( 'NONE', #4325, #2877, #10112, .T. ) ;
#2682 = VECTOR ( 'NONE', #5245, 1000.000000000000000 ) ;
#2683 = DIRECTION ( 'NONE',  ( 1.000000000000000000, 0.0000000000000000000, -0.0000000000000000000 ) ) ;
#2684 = AXIS2_PLACEMENT_3D ( 'NONE', #9825, #1741, #855 ) ;
#2685 = PLANE ( 'NONE',  #6791 ) ;
#2686 = EDGE_LOOP ( 'NONE', ( #5446, #6507, #3590, #4780 ) ) ;
#2687 = ORIENTED_EDGE ( 'NONE', *, *, #9936, .T. ) ;
#2688 = ORIENTED_EDGE ( 'NONE', *, *, #4151, .F. ) ;
#2689 = CARTESIAN_POINT ( 'NONE',  ( 69.76861435713155400, -24.33897947731967500, 250.0000000000000000 ) ) ;
#2690 = DIRECTION ( 'NONE',  ( -0.0000000000000000000, -0.0000000000000000000, -1.000000000000000000 ) ) ;
#2691 = FACE_OUTER_BOUND ( 'NONE', #2378, .T. ) ;
#2692 = LINE ( 'NONE', #10233, #4841 ) ;
#2693 = ADVANCED_FACE ( 'NONE', ( #3703 ), #11694, .T. ) ;
#2694 = DIRECTION ( 'NONE',  ( 1.000000000000000000, -0.0000000000000000000, -0.0000000000000000000 ) ) ;
#2695 = EDGE_CURVE ( 'NONE', #4011, #5458, #6416, .T. ) ;
#2696 = EDGE_CURVE ( 'NONE', #8868, #1190, #10390, .T. ) ;
#2697 = VERTEX_POINT ( 'NONE', #9478 ) ;
#2698 = ORIENTED_EDGE ( 'NONE', *, *, #10226, .T. ) ;
#2699 = VERTEX_POINT ( 'NONE', #6663 ) ;
#2700 = LINE ( 'NONE', #4542, #4129 ) ;
#2701 = ORIENTED_EDGE ( 'NONE', *, *, #6915, .F. ) ;
#2702 = LINE ( 'NONE', #191, #4279 ) ;
#2703 = AXIS2_PLACEMENT_3D ( 'NONE', #1510, #8918, #9740 ) ;
#2704 = DIRECTION ( 'NONE',  ( 0.7078322512429705600, -0.7063805660550891400, 0.0000000000000000000 ) ) ;
#2705 = VECTOR ( 'NONE', #9648, 1000.000000000000100 ) ;
#2706 = DIRECTION ( 'NONE',  ( -0.0000000000000000000, -0.0000000000000000000, -1.000000000000000000 ) ) ;
#2707 = PLANE ( 'NONE',  #833 ) ;
#2708 = ADVANCED_FACE ( 'NONE', ( #3410 ), #7648, .F. ) ;
#2709 = DIRECTION ( 'NONE',  ( 1.000000000000000000, 0.0000000000000000000, 0.0000000000000000000 ) ) ;
#2710 = EDGE_LOOP ( 'NONE', ( #5707, #1206, #1346, #11217 ) ) ;
#2711 = VERTEX_POINT ( 'NONE', #6705 ) ;
#2712 = ORIENTED_EDGE ( 'NONE', *, *, #5987, .F. ) ;
#2713 = DIRECTION ( 'NONE',  ( 0.7071067811865486800, 0.7071067811865464600, 0.0000000000000000000 ) ) ;
#2714 = AXIS2_PLACEMENT_3D ( 'NONE', #2742, #4513, #6407 ) ;
#2715 = VECTOR ( 'NONE', #10679, 1000.000000000000000 ) ;
#2716 = CARTESIAN_POINT ( 'NONE',  ( -2.875376469631258900, -28.30036512018218900, 0.0000000000000000000 ) ) ;
#2717 = ORIENTED_EDGE ( 'NONE', *, *, #9839, .T. ) ;
#2718 = EDGE_LOOP ( 'NONE', ( #2435, #5183, #728, #4035 ) ) ;
#2719 = ORIENTED_EDGE ( 'NONE', *, *, #10613, .F. ) ;
#2721 = ORIENTED_EDGE ( 'NONE', *, *, #9300, .T. ) ;
#2720 = CARTESIAN_POINT ( 'NONE',  ( 55.65869740804474500, 9.778249236954939900, 250.0000000000000000 ) ) ;
#2722 = VECTOR ( 'NONE', #8228, 1000.000000000000000 ) ;
#2723 = VECTOR ( 'NONE', #3055, 1000.000000000000000 ) ;
#2724 = DIRECTION ( 'NONE',  ( -1.000000000000000000, -3.179095945533918700E-016, 0.0000000000000000000 ) ) ;
#2725 = DIRECTION ( 'NONE',  ( -0.0000000000000000000, -0.0000000000000000000, -1.000000000000000000 ) ) ;
#2726 = EDGE_LOOP ( 'NONE', ( #1011, #6751, #828, #11160 ) ) ;
#2727 = ORIENTED_EDGE ( 'NONE', *, *, #5294, .T. ) ;
#2728 = EDGE_LOOP ( 'NONE', ( #10542, #9431, #11157, #2409 ) ) ;
#2729 = VERTEX_POINT ( 'NONE', #6633 ) ;
#2730 = ORIENTED_EDGE ( 'NONE', *, *, #9761, .F. ) ;
#2731 = VERTEX_POINT ( 'NONE', #10182 ) ;
#2732 = CARTESIAN_POINT ( 'NONE',  ( 68.19999999999419100, 6.577983149782563800, 0.0000000000000000000 ) ) ;
#2733 = LINE ( 'NONE', #8003, #337 ) ;
#2734 = VECTOR ( 'NONE', #10999, 1000.000000000000000 ) ;
#2735 = AXIS2_PLACEMENT_3D ( 'NONE', #1375, #11249, #5778 ) ;
#2736 = DIRECTION ( 'NONE',  ( -0.0000000000000000000, -0.0000000000000000000, -1.000000000000000000 ) ) ;
#2737 = CARTESIAN_POINT ( 'NONE',  ( -8.495956931628196400, 10.00963487981756800, 250.0000000000000000 ) ) ;
#2738 = CARTESIAN_POINT ( 'NONE',  ( -7.660000000007165100, 6.577983149782563800, 250.0000000000000000 ) ) ;
#2739 = ORIENTED_EDGE ( 'NONE', *, *, #347, .F. ) ;
#2740 = ORIENTED_EDGE ( 'NONE', *, *, #9947, .F. ) ;
#2741 = ORIENTED_EDGE ( 'NONE', *, *, #2663, .T. ) ;
#2742 = CARTESIAN_POINT ( 'NONE',  ( 60.10667384106814400, 3.907140554540114300, 250.0000000000000000 ) ) ;
#2743 = ORIENTED_EDGE ( 'NONE', *, *, #7982, .T. ) ;
#2744 = CARTESIAN_POINT ( 'NONE',  ( 5.496025155352902500, 6.565966396540218000, 0.0000000000000000000 ) ) ;
#2745 = VECTOR ( 'NONE', #6988, 1000.000000000000000 ) ;
#2746 = LINE ( 'NONE', #9774, #10028 ) ;
#2747 = EDGE_CURVE ( 'NONE', #1762, #5873, #9249, .T. ) ;
#2748 = DIRECTION ( 'NONE',  ( 1.000000000000000000, -1.327592674600507300E-015, 0.0000000000000000000 ) ) ;
#2749 = ORIENTED_EDGE ( 'NONE', *, *, #6912, .T. ) ;
#2750 = ORIENTED_EDGE ( 'NONE', *, *, #7949, .T. ) ;
#2751 = ORIENTED_EDGE ( 'NONE', *, *, #10472, .T. ) ;
#2752 = AXIS2_PLACEMENT_3D ( 'NONE', #7930, #3378, #3412 ) ;
#2753 = DIRECTION ( 'NONE',  ( 0.0000000000000000000, -0.0000000000000000000, 1.000000000000000000 ) ) ;
#2754 = VERTEX_POINT ( 'NONE', #8435 ) ;
#2755 = DIRECTION ( 'NONE',  ( 0.0000000000000000000, 1.000000000000000000, 0.0000000000000000000 ) ) ;
#2756 = VECTOR ( 'NONE', #11021, 1000.000000000000000 ) ;
#2757 = FACE_OUTER_BOUND ( 'NONE', #10685, .T. ) ;
#2758 = CIRCLE ( 'NONE', #2468, 1.500000000000001300 ) ;
#2759 = DIRECTION ( 'NONE',  ( 0.7071067811865474600, -0.7071067811865474600, -0.0000000000000000000 ) ) ;
#2760 = ORIENTED_EDGE ( 'NONE', *, *, #8714, .T. ) ;
#2761 = DIRECTION ( 'NONE',  ( -0.7069992106520830400, 0.7072143353590419900, 0.0000000000000000000 ) ) ;
#2762 = ORIENTED_EDGE ( 'NONE', *, *, #10718, .T. ) ;
#2763 = ADVANCED_FACE ( 'NONE', ( #3425 ), #1248, .F. ) ;
#2764 = CARTESIAN_POINT ( 'NONE',  ( 22.88867965644328400, -11.68036512018329300, 0.0000000000000000000 ) ) ;
#2765 = EDGE_CURVE ( 'NONE', #4186, #4867, #1298, .T. ) ;
#2766 = EDGE_CURVE ( 'NONE', #11116, #763, #10687, .T. ) ;
#2767 = DIRECTION ( 'NONE',  ( 1.000000000000000000, 3.255760560352907200E-011, -0.0000000000000000000 ) ) ;
#2768 = VERTEX_POINT ( 'NONE', #281 ) ;
#2769 = CIRCLE ( 'NONE', #11662, 0.8000000000000090400 ) ;
#2770 = LINE ( 'NONE', #3256, #10752 ) ;
#2771 = LINE ( 'NONE', #7035, #7354 ) ;
#2772 = CARTESIAN_POINT ( 'NONE',  ( 22.87537646963117400, -28.19036512018228500, 250.0000000000000000 ) ) ;
#2773 = ORIENTED_EDGE ( 'NONE', *, *, #1038, .F. ) ;
#2774 = ORIENTED_EDGE ( 'NONE', *, *, #8388, .F. ) ;
#2775 = VERTEX_POINT ( 'NONE', #11202 ) ;
#2776 = DIRECTION ( 'NONE',  ( -0.7460199480042291100, -0.6659235971038775000, 0.0000000000000000000 ) ) ;
#2777 = DIRECTION ( 'NONE',  ( 1.000000000000000000, -1.057758217049727200E-015, -0.0000000000000000000 ) ) ;
#2778 = CARTESIAN_POINT ( 'NONE',  ( 55.65869740804474500, 9.778249236954939900, 250.0000000000000000 ) ) ;
#2779 = VECTOR ( 'NONE', #9869, 1000.000000000000000 ) ;
#2780 = DIRECTION ( 'NONE',  ( 3.848691132894412300E-015, 1.000000000000000000, 0.0000000000000000000 ) ) ;
#2781 = DIRECTION ( 'NONE',  ( 0.0000000000000000000, -0.0000000000000000000, -1.000000000000000000 ) ) ;
#2782 = DIRECTION ( 'NONE',  ( -1.000000000000000000, 0.0000000000000000000, 0.0000000000000000000 ) ) ;
#2783 = ORIENTED_EDGE ( 'NONE', *, *, #3967, .F. ) ;
#2784 = DIRECTION ( 'NONE',  ( 0.7071067811865470200, -0.7071067811865480200, 0.0000000000000000000 ) ) ;
#2785 = VERTEX_POINT ( 'NONE', #9387 ) ;
#2786 = LINE ( 'NONE', #11620, #2089 ) ;
#2787 = CARTESIAN_POINT ( 'NONE',  ( 12.69999998590111500, -28.19036512018258000, 0.0000000000000000000 ) ) ;
#2788 = VECTOR ( 'NONE', #4590, 1000.000000000000000 ) ;
#2789 = APPROVAL_STATUS ( 'not_yet_approved' ) ;
#2790 = CARTESIAN_POINT ( 'NONE',  ( 42.88999999999419500, -28.19036512018223600, 0.0000000000000000000 ) ) ;
#2791 = EDGE_CURVE ( 'NONE', #6058, #87, #2837, .T. ) ;
#2792 = CARTESIAN_POINT ( 'NONE',  ( -8.310000000000002300, -17.11498865055904900, 250.0000000000000000 ) ) ;
#2793 = PLANE ( 'NONE',  #6922 ) ;
#2794 = ORIENTED_EDGE ( 'NONE', *, *, #2953, .T. ) ;
#2795 = LINE ( 'NONE', #10885, #4088 ) ;
#2796 = LINE ( 'NONE', #9278, #2090 ) ;
#2797 = APPROVAL_DATE_TIME ( #119, #1989 ) ;
#2798 = DIRECTION ( 'NONE',  ( -0.7071067811865474600, -0.7071067811865474600, 0.0000000000000000000 ) ) ;
#2799 = DIRECTION ( 'NONE',  ( -1.000000000000000000, 0.0000000000000000000, 0.0000000000000000000 ) ) ;
#2800 = EDGE_LOOP ( 'NONE', ( #5285, #7005, #11779, #8591 ) ) ;
#2801 = VECTOR ( 'NONE', #8660, 1000.000000000000000 ) ;
#2802 = EDGE_CURVE ( 'NONE', #10426, #5498, #6526, .T. ) ;
#2803 = CARTESIAN_POINT ( 'NONE',  ( -8.495956931628196400, 8.505591811452930500, 250.0000000000000000 ) ) ;
#2804 = VECTOR ( 'NONE', #2022, 1000.000000000000000 ) ;
#2805 = LINE ( 'NONE', #443, #4966 ) ;
#2806 = EDGE_CURVE ( 'NONE', #10483, #2729, #2823, .T. ) ;
#2807 = CARTESIAN_POINT ( 'NONE',  ( -3.899999999985570600, 0.09834826997499368500, 0.0000000000000000000 ) ) ;
#2808 = EDGE_CURVE ( 'NONE', #908, #2044, #8257, .T. ) ;
#2809 = CARTESIAN_POINT ( 'NONE',  ( -6.559999999999973000, -14.50165173002494800, 0.0000000000000000000 ) ) ;
#2810 = ORIENTED_EDGE ( 'NONE', *, *, #1566, .F. ) ;
#2811 = VECTOR ( 'NONE', #8035, 1000.000000000000200 ) ;
#2812 = CARTESIAN_POINT ( 'NONE',  ( -6.559999999985583600, 5.495853944692208300, 250.0000000000000000 ) ) ;
#2813 = ADVANCED_FACE ( 'NONE', ( #456 ), #3888, .F. ) ;
#2814 = AXIS2_PLACEMENT_3D ( 'NONE', #8418, #2865, #1035 ) ;
#2815 = CARTESIAN_POINT ( 'NONE',  ( 2.882688234812009800, 8.319634879817504800, 250.0000000000000000 ) ) ;
#2816 = LINE ( 'NONE', #11733, #8687 ) ;
#2817 = DIRECTION ( 'NONE',  ( -2.386084773115179000E-014, 1.000000000000000000, -0.0000000000000000000 ) ) ;
#2818 = VECTOR ( 'NONE', #1328, 999.9999999999998900 ) ;
#2819 = VERTEX_POINT ( 'NONE', #210 ) ;
#2820 = ORIENTED_EDGE ( 'NONE', *, *, #1266, .F. ) ;
#2821 = ORIENTED_EDGE ( 'NONE', *, *, #8101, .T. ) ;
#2822 = CARTESIAN_POINT ( 'NONE',  ( 44.89806760179234100, -9.990365120182433500, 250.0000000000000000 ) ) ;
#2823 = CIRCLE ( 'NONE', #9088, 0.7999999999964146900 ) ;
#2824 = EDGE_CURVE ( 'NONE', #3699, #10411, #3127, .T. ) ;
#2825 = EDGE_CURVE ( 'NONE', #4396, #1863, #7989, .T. ) ;
#2826 = VECTOR ( 'NONE', #4003, 1000.000000000000000 ) ;
#2827 = DIRECTION ( 'NONE',  ( 1.000000000000000000, 0.0000000000000000000, 0.0000000000000000000 ) ) ;
#2828 = CARTESIAN_POINT ( 'NONE',  ( -9.999999999992832400, -15.09361780066056700, 250.0000000000000000 ) ) ;
#2829 = VECTOR ( 'NONE', #3649, 1000.000000000000000 ) ;
#2830 = CARTESIAN_POINT ( 'NONE',  ( -3.900000000000004400, -19.90664038059719200, 250.0000000000000000 ) ) ;
#2831 = PLANE ( 'NONE',  #4054 ) ;
#2832 = DIRECTION ( 'NONE',  ( 0.7071067811865491300, 0.7071067811865459100, -0.0000000000000000000 ) ) ;
#2833 = ORIENTED_EDGE ( 'NONE', *, *, #6860, .F. ) ;
#2834 = ORIENTED_EDGE ( 'NONE', *, *, #5675, .T. ) ;
#2835 = ORIENTED_EDGE ( 'NONE', *, *, #11642, .F. ) ;
#2836 = CARTESIAN_POINT ( 'NONE',  ( 64.89991694908100300, 10.00963487981757000, 250.0000000000000000 ) ) ;
#2837 = LINE ( 'NONE', #6587, #5551 ) ;
#2838 = LINE ( 'NONE', #5825, #9841 ) ;
#2839 = VECTOR ( 'NONE', #9871, 1000.000000000000000 ) ;
#2840 = CARTESIAN_POINT ( 'NONE',  ( 65.49602515533275900, 8.207983149782574400, 250.0000000000000000 ) ) ;
#2841 = EDGE_CURVE ( 'NONE', #8177, #7699, #11118, .T. ) ;
#2842 = EDGE_CURVE ( 'NONE', #10432, #10566, #8982, .T. ) ;
#2843 = ORIENTED_EDGE ( 'NONE', *, *, #11705, .F. ) ;
#2844 = ORIENTED_EDGE ( 'NONE', *, *, #7881, .T. ) ;
#2845 = VERTEX_POINT ( 'NONE', #3927 ) ;
#2846 = ORIENTED_EDGE ( 'NONE', *, *, #3429, .T. ) ;
#2847 = AXIS2_PLACEMENT_3D ( 'NONE', #4548, #9848, #8099 ) ;
#2848 = DIRECTION ( 'NONE',  ( -1.000000000000000000, 2.124148279354379300E-014, 0.0000000000000000000 ) ) ;
#2849 = CARTESIAN_POINT ( 'NONE',  ( 63.89999999999420100, -20.09619636599925100, 250.0000000000000000 ) ) ;
#2850 = DIRECTION ( 'NONE',  ( -0.0000000000000000000, -0.0000000000000000000, -1.000000000000000000 ) ) ;
#2851 = DIRECTION ( 'NONE',  ( -0.0000000000000000000, -0.0000000000000000000, -1.000000000000000000 ) ) ;
#2852 = VECTOR ( 'NONE', #144, 1000.000000000000000 ) ;
#2853 = LINE ( 'NONE', #10130, #915 ) ;
#2854 = EDGE_LOOP ( 'NONE', ( #1832, #3275, #185, #1818 ) ) ;
#2855 = DIRECTION ( 'NONE',  ( 0.0000000000000000000, -1.000000000000000000, 0.0000000000000000000 ) ) ;
#2856 = VERTEX_POINT ( 'NONE', #7596 ) ;
#2857 = EDGE_LOOP ( 'NONE', ( #10943, #203, #8881, #882 ) ) ;
#2858 = ORIENTED_EDGE ( 'NONE', *, *, #5496, .T. ) ;
#2859 = ORIENTED_EDGE ( 'NONE', *, *, #2825, .T. ) ;
#2860 = CARTESIAN_POINT ( 'NONE',  ( 68.19999999999419100, -7.297745508358056900, 0.0000000000000000000 ) ) ;
#2861 = VERTEX_POINT ( 'NONE', #8478 ) ;
#2862 = CARTESIAN_POINT ( 'NONE',  ( 51.68999999999778100, 2.882517024154526400, 250.0000000000000000 ) ) ;
#2863 = VERTEX_POINT ( 'NONE', #8393 ) ;
#2864 = APPROVAL_ROLE ( '' ) ;
#2865 = DIRECTION ( 'NONE',  ( 1.057758217049744000E-015, -1.000000000000000000, 0.0000000000000000000 ) ) ;
#2866 = DIRECTION ( 'NONE',  ( 1.000000000000000000, 0.0000000000000000000, 0.0000000000000000000 ) ) ;
#2867 = CARTESIAN_POINT ( 'NONE',  ( 69.99999999999418800, -4.904230295371562000, 250.0000000000000000 ) ) ;
#2868 = LINE ( 'NONE', #8143, #1063 ) ;
#2869 = CYLINDRICAL_SURFACE ( 'NONE', #10663, 0.7999999999999917200 ) ;
#2870 = DIRECTION ( 'NONE',  ( -0.0000000000000000000, -0.0000000000000000000, -1.000000000000000000 ) ) ;
#2871 = DIRECTION ( 'NONE',  ( 0.0000000000000000000, -0.0000000000000000000, -1.000000000000000000 ) ) ;
#2872 = EDGE_LOOP ( 'NONE', ( #7602, #503, #3346, #3289 ) ) ;
#2873 = CARTESIAN_POINT ( 'NONE',  ( -8.199999999999999300, -28.19036512018242000, 250.0000000000000000 ) ) ;
#2874 = VERTEX_POINT ( 'NONE', #4847 ) ;
#2875 = ORIENTED_EDGE ( 'NONE', *, *, #3575, .F. ) ;
#2876 = ORIENTED_EDGE ( 'NONE', *, *, #11090, .T. ) ;
#2877 = VERTEX_POINT ( 'NONE', #3009 ) ;
#2878 = ORIENTED_EDGE ( 'NONE', *, *, #11392, .F. ) ;
#2879 = CARTESIAN_POINT ( 'NONE',  ( -9.999999999999998200, -4.904230295371562000, 0.0000000000000000000 ) ) ;
#2880 = ORIENTED_EDGE ( 'NONE', *, *, #11315, .T. ) ;
#2881 = EDGE_CURVE ( 'NONE', #7590, #392, #4999, .T. ) ;
#2882 = ADVANCED_FACE ( 'NONE', ( #7688 ), #3992, .T. ) ;
#2883 = CARTESIAN_POINT ( 'NONE',  ( 15.08862915010184300, -29.19036512018207900, 250.0000000000000000 ) ) ;
#2884 = DIRECTION ( 'NONE',  ( 0.0000000000000000000, -1.000000000000000000, 0.0000000000000000000 ) ) ;
#2885 = VECTOR ( 'NONE', #7713, 999.9999999999998900 ) ;
#2886 = LINE ( 'NONE', #4944, #7751 ) ;
#2887 = CARTESIAN_POINT ( 'NONE',  ( 69.19999999999419100, -15.09361780066056700, 250.0000000000000000 ) ) ;
#2888 = DIRECTION ( 'NONE',  ( -1.000000000000000000, 1.057758217049728800E-015, 0.0000000000000000000 ) ) ;
#2889 = EDGE_CURVE ( 'NONE', #9191, #8589, #10701, .T. ) ;
#2890 = ORIENTED_EDGE ( 'NONE', *, *, #9015, .F. ) ;
#2891 = ORIENTED_EDGE ( 'NONE', *, *, #644, .T. ) ;
#2892 = VERTEX_POINT ( 'NONE', #6816 ) ;
#2893 = EDGE_LOOP ( 'NONE', ( #11805, #6658, #9857, #8437 ) ) ;
#2894 = EDGE_CURVE ( 'NONE', #11209, #1219, #9838, .T. ) ;
#2895 = VERTEX_POINT ( 'NONE', #7805 ) ;
#2896 = AXIS2_PLACEMENT_3D ( 'NONE', #3571, #9957, #4505 ) ;
#2897 = VECTOR ( 'NONE', #11467, 1000.000000000000000 ) ;
#2898 = VECTOR ( 'NONE', #4991, 1000.000000000000000 ) ;
#2899 = CARTESIAN_POINT ( 'NONE',  ( 3.899999999999906200, 0.09834826997499368500, 0.0000000000000000000 ) ) ;
#2900 = DIRECTION ( 'NONE',  ( -0.0000000000000000000, -0.0000000000000000000, -1.000000000000000000 ) ) ;
#2901 = CARTESIAN_POINT ( 'NONE',  ( 51.79999999999418500, 6.577983149782563800, 250.0000000000000000 ) ) ;
#2902 = DIRECTION ( 'NONE',  ( -0.0000000000000000000, -0.0000000000000000000, -1.000000000000000000 ) ) ;
#2903 = DIRECTION ( 'NONE',  ( -1.000000000000000000, 0.0000000000000000000, 0.0000000000000000000 ) ) ;
#2904 = CARTESIAN_POINT ( 'NONE',  ( 6.570000000007161700, 7.667983149782571700, 250.0000000000000000 ) ) ;
#2905 = DIRECTION ( 'NONE',  ( -0.0000000000000000000, -0.0000000000000000000, -1.000000000000000000 ) ) ;
#2906 = VERTEX_POINT ( 'NONE', #2932 ) ;
#2907 = CARTESIAN_POINT ( 'NONE',  ( 27.31926974553797300, -11.79036512018218900, 0.0000000000000000000 ) ) ;
#2908 = ORIENTED_EDGE ( 'NONE', *, *, #867, .F. ) ;
#2909 = LINE ( 'NONE', #9333, #5061 ) ;
#2910 = EDGE_CURVE ( 'NONE', #2032, #3540, #7998, .T. ) ;
#2911 = EDGE_CURVE ( 'NONE', #219, #2731, #5559, .T. ) ;
#2912 = LINE ( 'NONE', #1962, #1917 ) ;
#2913 = LINE ( 'NONE', #10211, #10476 ) ;
#2914 = PERSON_AND_ORGANIZATION_ROLE ( 'creator' ) ;
#2915 = AXIS2_PLACEMENT_3D ( 'NONE', #8304, #7351, #10910 ) ;
#2916 = CARTESIAN_POINT ( 'NONE',  ( 65.48871339015163100, -28.19036512018228900, 250.0000000000000000 ) ) ;
#2917 = ADVANCED_FACE ( 'NONE', ( #11416 ), #11437, .T. ) ;
#2918 = CARTESIAN_POINT ( 'NONE',  ( 69.20999999998701900, 4.899745738432866200, 250.0000000000000000 ) ) ;
#2919 = ORIENTED_EDGE ( 'NONE', *, *, #11658, .T. ) ;
#2920 = ORIENTED_EDGE ( 'NONE', *, *, #7802, .F. ) ;
#2921 = ORIENTED_EDGE ( 'NONE', *, *, #4357, .F. ) ;
#2922 = DIRECTION ( 'NONE',  ( 0.7071067811865479100, -0.7071067811865471300, -0.0000000000000000000 ) ) ;
#2923 = DIRECTION ( 'NONE',  ( -0.0000000000000000000, -0.0000000000000000000, -1.000000000000000000 ) ) ;
#2924 = CARTESIAN_POINT ( 'NONE',  ( 63.89999999999420100, -17.16832557109312100, 250.0000000000000000 ) ) ;
#2925 = VECTOR ( 'NONE', #7944, 1000.000000000000000 ) ;
#2926 = DIRECTION ( 'NONE',  ( 1.000000000000000000, -4.823982726551475700E-016, 0.0000000000000000000 ) ) ;
#2927 = ORIENTED_EDGE ( 'NONE', *, *, #10490, .T. ) ;
#2928 = EDGE_CURVE ( 'NONE', #8637, #11616, #1015, .T. ) ;
#2929 = EDGE_CURVE ( 'NONE', #3599, #5611, #2260, .T. ) ;
#2930 = CARTESIAN_POINT ( 'NONE',  ( 42.88999999999419500, -28.30036512018271800, 250.0000000000000000 ) ) ;
#2931 = ORIENTED_EDGE ( 'NONE', *, *, #6967, .T. ) ;
#2932 = CARTESIAN_POINT ( 'NONE',  ( -4.907228714274736200, -29.99036512018231800, 250.0000000000000000 ) ) ;
#2933 = EDGE_LOOP ( 'NONE', ( #4143, #4224, #897, #2170 ) ) ;
#2934 = AXIS2_PLACEMENT_3D ( 'NONE', #6135, #744, #9733 ) ;
#2935 = VECTOR ( 'NONE', #9864, 1000.000000000000000 ) ;
#2936 = CARTESIAN_POINT ( 'NONE',  ( 27.31926974553797300, -11.79036512018218900, 250.0000000000000000 ) ) ;
#2937 = DIRECTION ( 'NONE',  ( -0.0000000000000000000, -0.0000000000000000000, -1.000000000000000000 ) ) ;
#2938 = DIRECTION ( 'NONE',  ( -0.0000000000000000000, -0.0000000000000000000, -1.000000000000000000 ) ) ;
#2939 = PLANE ( 'NONE',  #5837 ) ;
#2940 = VECTOR ( 'NONE', #2590, 1000.000000000000000 ) ;
#2941 = AXIS2_PLACEMENT_3D ( 'NONE', #1082, #10077, #138 ) ;
#2942 = CARTESIAN_POINT ( 'NONE',  ( 69.20999999998701900, 4.899745738432866200, 250.0000000000000000 ) ) ;
#2943 = CARTESIAN_POINT ( 'NONE',  ( 17.17047753659499800, -23.89285944546705000, 250.0000000000000000 ) ) ;
#2944 = VECTOR ( 'NONE', #1074, 1000.000000000000100 ) ;
#2945 = PLANE ( 'NONE',  #4459 ) ;
#2946 = ADVANCED_FACE ( 'NONE', ( #1587 ), #3217, .F. ) ;
#2947 = CARTESIAN_POINT ( 'NONE',  ( 44.34568542494296400, -29.75605054513145500, 250.0000000000000000 ) ) ;
#2948 = CARTESIAN_POINT ( 'NONE',  ( 22.84824144739257800, -16.08952446469493200, 250.0000000000000000 ) ) ;
#2949 = ORIENTED_EDGE ( 'NONE', *, *, #6900, .T. ) ;
#2950 = LINE ( 'NONE', #8869, #9807 ) ;
#2951 = CARTESIAN_POINT ( 'NONE',  ( -2.835002123228811000, -3.901602146817069200, 250.0000000000000000 ) ) ;
#2952 = VECTOR ( 'NONE', #7510, 1000.000000000000100 ) ;
#2953 = EDGE_CURVE ( 'NONE', #8537, #1394, #9829, .T. ) ;
#2954 = FACE_OUTER_BOUND ( 'NONE', #781, .T. ) ;
#2955 = CARTESIAN_POINT ( 'NONE',  ( 4.341302591949444800, 9.778249236954939900, 250.0000000000000000 ) ) ;
#2956 = DIRECTION ( 'NONE',  ( -0.0000000000000000000, -0.0000000000000000000, -1.000000000000000000 ) ) ;
#2957 = CARTESIAN_POINT ( 'NONE',  ( -8.200000000000002800, -5.496196365999258800, 0.0000000000000000000 ) ) ;
#2958 = LINE ( 'NONE', #4550, #8387 ) ;
#2959 = CARTESIAN_POINT ( 'NONE',  ( 56.09999999999428200, 0.09834826997499368500, 250.0000000000000000 ) ) ;
#2960 = CARTESIAN_POINT ( 'NONE',  ( -6.570000000007158100, 8.207983149782574400, 250.0000000000000000 ) ) ;
#2961 = VECTOR ( 'NONE', #2661, 1000.000000000000000 ) ;
#2962 = AXIS2_PLACEMENT_3D ( 'NONE', #615, #3377, #499 ) ;
#2963 = DIRECTION ( 'NONE',  ( -1.000000000000000000, -0.0000000000000000000, -0.0000000000000000000 ) ) ;
#2964 = DIRECTION ( 'NONE',  ( -0.0000000000000000000, -0.0000000000000000000, -1.000000000000000000 ) ) ;
#2965 = LINE ( 'NONE', #5049, #4672 ) ;
#2966 = DIRECTION ( 'NONE',  ( 0.0000000000000000000, 0.0000000000000000000, 1.000000000000000000 ) ) ;
#2967 = EDGE_CURVE ( 'NONE', #2729, #11669, #731, .T. ) ;
#2968 = DIRECTION ( 'NONE',  ( -1.000000000000000000, 0.0000000000000000000, 0.0000000000000000000 ) ) ;
#2969 = VERTEX_POINT ( 'NONE', #533 ) ;
#2970 = ADVANCED_FACE ( 'NONE', ( #145 ), #3253, .F. ) ;
#2971 = ORIENTED_EDGE ( 'NONE', *, *, #3729, .T. ) ;
#2972 = LINE ( 'NONE', #2211, #6388 ) ;
#2973 = LINE ( 'NONE', #597, #4410 ) ;
#2974 = CARTESIAN_POINT ( 'NONE',  ( 42.82952246339918600, -23.89285944546705000, 0.0000000000000000000 ) ) ;
#2975 = EDGE_CURVE ( 'NONE', #9922, #2863, #5287, .T. ) ;
#2976 = AXIS2_PLACEMENT_3D ( 'NONE', #3576, #4472, #6294 ) ;
#2977 = CARTESIAN_POINT ( 'NONE',  ( 34.51128660983683000, -28.19036512018228900, 250.0000000000000000 ) ) ;
#2978 = CARTESIAN_POINT ( 'NONE',  ( 47.30000001409301500, -26.24036512018223300, 0.0000000000000000000 ) ) ;
#2979 = LINE ( 'NONE', #7490, #9686 ) ;
#2980 = DIRECTION ( 'NONE',  ( -0.0000000000000000000, -0.0000000000000000000, -1.000000000000000000 ) ) ;
#2981 = CARTESIAN_POINT ( 'NONE',  ( -9.768614357130205800, 4.341131381295492800, 250.0000000000000000 ) ) ;
#2982 = AXIS2_PLACEMENT_3D ( 'NONE', #3814, #5017, #1376 ) ;
#2983 = DIRECTION ( 'NONE',  ( -1.000000000000000000, -0.0000000000000000000, -0.0000000000000000000 ) ) ;
#2984 = ORIENTED_EDGE ( 'NONE', *, *, #737, .T. ) ;
#2985 = ORIENTED_EDGE ( 'NONE', *, *, #5503, .F. ) ;
#2986 = EDGE_LOOP ( 'NONE', ( #9571, #2571, #9535, #113 ) ) ;
#2987 = CIRCLE ( 'NONE', #10759, 2.099999999999999600 ) ;
#2988 = ORIENTED_EDGE ( 'NONE', *, *, #851, .T. ) ;
#2989 = VECTOR ( 'NONE', #6857, 1000.000000000000000 ) ;
#2990 = CARTESIAN_POINT ( 'NONE',  ( 56.09999999999428200, -0.1033369205210043500, 250.0000000000000000 ) ) ;
#2991 = VECTOR ( 'NONE', #2992, 1000.000000000000000 ) ;
#2992 = DIRECTION ( 'NONE',  ( -0.0000000000000000000, -0.0000000000000000000, -1.000000000000000000 ) ) ;
#2993 = CARTESIAN_POINT ( 'NONE',  ( 12.69999998590111500, -13.75036510608260100, 0.0000000000000000000 ) ) ;
#2994 = DIRECTION ( 'NONE',  ( 0.7071067811865476800, -0.7071067811865474600, -0.0000000000000000000 ) ) ;
#2995 = EDGE_CURVE ( 'NONE', #8450, #10996, #10546, .T. ) ;
#2996 = EDGE_CURVE ( 'NONE', #2856, #7677, #6265, .T. ) ;
#2997 = PRODUCT_DEFINITION_SHAPE ( 'NONE', 'NONE',  #8956 ) ;
#2998 = ORIENTED_EDGE ( 'NONE', *, *, #1233, .F. ) ;
#2999 = ORIENTED_EDGE ( 'NONE', *, *, #10840, .T. ) ;
#3000 = VERTEX_POINT ( 'NONE', #569 ) ;
#3001 = DIRECTION ( 'NONE',  ( 0.0000000000000000000, 0.0000000000000000000, 1.000000000000000000 ) ) ;
#3002 = DIRECTION ( 'NONE',  ( 0.7071067811865479100, -0.7071067811865472400, 0.0000000000000000000 ) ) ;
#3003 = DIRECTION ( 'NONE',  ( -0.0000000000000000000, 1.000000000000000000, -0.0000000000000000000 ) ) ;
#3004 = LINE ( 'NONE', #1127, #10274 ) ;
#3005 = VECTOR ( 'NONE', #2480, 1000.000000000000000 ) ;
#3006 = ADVANCED_FACE ( 'NONE', ( #1848 ), #9411, .T. ) ;
#3007 = CARTESIAN_POINT ( 'NONE',  ( 44.33238217684101600, -10.22967028555419600, 0.0000000000000000000 ) ) ;
#3008 = DIRECTION ( 'NONE',  ( 0.7071067811865471300, 0.7071067811865479100, -0.0000000000000000000 ) ) ;
#3009 = CARTESIAN_POINT ( 'NONE',  ( 55.65431457504502800, -29.75605054513154700, 0.0000000000000000000 ) ) ;
#3010 = CARTESIAN_POINT ( 'NONE',  ( 65.48871339015163100, -26.55168528746671400, 250.0000000000000000 ) ) ;
#3011 = ORIENTED_EDGE ( 'NONE', *, *, #1415, .F. ) ;
#3012 = VERTEX_POINT ( 'NONE', #5885 ) ;
#3013 = ORIENTED_EDGE ( 'NONE', *, *, #8170, .F. ) ;
#3014 = ORIENTED_EDGE ( 'NONE', *, *, #11073, .T. ) ;
#3015 = CARTESIAN_POINT ( 'NONE',  ( -8.200000000000002800, -2.882859445469489600, 250.0000000000000000 ) ) ;
#3016 = ORIENTED_EDGE ( 'NONE', *, *, #11734, .T. ) ;
#3017 = DIRECTION ( 'NONE',  ( 0.7071067811865479100, -0.7071067811865471300, 0.0000000000000000000 ) ) ;
#3018 = LINE ( 'NONE', #10745, #624 ) ;
#3019 = LINE ( 'NONE', #6359, #625 ) ;
#3020 = VERTEX_POINT ( 'NONE', #9505 ) ;
#3021 = CARTESIAN_POINT ( 'NONE',  ( 66.55999999997978000, 5.495853944692208300, 0.0000000000000000000 ) ) ;
#3022 = DIRECTION ( 'NONE',  ( -1.000000000000000000, -1.057758217049745200E-015, -0.0000000000000000000 ) ) ;
#3023 = ORIENTED_EDGE ( 'NONE', *, *, #2192, .T. ) ;
#3024 = ORIENTED_EDGE ( 'NONE', *, *, #903, .T. ) ;
#3025 = ORIENTED_EDGE ( 'NONE', *, *, #841, .T. ) ;
#3026 = VERTEX_POINT ( 'NONE', #8640 ) ;
#3027 = DIRECTION ( 'NONE',  ( -0.0000000000000000000, -0.0000000000000000000, -1.000000000000000000 ) ) ;
#3028 = ORIENTED_EDGE ( 'NONE', *, *, #4314, .F. ) ;
#3029 = DIRECTION ( 'NONE',  ( -0.0000000000000000000, -0.0000000000000000000, -1.000000000000000000 ) ) ;
#3030 = LINE ( 'NONE', #9911, #10585 ) ;
#3031 = LINE ( 'NONE', #7449, #2319 ) ;
#3032 = DIRECTION ( 'NONE',  ( 0.0000000000000000000, -1.000000000000000000, 0.0000000000000000000 ) ) ;
#3033 = EDGE_CURVE ( 'NONE', #8777, #9140, #604, .T. ) ;
#3034 = DIRECTION ( 'NONE',  ( -1.000000000000000000, -5.406564086636838800E-014, 0.0000000000000000000 ) ) ;
#3035 = ORIENTED_EDGE ( 'NONE', *, *, #3850, .F. ) ;
#3036 = VERTEX_POINT ( 'NONE', #8889 ) ;
#3037 = ORIENTED_EDGE ( 'NONE', *, *, #2631, .F. ) ;
#3038 = ORIENTED_EDGE ( 'NONE', *, *, #8397, .T. ) ;
#3039 = PLANE ( 'NONE',  #1182 ) ;
#3040 = VERTEX_POINT ( 'NONE', #6112 ) ;
#3041 = ADVANCED_FACE ( 'NONE', ( #9979 ), #10694, .F. ) ;
#3042 = AXIS2_PLACEMENT_3D ( 'NONE', #6219, #871, #3430 ) ;
#3043 = CARTESIAN_POINT ( 'NONE',  ( 8.309999999996406900, 2.882517024154526400, 0.0000000000000000000 ) ) ;
#3044 = VECTOR ( 'NONE', #1008, 999.9999999999998900 ) ;
#3045 = LINE ( 'NONE', #4421, #8469 ) ;
#3046 = CARTESIAN_POINT ( 'NONE',  ( 62.84036513428219500, -16.08952252493459100, 250.0000000000000000 ) ) ;
#3047 = ORIENTED_EDGE ( 'NONE', *, *, #251, .F. ) ;
#3048 = ORIENTED_EDGE ( 'NONE', *, *, #9580, .F. ) ;
#3049 = EDGE_CURVE ( 'NONE', #9272, #3742, #2415, .T. ) ;
#3050 = VERTEX_POINT ( 'NONE', #10782 ) ;
#3051 = PLANE ( 'NONE',  #6807 ) ;
#3052 = ORIENTED_EDGE ( 'NONE', *, *, #5453, .T. ) ;
#3053 = VECTOR ( 'NONE', #1256, 1000.000000000000000 ) ;
#3054 = CARTESIAN_POINT ( 'NONE',  ( -5.488713390157446500, -26.55168528746671400, 0.0000000000000000000 ) ) ;
#3055 = DIRECTION ( 'NONE',  ( -0.0000000000000000000, -0.0000000000000000000, -1.000000000000000000 ) ) ;
#3056 = VECTOR ( 'NONE', #2391, 1000.000000000000100 ) ;
#3057 = CYLINDRICAL_SURFACE ( 'NONE', #7442, 2.099999999999997900 ) ;
#3058 = CARTESIAN_POINT ( 'NONE',  ( 7.660000000007168600, 6.577983149782563800, 250.0000000000000000 ) ) ;
#3059 = EDGE_CURVE ( 'NONE', #8661, #1013, #4419, .T. ) ;
#3060 = EDGE_CURVE ( 'NONE', #4404, #2906, #8416, .T. ) ;
#3061 = ORIENTED_EDGE ( 'NONE', *, *, #2881, .F. ) ;
#3062 = AXIS2_PLACEMENT_3D ( 'NONE', #10727, #4420, #2473 ) ;
#3063 = VERTEX_POINT ( 'NONE', #11747 ) ;
#3064 = CYLINDRICAL_SURFACE ( 'NONE', #4541, 0.8000000000000853100 ) ;
#3065 = CARTESIAN_POINT ( 'NONE',  ( 42.82952246339918600, -23.89285944546705000, 250.0000000000000000 ) ) ;
#3066 = DIRECTION ( 'NONE',  ( -1.000000000000000000, -0.0000000000000000000, -0.0000000000000000000 ) ) ;
#3067 = DIRECTION ( 'NONE',  ( -0.0000000000000000000, -0.0000000000000000000, -1.000000000000000000 ) ) ;
#3068 = CARTESIAN_POINT ( 'NONE',  ( 68.19999999999419100, -2.882859445469489600, 0.0000000000000000000 ) ) ;
#3069 = VECTOR ( 'NONE', #4332, 1000.000000000000000 ) ;
#3070 = VECTOR ( 'NONE', #7046, 1000.000000000000000 ) ;
#3071 = DIRECTION ( 'NONE',  ( -0.0000000000000000000, -0.0000000000000000000, -1.000000000000000000 ) ) ;
#3072 = ADVANCED_FACE ( 'NONE', ( #8127 ), #4668, .F. ) ;
#3073 = ORIENTED_EDGE ( 'NONE', *, *, #10613, .T. ) ;
#3074 = EDGE_CURVE ( 'NONE', #11117, #10052, #5425, .T. ) ;
#3075 = EDGE_CURVE ( 'NONE', #7504, #7940, #3846, .T. ) ;
#3076 = ORIENTED_EDGE ( 'NONE', *, *, #8190, .T. ) ;
#3077 = VERTEX_POINT ( 'NONE', #1088 ) ;
#3078 = VECTOR ( 'NONE', #4278, 1000.000000000000000 ) ;
#3079 = PLANE ( 'NONE',  #3181 ) ;
#3080 = FACE_OUTER_BOUND ( 'NONE', #3676, .T. ) ;
#3081 = AXIS2_PLACEMENT_3D ( 'NONE', #4663, #1077, #1912 ) ;
#3082 = DIRECTION ( 'NONE',  ( 0.6636301409730314100, -0.7480608504607859600, -0.0000000000000000000 ) ) ;
#3083 = DIRECTION ( 'NONE',  ( -0.7071067811865491300, -0.7071067811865459100, 0.0000000000000000000 ) ) ;
#3084 = CARTESIAN_POINT ( 'NONE',  ( 14.49666307946589100, -28.19036512018228900, 0.0000000000000000000 ) ) ;
#3085 = VERTEX_POINT ( 'NONE', #8382 ) ;
#3086 = VECTOR ( 'NONE', #2670, 1000.000000000000000 ) ;
#3087 = PLANE ( 'NONE',  #9951 ) ;
#3088 = VECTOR ( 'NONE', #11460, 1000.000000000000000 ) ;
#3089 = EDGE_CURVE ( 'NONE', #10340, #488, #2702, .T. ) ;
#3090 = EDGE_CURVE ( 'NONE', #11222, #9977, #1995, .T. ) ;
#3091 = DIRECTION ( 'NONE',  ( -0.7071067811865476800, 0.7071067811865474600, 0.0000000000000000000 ) ) ;
#3092 = AXIS2_PLACEMENT_3D ( 'NONE', #2145, #3860, #5740 ) ;
#3093 = VECTOR ( 'NONE', #1442, 1000.000000000000000 ) ;
#3094 = CARTESIAN_POINT ( 'NONE',  ( 8.309999999996406900, -2.882859445469489600, 0.0000000000000000000 ) ) ;
#3095 = EDGE_CURVE ( 'NONE', #11789, #4736, #11561, .T. ) ;
#3096 = DIRECTION ( 'NONE',  ( -0.7071067811865479100, -0.7071067811865472400, 0.0000000000000000000 ) ) ;
#3097 = ADVANCED_FACE ( 'NONE', ( #1716 ), #1999, .T. ) ;
#3098 = LINE ( 'NONE', #985, #8666 ) ;
#3099 = APPROVAL_PERSON_ORGANIZATION ( #7377, #4180, #2864 ) ;
#3100 = CARTESIAN_POINT ( 'NONE',  ( 2.889999999999921100, -28.19036512018228900, 250.0000000000000000 ) ) ;
#3101 = DIRECTION ( 'NONE',  ( 0.0000000000000000000, -1.000000000000000000, 0.0000000000000000000 ) ) ;
#3102 = CARTESIAN_POINT ( 'NONE',  ( 55.08862915009573400, -29.19036512018225000, 0.0000000000000000000 ) ) ;
#3103 = CARTESIAN_POINT ( 'NONE',  ( 63.89999999997976200, 2.836663079479063000, 0.0000000000000000000 ) ) ;
#3104 = DIRECTION ( 'NONE',  ( -2.761305597428296800E-014, 1.000000000000000000, 0.0000000000000000000 ) ) ;
#3105 = ORIENTED_EDGE ( 'NONE', *, *, #11243, .T. ) ;
#3106 = VECTOR ( 'NONE', #7824, 1000.000000000000000 ) ;
#3107 = CARTESIAN_POINT ( 'NONE',  ( 63.89999999999420100, -19.90664038059719200, 0.0000000000000000000 ) ) ;
#3108 = VECTOR ( 'NONE', #785, 1000.000000000000000 ) ;
#3109 = CARTESIAN_POINT ( 'NONE',  ( 22.84824144739257800, -16.08952446469493200, 0.0000000000000000000 ) ) ;
#3110 = FACE_OUTER_BOUND ( 'NONE', #9817, .T. ) ;
#3111 = CARTESIAN_POINT ( 'NONE',  ( 52.69036512017637400, -28.19036512018228900, 250.0000000000000000 ) ) ;
#3112 = DIRECTION ( 'NONE',  ( -0.6636301409130349600, -0.7480608505140109400, 0.0000000000000000000 ) ) ;
#3113 = DIRECTION ( 'NONE',  ( 0.0000000000000000000, -0.0000000000000000000, -1.000000000000000000 ) ) ;
#3114 = ORIENTED_EDGE ( 'NONE', *, *, #10189, .T. ) ;
#3115 = VECTOR ( 'NONE', #566, 1000.000000000000000 ) ;
#3116 = DIRECTION ( 'NONE',  ( 0.0000000000000000000, 0.0000000000000000000, 1.000000000000000000 ) ) ;
#3117 = LINE ( 'NONE', #3620, #722 ) ;
#3118 = CARTESIAN_POINT ( 'NONE',  ( 27.31926974553747900, -28.19036512018301400, 250.0000000000000000 ) ) ;
#3119 = VECTOR ( 'NONE', #4058, 1000.000000000000000 ) ;
#3120 = ADVANCED_FACE ( 'NONE', ( #11280 ), #5547, .T. ) ;
#3121 = CARTESIAN_POINT ( 'NONE',  ( 4.911370849898591300, -29.99036512018235400, 250.0000000000000000 ) ) ;
#3122 = EDGE_CURVE ( 'NONE', #10607, #7270, #3689, .T. ) ;
#3123 = ORIENTED_EDGE ( 'NONE', *, *, #5055, .F. ) ;
#3124 = EDGE_LOOP ( 'NONE', ( #7185, #546, #2214, #7714 ) ) ;
#3125 = ORIENTED_EDGE ( 'NONE', *, *, #4512, .F. ) ;
#3126 = DIRECTION ( 'NONE',  ( 0.7071067811865259200, -0.7071067811865691100, -0.0000000000000000000 ) ) ;
#3127 = LINE ( 'NONE', #1140, #1705 ) ;
#3128 = AXIS2_PLACEMENT_3D ( 'NONE', #4213, #1519, #6045 ) ;
#3129 = DIRECTION ( 'NONE',  ( -0.0000000000000000000, -0.0000000000000000000, -1.000000000000000000 ) ) ;
#3130 = LINE ( 'NONE', #2405, #4121 ) ;
#3131 = CARTESIAN_POINT ( 'NONE',  ( 69.76861435713155400, -24.33897947731967500, 250.0000000000000000 ) ) ;
#3132 = LINE ( 'NONE', #1117, #1021 ) ;
#3133 = DIRECTION ( 'NONE',  ( 0.0000000000000000000, -0.0000000000000000000, -1.000000000000000000 ) ) ;
#3134 = DIRECTION ( 'NONE',  ( -1.000000000000000000, -4.823982726551470700E-016, 0.0000000000000000000 ) ) ;
#3135 = CARTESIAN_POINT ( 'NONE',  ( 3.900000000014339600, -22.83451117550332300, 250.0000000000000000 ) ) ;
#3136 = ORIENTED_EDGE ( 'NONE', *, *, #3764, .T. ) ;
#3137 = ORIENTED_EDGE ( 'NONE', *, *, #10791, .F. ) ;
#3138 = EDGE_LOOP ( 'NONE', ( #3574, #4334, #941, #2602 ) ) ;
#3139 = DIRECTION ( 'NONE',  ( -0.0000000000000000000, -0.0000000000000000000, -1.000000000000000000 ) ) ;
#3140 = EDGE_CURVE ( 'NONE', #5041, #10835, #7263, .T. ) ;
#3141 = AXIS2_PLACEMENT_3D ( 'NONE', #1869, #65, #5572 ) ;
#3142 = CARTESIAN_POINT ( 'NONE',  ( 5.503336920534022300, -26.55128087389479300, 0.0000000000000000000 ) ) ;
#3143 = FACE_OUTER_BOUND ( 'NONE', #2370, .T. ) ;
#3144 = CARTESIAN_POINT ( 'NONE',  ( -9.999999999999998200, -4.904230295371562000, 250.0000000000000000 ) ) ;
#3145 = FACE_OUTER_BOUND ( 'NONE', #7727, .T. ) ;
#3146 = VECTOR ( 'NONE', #4268, 1000.000000000000000 ) ;
#3147 = AXIS2_PLACEMENT_3D ( 'NONE', #5679, #3884, #7391 ) ;
#3148 = CARTESIAN_POINT ( 'NONE',  ( 66.57000000000135700, 8.207983149782574400, 250.0000000000000000 ) ) ;
#3149 = DIRECTION ( 'NONE',  ( 0.0000000000000000000, 1.000000000000000000, 0.0000000000000000000 ) ) ;
#3150 = EDGE_LOOP ( 'NONE', ( #2081, #9419, #3990, #4709 ) ) ;
#3151 = ORIENTED_EDGE ( 'NONE', *, *, #8483, .T. ) ;
#3152 = ORIENTED_EDGE ( 'NONE', *, *, #6966, .T. ) ;
#3153 = ORIENTED_EDGE ( 'NONE', *, *, #9623, .F. ) ;
#3154 = DIRECTION ( 'NONE',  ( 0.7071067811865352500, 0.7071067811865597900, 0.0000000000000000000 ) ) ;
#3155 = CARTESIAN_POINT ( 'NONE',  ( 62.87537646962544400, -28.30036512018218900, 0.0000000000000000000 ) ) ;
#3156 = FACE_OUTER_BOUND ( 'NONE', #1734, .T. ) ;
#3158 = ADVANCED_FACE ( 'NONE', ( #6675 ), #6463, .F. ) ;
#3157 = FACE_OUTER_BOUND ( 'NONE', #7791, .T. ) ;
#3159 = EDGE_CURVE ( 'NONE', #85, #2028, #9554, .T. ) ;
#3160 = EDGE_CURVE ( 'NONE', #5735, #7711, #8863, .T. ) ;
#3161 = VERTEX_POINT ( 'NONE', #1923 ) ;
#3162 = ORIENTED_EDGE ( 'NONE', *, *, #10375, .F. ) ;
#3163 = ORIENTED_EDGE ( 'NONE', *, *, #9200, .F. ) ;
#3164 = ORIENTED_EDGE ( 'NONE', *, *, #5154, .T. ) ;
#3165 = VERTEX_POINT ( 'NONE', #4594 ) ;
#3166 = ORIENTED_EDGE ( 'NONE', *, *, #4038, .T. ) ;
#3167 = DIRECTION ( 'NONE',  ( 0.7071067811865475700, 0.7071067811865475700, -0.0000000000000000000 ) ) ;
#3168 = ORIENTED_EDGE ( 'NONE', *, *, #8949, .T. ) ;
#3169 = DIRECTION ( 'NONE',  ( 4.175839678922507800E-012, 1.000000000000000000, -0.0000000000000000000 ) ) ;
#3170 = CARTESIAN_POINT ( 'NONE',  ( 3.899999999999905800, -2.841651730025073900, 250.0000000000000000 ) ) ;
#3171 = LINE ( 'NONE', #7190, #5449 ) ;
#3172 = FACE_OUTER_BOUND ( 'NONE', #8449, .T. ) ;
#3173 = DIRECTION ( 'NONE',  ( 0.0000000000000000000, -0.0000000000000000000, -1.000000000000000000 ) ) ;
#3174 = CARTESIAN_POINT ( 'NONE',  ( 68.19999999999419100, -5.496196365999258800, 0.0000000000000000000 ) ) ;
#3175 = EDGE_LOOP ( 'NONE', ( #9614, #7295, #4272, #9727, #6051, #9003, #4346, #10672, #7057, #752, #5460, #5719 ) ) ;
#3176 = ORIENTED_EDGE ( 'NONE', *, *, #231, .F. ) ;
#3177 = ORIENTED_EDGE ( 'NONE', *, *, #4670, .F. ) ;
#3178 = VERTEX_POINT ( 'NONE', #3983 ) ;
#3179 = ORIENTED_EDGE ( 'NONE', *, *, #11642, .T. ) ;
#3180 = EDGE_LOOP ( 'NONE', ( #4430, #10349, #1149, #4848 ) ) ;
#3181 = AXIS2_PLACEMENT_3D ( 'NONE', #10437, #11353, #1341 ) ;
#3182 = ORIENTED_EDGE ( 'NONE', *, *, #4192, .F. ) ;
#3183 = CARTESIAN_POINT ( 'NONE',  ( 22.88867965644328400, -11.79036512018251400, 0.0000000000000000000 ) ) ;
#3184 = LINE ( 'NONE', #7815, #787 ) ;
#3185 = VECTOR ( 'NONE', #5815, 1000.000000000000000 ) ;
#3186 = DIRECTION ( 'NONE',  ( 0.0000000000000000000, -0.0000000000000000000, -1.000000000000000000 ) ) ;
#3187 = DIRECTION ( 'NONE',  ( 0.7071067811865597900, -0.7071067811865352500, 0.0000000000000000000 ) ) ;
#3188 = PLANE ( 'NONE',  #3690 ) ;
#3189 = DIRECTION ( 'NONE',  ( 0.0000000000000000000, -0.0000000000000000000, -1.000000000000000000 ) ) ;
#3190 = ORIENTED_EDGE ( 'NONE', *, *, #3089, .F. ) ;
#3191 = ORIENTED_EDGE ( 'NONE', *, *, #7559, .T. ) ;
#3192 = ORIENTED_EDGE ( 'NONE', *, *, #2064, .T. ) ;
#3193 = ADVANCED_FACE ( 'NONE', ( #10261 ), #2109, .F. ) ;
#3194 = DIRECTION ( 'NONE',  ( 0.0000000000000000000, -1.000000000000000000, 0.0000000000000000000 ) ) ;
#3195 = ORIENTED_EDGE ( 'NONE', *, *, #4683, .T. ) ;
#3196 = DIRECTION ( 'NONE',  ( -0.7089894245298813400, -0.7052191119820758700, 0.0000000000000000000 ) ) ;
#3197 = EDGE_CURVE ( 'NONE', #14, #8777, #10838, .T. ) ;
#3198 = LINE ( 'NONE', #4626, #5913 ) ;
#3199 = LINE ( 'NONE', #7670, #5206 ) ;
#3200 = CARTESIAN_POINT ( 'NONE',  ( 40.00000000008163400, -19.99036512018248500, 250.0000000000000000 ) ) ;
#3201 = DIRECTION ( 'NONE',  ( -0.7071067811865479100, -0.7071067811865470200, 0.0000000000000000000 ) ) ;
#3202 = CARTESIAN_POINT ( 'NONE',  ( 19.91047753659498900, -23.89285944546705000, 0.0000000000000000000 ) ) ;
#3203 = DIRECTION ( 'NONE',  ( -1.057758217049727200E-015, 1.000000000000000000, 0.0000000000000000000 ) ) ;
#3204 = CARTESIAN_POINT ( 'NONE',  ( -8.200000000000002800, -2.882859445469489600, 250.0000000000000000 ) ) ;
#3205 = ORIENTED_EDGE ( 'NONE', *, *, #2537, .T. ) ;
#3206 = CARTESIAN_POINT ( 'NONE',  ( 34.48412836968110900, -26.55957388274415000, 250.0000000000000000 ) ) ;
#3207 = EDGE_LOOP ( 'NONE', ( #11582, #11588, #9718, #1833 ) ) ;
#3208 = VECTOR ( 'NONE', #10344, 1000.000000000000000 ) ;
#3209 = AXIS2_PLACEMENT_3D ( 'NONE', #2650, #5249, #8995 ) ;
#3210 = DIRECTION ( 'NONE',  ( -0.7071067811865471300, -0.7071067811865479100, 0.0000000000000000000 ) ) ;
#3211 = FACE_OUTER_BOUND ( 'NONE', #6628, .T. ) ;
#3212 = VECTOR ( 'NONE', #10365, 1000.000000000000000 ) ;
#3213 = EDGE_CURVE ( 'NONE', #4467, #11604, #9698, .T. ) ;
#3214 = DIRECTION ( 'NONE',  ( 1.000000000000000000, 2.761305597428296800E-014, 0.0000000000000000000 ) ) ;
#3215 = DIRECTION ( 'NONE',  ( -1.407933284406894900E-012, -1.000000000000000000, 0.0000000000000000000 ) ) ;
#3216 = ORIENTED_EDGE ( 'NONE', *, *, #6832, .T. ) ;
#3217 = PLANE ( 'NONE',  #9525 ) ;
#3218 = ORIENTED_EDGE ( 'NONE', *, *, #1244, .F. ) ;
#3219 = ORIENTED_EDGE ( 'NONE', *, *, #5355, .T. ) ;
#3220 = CARTESIAN_POINT ( 'NONE',  ( 68.19999999999419100, -17.11498865055904900, 250.0000000000000000 ) ) ;
#3221 = VECTOR ( 'NONE', #7459, 1000.000000000000000 ) ;
#3222 = EDGE_CURVE ( 'NONE', #6956, #4882, #6541, .T. ) ;
#3223 = LINE ( 'NONE', #10005, #2925 ) ;
#3224 = EDGE_CURVE ( 'NONE', #10996, #7985, #3553, .T. ) ;
#3225 = CARTESIAN_POINT ( 'NONE',  ( 57.15999999999182500, -16.08952252493459100, 250.0000000000000000 ) ) ;
#3226 = ADVANCED_FACE ( 'NONE', ( #7122 ), #3039, .F. ) ;
#3227 = DIRECTION ( 'NONE',  ( 0.7072143353590414300, -0.7069992106520834900, 0.0000000000000000000 ) ) ;
#3228 = ORIENTED_EDGE ( 'NONE', *, *, #7828, .F. ) ;
#3229 = ORIENTED_EDGE ( 'NONE', *, *, #8556, .F. ) ;
#3230 = DIRECTION ( 'NONE',  ( -0.0000000000000000000, -0.0000000000000000000, -1.000000000000000000 ) ) ;
#3231 = CARTESIAN_POINT ( 'NONE',  ( 54.49666307946017000, -26.55128087389479300, 0.0000000000000000000 ) ) ;
#3232 = DIRECTION ( 'NONE',  ( 0.0000000000000000000, 0.0000000000000000000, 1.000000000000000000 ) ) ;
#3233 = ORIENTED_EDGE ( 'NONE', *, *, #4270, .F. ) ;
#3234 = ORIENTED_EDGE ( 'NONE', *, *, #7469, .T. ) ;
#3235 = VECTOR ( 'NONE', #3715, 1000.000000000000000 ) ;
#3236 = PLANE ( 'NONE',  #909 ) ;
#3237 = CARTESIAN_POINT ( 'NONE',  ( -9.999999999999994700, -24.89759383445705900, 250.0000000000000000 ) ) ;
#3238 = EDGE_CURVE ( 'NONE', #2464, #481, #9126, .T. ) ;
#3239 = EDGE_CURVE ( 'NONE', #9877, #1207, #8554, .T. ) ;
#3240 = DIRECTION ( 'NONE',  ( 0.0000000000000000000, 0.0000000000000000000, 1.000000000000000000 ) ) ;
#3241 = ORIENTED_EDGE ( 'NONE', *, *, #1784, .T. ) ;
#3242 = CIRCLE ( 'NONE', #11229, 0.7999999999964146900 ) ;
#3243 = DIRECTION ( 'NONE',  ( 1.000000000000000000, 0.0000000000000000000, 0.0000000000000000000 ) ) ;
#3244 = FACE_OUTER_BOUND ( 'NONE', #11726, .T. ) ;
#3245 = CARTESIAN_POINT ( 'NONE',  ( 64.89991694908100300, 9.219634879817565600, 0.0000000000000000000 ) ) ;
#3246 = LINE ( 'NONE', #303, #7819 ) ;
#3247 = ADVANCED_FACE ( 'NONE', ( #4701 ), #388, .F. ) ;
#3248 = EDGE_CURVE ( 'NONE', #6166, #8720, #4850, .T. ) ;
#3249 = EDGE_CURVE ( 'NONE', #11485, #3586, #2273, .T. ) ;
#3250 = CARTESIAN_POINT ( 'NONE',  ( -8.200000000000002800, 6.577983149782563800, 250.0000000000000000 ) ) ;
#3251 = VECTOR ( 'NONE', #7225, 1000.000000000000000 ) ;
#3252 = DIRECTION ( 'NONE',  ( -0.7071067811865470200, 0.7071067811865480200, 0.0000000000000000000 ) ) ;
#3253 = PLANE ( 'NONE',  #6617 ) ;
#3254 = DATE_AND_TIME ( #11813, #5676 ) ;
#3255 = CARTESIAN_POINT ( 'NONE',  ( 51.68999999999778100, -2.882859445469489600, 250.0000000000000000 ) ) ;
#3256 = CARTESIAN_POINT ( 'NONE',  ( 5.496025155352902500, 6.565966396540218000, 250.0000000000000000 ) ) ;
#3257 = EDGE_LOOP ( 'NONE', ( #1771, #120, #1058, #6779 ) ) ;
#3258 = VECTOR ( 'NONE', #9070, 1000.000000000000000 ) ;
#3259 = VECTOR ( 'NONE', #3848, 1000.000000000000000 ) ;
#3260 = DIRECTION ( 'NONE',  ( -1.000000000000000000, -2.832201593431446400E-014, 0.0000000000000000000 ) ) ;
#3261 = DIRECTION ( 'NONE',  ( -0.0000000000000000000, -0.0000000000000000000, -1.000000000000000000 ) ) ;
#3262 = CARTESIAN_POINT ( 'NONE',  ( 51.79999999999418500, 6.577983149782563800, 0.0000000000000000000 ) ) ;
#3263 = EDGE_CURVE ( 'NONE', #9876, #870, #3978, .T. ) ;
#3264 = CIRCLE ( 'NONE', #8898, 0.7900000000000008100 ) ;
#3265 = ORIENTED_EDGE ( 'NONE', *, *, #9581, .T. ) ;
#3266 = EDGE_LOOP ( 'NONE', ( #5084, #10256, #2271, #750, #8754, #9258, #9923, #2119, #2998, #3892, #6762 ) ) ;
#3267 = LINE ( 'NONE', #11215, #9507 ) ;
#3268 = AXIS2_PLACEMENT_3D ( 'NONE', #2943, #4741, #9331 ) ;
#3269 = VECTOR ( 'NONE', #11619, 1000.000000000000000 ) ;
#3270 = DIRECTION ( 'NONE',  ( 0.0000000000000000000, 1.000000000000000000, -0.0000000000000000000 ) ) ;
#3271 = FACE_OUTER_BOUND ( 'NONE', #3449, .T. ) ;
#3272 = ADVANCED_FACE ( 'NONE', ( #6400 ), #321, .T. ) ;
#3273 = EDGE_CURVE ( 'NONE', #1713, #9704, #1580, .T. ) ;
#3274 = CARTESIAN_POINT ( 'NONE',  ( 34.49798342301680500, -11.79036512018251400, 0.0000000000000000000 ) ) ;
#3275 = ORIENTED_EDGE ( 'NONE', *, *, #2229, .F. ) ;
#3276 = EDGE_LOOP ( 'NONE', ( #8182, #1772, #1934, #10167 ) ) ;
#3277 = ORIENTED_EDGE ( 'NONE', *, *, #2002, .F. ) ;
#3278 = FACE_BOUND ( 'NONE', #3266, .T. ) ;
#3279 = VERTEX_POINT ( 'NONE', #9391 ) ;
#3280 = CARTESIAN_POINT ( 'NONE',  ( 20.00974421441958700, -16.18970688816392900, 0.0000000000000000000 ) ) ;
#3281 = VECTOR ( 'NONE', #10305, 999.9999999999998900 ) ;
#3282 = EDGE_CURVE ( 'NONE', #5875, #7262, #4135, .T. ) ;
#3283 = VECTOR ( 'NONE', #4990, 1000.000000000000000 ) ;
#3284 = CARTESIAN_POINT ( 'NONE',  ( 2.835002123243146600, -3.901602146817069200, 0.0000000000000000000 ) ) ;
#3285 = EDGE_CURVE ( 'NONE', #4794, #3644, #10975, .T. ) ;
#3286 = CARTESIAN_POINT ( 'NONE',  ( 10.00000000000000200, -4.904230295371559300, 0.0000000000000000000 ) ) ;
#3287 = EDGE_LOOP ( 'NONE', ( #2046, #4127, #4190, #7685, #3461 ) ) ;
#3288 = ORIENTED_EDGE ( 'NONE', *, *, #7073, .F. ) ;
#3289 = ORIENTED_EDGE ( 'NONE', *, *, #11565, .T. ) ;
#3290 = CARTESIAN_POINT ( 'NONE',  ( 22.88867965644328400, -11.79036512018251400, 250.0000000000000000 ) ) ;
#3291 = LINE ( 'NONE', #8298, #612 ) ;
#3292 = LINE ( 'NONE', #8910, #313 ) ;
#3293 = DIRECTION ( 'NONE',  ( -0.0000000000000000000, -0.0000000000000000000, -1.000000000000000000 ) ) ;
#3294 = DIRECTION ( 'NONE',  ( 0.7071067811865479100, 0.7071067811865470200, 0.0000000000000000000 ) ) ;
#3295 = CARTESIAN_POINT ( 'NONE',  ( -5.488713390157446500, -26.55168528746671400, 0.0000000000000000000 ) ) ;
#3296 = EDGE_CURVE ( 'NONE', #670, #798, #10393, .T. ) ;
#3297 = EDGE_CURVE ( 'NONE', #5785, #6891, #3415, .T. ) ;
#3298 = CARTESIAN_POINT ( 'NONE',  ( -9.999999999999998200, -4.904230295371562000, 250.0000000000000000 ) ) ;
#3299 = ORIENTED_EDGE ( 'NONE', *, *, #5120, .T. ) ;
#3300 = ORIENTED_EDGE ( 'NONE', *, *, #11723, .F. ) ;
#3301 = ORIENTED_EDGE ( 'NONE', *, *, #11236, .F. ) ;
#3302 = ORIENTED_EDGE ( 'NONE', *, *, #11759, .F. ) ;
#3303 = CARTESIAN_POINT ( 'NONE',  ( 66.55999999999416200, -14.50165173002494800, 250.0000000000000000 ) ) ;
#3304 = ADVANCED_FACE ( 'NONE', ( #1016 ), #3961, .T. ) ;
#3305 = AXIS2_PLACEMENT_3D ( 'NONE', #10702, #8929, #7152 ) ;
#3306 = LINE ( 'NONE', #5968, #10139 ) ;
#3307 = VECTOR ( 'NONE', #89, 1000.000000000000000 ) ;
#3308 = CARTESIAN_POINT ( 'NONE',  ( 9.765685424949238000, -4.338544870422319700, 0.0000000000000000000 ) ) ;
#3309 = DIRECTION ( 'NONE',  ( 0.0000000000000000000, 0.0000000000000000000, -1.000000000000000000 ) ) ;
#3310 = ORIENTED_EDGE ( 'NONE', *, *, #2601, .T. ) ;
#3311 = EDGE_LOOP ( 'NONE', ( #9244, #7317, #8549, #4335 ) ) ;
#3312 = ORIENTED_EDGE ( 'NONE', *, *, #7570, .T. ) ;
#3313 = ORIENTED_EDGE ( 'NONE', *, *, #7192, .T. ) ;
#3314 = ORIENTED_EDGE ( 'NONE', *, *, #4111, .F. ) ;
#3315 = DIRECTION ( 'NONE',  ( -1.000000000000000000, -3.179095945533921600E-016, 0.0000000000000000000 ) ) ;
#3316 = CARTESIAN_POINT ( 'NONE',  ( -3.805222007298974900, -20.00141837329822200, 250.0000000000000000 ) ) ;
#3317 = EDGE_LOOP ( 'NONE', ( #10330, #8425, #11298, #3347, #3561 ) ) ;
#3318 = EDGE_CURVE ( 'NONE', #4956, #10012, #1978, .T. ) ;
#3319 = EDGE_CURVE ( 'NONE', #10319, #9743, #4988, .T. ) ;
#3320 = DIRECTION ( 'NONE',  ( 0.003549905670442821000, 0.9999936990650145600, -0.0000000000000000000 ) ) ;
#3321 = DIRECTION ( 'NONE',  ( 1.000000000000000000, 0.0000000000000000000, 0.0000000000000000000 ) ) ;
#3322 = LINE ( 'NONE', #250, #925 ) ;
#3323 = FACE_OUTER_BOUND ( 'NONE', #1191, .T. ) ;
#3324 = ORIENTED_EDGE ( 'NONE', *, *, #7737, .T. ) ;
#3325 = ORIENTED_EDGE ( 'NONE', *, *, #2808, .F. ) ;
#3326 = EDGE_LOOP ( 'NONE', ( #11677, #72, #8032, #2919 ) ) ;
#3327 = ORIENTED_EDGE ( 'NONE', *, *, #3248, .T. ) ;
#3328 = CARTESIAN_POINT ( 'NONE',  ( 69.19999999999417600, -4.904230295371562000, 250.0000000000000000 ) ) ;
#3329 = ORIENTED_EDGE ( 'NONE', *, *, #7433, .T. ) ;
#3330 = CARTESIAN_POINT ( 'NONE',  ( 51.79999999999418500, 2.882517024154526400, 0.0000000000000000000 ) ) ;
#3331 = DIRECTION ( 'NONE',  ( -1.000000000000000000, 0.0000000000000000000, 0.0000000000000000000 ) ) ;
#3332 = FACE_OUTER_BOUND ( 'NONE', #11560, .T. ) ;
#3333 = LINE ( 'NONE', #3354, #1353 ) ;
#3334 = PLANE ( 'NONE',  #9847 ) ;
#3335 = DIRECTION ( 'NONE',  ( 0.7508172436694440200, -0.6605100049269645400, 0.0000000000000000000 ) ) ;
#3336 = ORIENTED_EDGE ( 'NONE', *, *, #4727, .F. ) ;
#3337 = ADVANCED_FACE ( 'NONE', ( #10533 ), #446, .T. ) ;
#3338 = VERTEX_POINT ( 'NONE', #5895 ) ;
#3339 = ORIENTED_EDGE ( 'NONE', *, *, #3060, .T. ) ;
#3340 = ORIENTED_EDGE ( 'NONE', *, *, #8012, .T. ) ;
#3341 = FACE_OUTER_BOUND ( 'NONE', #5492, .T. ) ;
#3342 = CARTESIAN_POINT ( 'NONE',  ( 0.1066738410882871200, 3.907140554540114300, 0.0000000000000000000 ) ) ;
#3343 = FACE_OUTER_BOUND ( 'NONE', #7209, .T. ) ;
#3344 = VECTOR ( 'NONE', #5090, 1000.000000000000000 ) ;
#3345 = DIRECTION ( 'NONE',  ( 0.7072143353590439900, -0.7069992106520809300, -0.0000000000000000000 ) ) ;
#3346 = ORIENTED_EDGE ( 'NONE', *, *, #8170, .T. ) ;
#3347 = ORIENTED_EDGE ( 'NONE', *, *, #408, .T. ) ;
#3348 = VECTOR ( 'NONE', #3029, 1000.000000000000000 ) ;
#3349 = DIRECTION ( 'NONE',  ( -3.555354239044450100E-015, -1.000000000000000000, 0.0000000000000000000 ) ) ;
#3350 = VECTOR ( 'NONE', #6943, 1000.000000000000000 ) ;
#3351 = VECTOR ( 'NONE', #241, 1000.000000000000000 ) ;
#3352 = PLANE ( 'NONE',  #3510 ) ;
#3353 = DIRECTION ( 'NONE',  ( 1.000000000000000000, 0.0000000000000000000, 0.0000000000000000000 ) ) ;
#3354 = CARTESIAN_POINT ( 'NONE',  ( -7.660000000007165100, 6.577983149782563800, 0.0000000000000000000 ) ) ;
#3355 = DIRECTION ( 'NONE',  ( 1.000000000000000000, 0.0000000000000000000, 0.0000000000000000000 ) ) ;
#3356 = VERTEX_POINT ( 'NONE', #1321 ) ;
#3357 = VERTEX_POINT ( 'NONE', #448 ) ;
#3358 = AXIS2_PLACEMENT_3D ( 'NONE', #6661, #9759, #3294 ) ;
#3359 = CARTESIAN_POINT ( 'NONE',  ( 14.49666307946589100, -28.19036512018228900, 250.0000000000000000 ) ) ;
#3360 = ORIENTED_EDGE ( 'NONE', *, *, #3909, .F. ) ;
#3361 = EDGE_LOOP ( 'NONE', ( #10851, #4219, #11764, #955 ) ) ;
#3362 = LINE ( 'NONE', #10060, #10635 ) ;
#3363 = VECTOR ( 'NONE', #8306, 1000.000000000000000 ) ;
#3364 = CARTESIAN_POINT ( 'NONE',  ( 63.89999999999420100, -17.16832557109312100, 0.0000000000000000000 ) ) ;
#3365 = ADVANCED_FACE ( 'NONE', ( #3833 ), #1370, .F. ) ;
#3366 = CARTESIAN_POINT ( 'NONE',  ( 23.90963486571973800, -17.15999999999958400, 0.0000000000000000000 ) ) ;
#3367 = CARTESIAN_POINT ( 'NONE',  ( 66.55999999997980900, -5.496196365999260500, 250.0000000000000000 ) ) ;
#3368 = EDGE_CURVE ( 'NONE', #10961, #2856, #8259, .T. ) ;
#3369 = AXIS2_PLACEMENT_3D ( 'NONE', #3753, #4635, #11057 ) ;
#3370 = DIRECTION ( 'NONE',  ( -1.000000000000000000, -0.0000000000000000000, -0.0000000000000000000 ) ) ;
#3371 = EDGE_LOOP ( 'NONE', ( #9616, #260, #2146, #5734 ) ) ;
#3372 = VECTOR ( 'NONE', #5510, 1000.000000000000000 ) ;
#3373 = DIRECTION ( 'NONE',  ( -0.7071067811865445800, 0.7071067811865503500, -0.0000000000000000000 ) ) ;
#3374 = LINE ( 'NONE', #153, #3235 ) ;
#3375 = DIRECTION ( 'NONE',  ( 0.0000000000000000000, -0.0000000000000000000, -1.000000000000000000 ) ) ;
#3376 = AXIS2_PLACEMENT_3D ( 'NONE', #3400, #10742, #7921 ) ;
#3377 = DIRECTION ( 'NONE',  ( 0.0000000000000000000, 0.0000000000000000000, 1.000000000000000000 ) ) ;
#3378 = DIRECTION ( 'NONE',  ( -3.255760560352907200E-011, 1.000000000000000000, 0.0000000000000000000 ) ) ;
#3379 = PLANE ( 'NONE',  #5324 ) ;
#3380 = EDGE_LOOP ( 'NONE', ( #9078, #10608, #7754, #8800 ) ) ;
#3381 = DIRECTION ( 'NONE',  ( -0.0000000000000000000, -0.0000000000000000000, -1.000000000000000000 ) ) ;
#3382 = LINE ( 'NONE', #6007, #2515 ) ;
#3383 = FACE_OUTER_BOUND ( 'NONE', #2726, .T. ) ;
#3384 = EDGE_CURVE ( 'NONE', #3559, #10052, #5552, .T. ) ;
#3385 = CARTESIAN_POINT ( 'NONE',  ( 42.83043820904266900, -16.08952446469493200, 0.0000000000000000000 ) ) ;
#3386 = EDGE_CURVE ( 'NONE', #9077, #318, #3130, .T. ) ;
#3387 = CIRCLE ( 'NONE', #4827, 2.099999999999997900 ) ;
#3388 = AXIS2_PLACEMENT_3D ( 'NONE', #5952, #2265, #3113 ) ;
#3389 = DIRECTION ( 'NONE',  ( 2.761305597428294600E-014, 1.000000000000000000, -0.0000000000000000000 ) ) ;
#3390 = DIRECTION ( 'NONE',  ( -1.000000000000000000, 1.327592674600507300E-015, 0.0000000000000000000 ) ) ;
#3391 = FACE_OUTER_BOUND ( 'NONE', #4324, .T. ) ;
#3392 = CARTESIAN_POINT ( 'NONE',  ( 63.80522200729316000, -20.00141837329822200, 0.0000000000000000000 ) ) ;
#3393 = VECTOR ( 'NONE', #9089, 1000.000000000000000 ) ;
#3394 = DIRECTION ( 'NONE',  ( 0.0000000000000000000, -1.000000000000000000, 0.0000000000000000000 ) ) ;
#3395 = FACE_OUTER_BOUND ( 'NONE', #8861, .T. ) ;
#3396 = AXIS2_PLACEMENT_3D ( 'NONE', #1032, #10207, #4748 ) ;
#3397 = ORIENTED_EDGE ( 'NONE', *, *, #9808, .T. ) ;
#3398 = ORIENTED_EDGE ( 'NONE', *, *, #11113, .F. ) ;
#3399 = CIRCLE ( 'NONE', #10103, 2.099999999999997900 ) ;
#3400 = CARTESIAN_POINT ( 'NONE',  ( 17.12330324810052700, -11.78952446469386800, 250.0000000000000000 ) ) ;
#3401 = VECTOR ( 'NONE', #1260, 1000.000000000000000 ) ;
#3402 = CARTESIAN_POINT ( 'NONE',  ( 35.10325268046423700, -29.99036512018231400, 250.0000000000000000 ) ) ;
#3403 = CARTESIAN_POINT ( 'NONE',  ( -2.875376469631258900, -28.30036512018218900, 250.0000000000000000 ) ) ;
#3404 = VECTOR ( 'NONE', #3066, 1000.000000000000000 ) ;
#3405 = DIRECTION ( 'NONE',  ( -0.7073987682501932100, -0.7068146735022621300, 0.0000000000000000000 ) ) ;
#3406 = CARTESIAN_POINT ( 'NONE',  ( 62.88268823480619600, 8.207983149782574400, 250.0000000000000000 ) ) ;
#3407 = ORIENTED_EDGE ( 'NONE', *, *, #7646, .T. ) ;
#3408 = VERTEX_POINT ( 'NONE', #1522 ) ;
#3409 = VERTEX_POINT ( 'NONE', #7887 ) ;
#3410 = FACE_OUTER_BOUND ( 'NONE', #11618, .T. ) ;
#3411 = DIRECTION ( 'NONE',  ( -1.000000000000000000, 0.0000000000000000000, 0.0000000000000000000 ) ) ;
#3412 = DIRECTION ( 'NONE',  ( -1.000000000000000000, -3.255760560352907200E-011, 0.0000000000000000000 ) ) ;
#3413 = CARTESIAN_POINT ( 'NONE',  ( 68.19999999999419100, -12.68988765921544000, 0.0000000000000000000 ) ) ;
#3414 = EDGE_CURVE ( 'NONE', #1456, #6205, #8984, .T. ) ;
#3415 = LINE ( 'NONE', #8605, #2826 ) ;
#3416 = LINE ( 'NONE', #10065, #2829 ) ;
#3417 = CARTESIAN_POINT ( 'NONE',  ( -2.875376469631258900, -28.19036512018228900, 250.0000000000000000 ) ) ;
#3418 = ADVANCED_FACE ( 'NONE', ( #10098 ), #10624, .F. ) ;
#3419 = AXIS2_PLACEMENT_3D ( 'NONE', #9327, #3736, #9274 ) ;
#3420 = PLANE ( 'NONE',  #3147 ) ;
#3421 = CARTESIAN_POINT ( 'NONE',  ( 69.99999999999418800, -4.904230295371562000, 250.0000000000000000 ) ) ;
#3422 = VERTEX_POINT ( 'NONE', #9710 ) ;
#3423 = VERTEX_POINT ( 'NONE', #11552 ) ;
#3424 = ORIENTED_EDGE ( 'NONE', *, *, #2078, .F. ) ;
#3425 = FACE_OUTER_BOUND ( 'NONE', #8174, .T. ) ;
#3426 = DIRECTION ( 'NONE',  ( -0.0000000000000000000, -0.0000000000000000000, -1.000000000000000000 ) ) ;
#3427 = CIRCLE ( 'NONE', #5363, 2.100000000000004500 ) ;
#3428 = VECTOR ( 'NONE', #6843, 1000.000000000000000 ) ;
#3429 = EDGE_CURVE ( 'NONE', #4396, #3077, #10827, .T. ) ;
#3430 = DIRECTION ( 'NONE',  ( 0.0000000000000000000, 0.0000000000000000000, -1.000000000000000000 ) ) ;
#3431 = DIRECTION ( 'NONE',  ( -0.7071067811865451300, -0.7071067811865500200, 0.0000000000000000000 ) ) ;
#3432 = EDGE_LOOP ( 'NONE', ( #3228, #11274, #2859, #10724 ) ) ;
#3433 = ORIENTED_EDGE ( 'NONE', *, *, #11356, .F. ) ;
#3434 = VERTEX_POINT ( 'NONE', #1402 ) ;
#3435 = ORIENTED_EDGE ( 'NONE', *, *, #3986, .F. ) ;
#3436 = EDGE_CURVE ( 'NONE', #10084, #7257, #2551, .T. ) ;
#3437 = EDGE_CURVE ( 'NONE', #8115, #4750, #9538, .T. ) ;
#3438 = LINE ( 'NONE', #5443, #9281 ) ;
#3439 = VECTOR ( 'NONE', #5344, 1000.000000000000000 ) ;
#3440 = AXIS2_PLACEMENT_3D ( 'NONE', #7367, #5463, #11803 ) ;
#3441 = DIRECTION ( 'NONE',  ( 0.0000000000000000000, -0.0000000000000000000, 1.000000000000000000 ) ) ;
#3442 = ORIENTED_EDGE ( 'NONE', *, *, #7759, .T. ) ;
#3443 = ORIENTED_EDGE ( 'NONE', *, *, #7881, .F. ) ;
#3444 = EDGE_LOOP ( 'NONE', ( #2148, #1602, #11344, #2447 ) ) ;
#3445 = ORIENTED_EDGE ( 'NONE', *, *, #10310, .F. ) ;
#3446 = VERTEX_POINT ( 'NONE', #494 ) ;
#3447 = ORIENTED_EDGE ( 'NONE', *, *, #9978, .T. ) ;
#3448 = DIRECTION ( 'NONE',  ( -1.000000000000000000, 0.0000000000000000000, 0.0000000000000000000 ) ) ;
#3449 = EDGE_LOOP ( 'NONE', ( #5905, #11725, #4757, #919 ) ) ;
#3450 = ADVANCED_FACE ( 'NONE', ( #1300 ), #2524, .F. ) ;
#3451 = ORIENTED_EDGE ( 'NONE', *, *, #7604, .F. ) ;
#3452 = VECTOR ( 'NONE', #3345, 1000.000000000000100 ) ;
#3453 = EDGE_CURVE ( 'NONE', #5873, #5283, #10248, .T. ) ;
#3454 = EDGE_CURVE ( 'NONE', #7699, #3852, #8403, .T. ) ;
#3455 = CARTESIAN_POINT ( 'NONE',  ( 2.889999999999921100, -28.30036512018227400, 250.0000000000000000 ) ) ;
#3456 = ORIENTED_EDGE ( 'NONE', *, *, #8714, .F. ) ;
#3457 = CARTESIAN_POINT ( 'NONE',  ( 8.200000000014338000, -7.297745508358056900, 250.0000000000000000 ) ) ;
#3458 = ORIENTED_EDGE ( 'NONE', *, *, #7147, .T. ) ;
#3459 = ORIENTED_EDGE ( 'NONE', *, *, #11236, .T. ) ;
#3460 = ORIENTED_EDGE ( 'NONE', *, *, #3319, .F. ) ;
#3461 = ORIENTED_EDGE ( 'NONE', *, *, #6496, .T. ) ;
#3462 = AXIS2_PLACEMENT_3D ( 'NONE', #1663, #5377, #820 ) ;
#3463 = ORIENTED_EDGE ( 'NONE', *, *, #4975, .F. ) ;
#3464 = LINE ( 'NONE', #6084, #2745 ) ;
#3465 = LINE ( 'NONE', #8821, #6297 ) ;
#3466 = DIRECTION ( 'NONE',  ( 0.0000000000000000000, 0.0000000000000000000, 1.000000000000000000 ) ) ;
#3467 = DIRECTION ( 'NONE',  ( 0.7071067811865471300, -0.7071067811865479100, 0.0000000000000000000 ) ) ;
#3468 = VERTEX_POINT ( 'NONE', #5956 ) ;
#3469 = ORIENTED_EDGE ( 'NONE', *, *, #5912, .T. ) ;
#3470 = VERTEX_POINT ( 'NONE', #393 ) ;
#3471 = ORIENTED_EDGE ( 'NONE', *, *, #10974, .T. ) ;
#3472 = EDGE_CURVE ( 'NONE', #10278, #11629, #8699, .T. ) ;
#3473 = EDGE_CURVE ( 'NONE', #7914, #11691, #7112, .T. ) ;
#3474 = DIRECTION ( 'NONE',  ( -1.000000000000000000, 0.0000000000000000000, 0.0000000000000000000 ) ) ;
#3475 = PLANE ( 'NONE',  #4788 ) ;
#3476 = VERTEX_POINT ( 'NONE', #3206 ) ;
#3477 = VECTOR ( 'NONE', #657, 1000.000000000000000 ) ;
#3478 = CIRCLE ( 'NONE', #8793, 0.7899999999999990400 ) ;
#3479 = FACE_OUTER_BOUND ( 'NONE', #2555, .T. ) ;
#3480 = ADVANCED_FACE ( 'NONE', ( #7690 ), #8670, .F. ) ;
#3481 = ORIENTED_EDGE ( 'NONE', *, *, #9461, .T. ) ;
#3482 = CARTESIAN_POINT ( 'NONE',  ( 0.0000000000000000000, 0.0000000000000000000, 0.0000000000000000000 ) ) ;
#3483 = VERTEX_POINT ( 'NONE', #3403 ) ;
#3484 = ORIENTED_EDGE ( 'NONE', *, *, #5118, .T. ) ;
#3485 = CARTESIAN_POINT ( 'NONE',  ( 35.08994949365157400, -9.990365120182433500, 0.0000000000000000000 ) ) ;
#3486 = LINE ( 'NONE', #6782, #816 ) ;
#3487 = LINE ( 'NONE', #3597, #5064 ) ;
#3488 = CYLINDRICAL_SURFACE ( 'NONE', #6886, 0.7900000000000008100 ) ;
#3489 = DIRECTION ( 'NONE',  ( -0.0000000000000000000, -0.0000000000000000000, -1.000000000000000000 ) ) ;
#3490 = DIRECTION ( 'NONE',  ( 1.000000000000000000, -1.057758217049744000E-015, 0.0000000000000000000 ) ) ;
#3491 = ORIENTED_EDGE ( 'NONE', *, *, #10929, .T. ) ;
#3492 = VERTEX_POINT ( 'NONE', #5869 ) ;
#3493 = ADVANCED_FACE ( 'NONE', ( #7402 ), #431, .T. ) ;
#3494 = CARTESIAN_POINT ( 'NONE',  ( 9.269634879828643600, -11.79869069127881800, 0.0000000000000000000 ) ) ;
#3495 = CARTESIAN_POINT ( 'NONE',  ( -2.840365134288008100, -16.08952252493459100, 250.0000000000000000 ) ) ;
#3496 = ORIENTED_EDGE ( 'NONE', *, *, #7023, .T. ) ;
#3497 = ORIENTED_EDGE ( 'NONE', *, *, #1489, .F. ) ;
#3498 = VECTOR ( 'NONE', #1684, 1000.000000000000000 ) ;
#3499 = FACE_OUTER_BOUND ( 'NONE', #10834, .T. ) ;
#3500 = EDGE_CURVE ( 'NONE', #5032, #1714, #4689, .T. ) ;
#3501 = VERTEX_POINT ( 'NONE', #7696 ) ;
#3502 = ORIENTED_EDGE ( 'NONE', *, *, #11658, .F. ) ;
#3503 = EDGE_CURVE ( 'NONE', #11439, #6593, #2262, .T. ) ;
#3504 = DIRECTION ( 'NONE',  ( 1.000000000000000000, 0.0000000000000000000, 0.0000000000000000000 ) ) ;
#3505 = ADVANCED_FACE ( 'NONE', ( #9250 ), #9526, .T. ) ;
#3506 = LINE ( 'NONE', #7736, #5945 ) ;
#3507 = CARTESIAN_POINT ( 'NONE',  ( -8.200000000000002800, -12.68988765921544000, 250.0000000000000000 ) ) ;
#3508 = EDGE_CURVE ( 'NONE', #10654, #6173, #5984, .T. ) ;
#3509 = ORIENTED_EDGE ( 'NONE', *, *, #6333, .T. ) ;
#3510 = AXIS2_PLACEMENT_3D ( 'NONE', #7746, #8756, #5950 ) ;
#3511 = CARTESIAN_POINT ( 'NONE',  ( 53.43999999999424200, -5.496196365999260500, 250.0000000000000000 ) ) ;
#3512 = EDGE_LOOP ( 'NONE', ( #3509, #11035, #4349, #8229 ) ) ;
#3513 = VECTOR ( 'NONE', #6870, 1000.000000000000000 ) ;
#3514 = FACE_BOUND ( 'NONE', #9011, .T. ) ;
#3515 = DIRECTION ( 'NONE',  ( -1.000000000000000000, 5.485612931441777400E-012, 0.0000000000000000000 ) ) ;
#3516 = EDGE_CURVE ( 'NONE', #11590, #10639, #1708, .T. ) ;
#3517 = EDGE_CURVE ( 'NONE', #6181, #11009, #6817, .T. ) ;
#3518 = DIRECTION ( 'NONE',  ( -0.0000000000000000000, -1.000000000000000000, -0.0000000000000000000 ) ) ;
#3519 = ORIENTED_EDGE ( 'NONE', *, *, #4432, .T. ) ;
#3520 = LINE ( 'NONE', #551, #854 ) ;
#3521 = AXIS2_PLACEMENT_3D ( 'NONE', #168, #5530, #10991 ) ;
#3522 = VECTOR ( 'NONE', #5553, 1000.000000000000000 ) ;
#3523 = CARTESIAN_POINT ( 'NONE',  ( 0.1066738410882871200, 3.907140554540114300, 250.0000000000000000 ) ) ;
#3524 = DIRECTION ( 'NONE',  ( -0.7078322512429712200, 0.7063805660550885900, -0.0000000000000000000 ) ) ;
#3525 = ADVANCED_FACE ( 'NONE', ( #3543 ), #9810, .F. ) ;
#3526 = ORIENTED_EDGE ( 'NONE', *, *, #5317, .T. ) ;
#3527 = VECTOR ( 'NONE', #5368, 1000.000000000000100 ) ;
#3528 = CARTESIAN_POINT ( 'NONE',  ( 62.87537646962544400, -28.19036512018228900, 250.0000000000000000 ) ) ;
#3529 = EDGE_CURVE ( 'NONE', #4725, #1516, #5276, .T. ) ;
#3530 = EDGE_CURVE ( 'NONE', #751, #6464, #1438, .T. ) ;
#3531 = CIRCLE ( 'NONE', #9238, 2.099999999999997900 ) ;
#3532 = DIRECTION ( 'NONE',  ( -0.0000000000000000000, -0.0000000000000000000, -1.000000000000000000 ) ) ;
#3533 = LINE ( 'NONE', #5180, #4401 ) ;
#3534 = CARTESIAN_POINT ( 'NONE',  ( 51.79999999999418500, -2.882859445469489600, 250.0000000000000000 ) ) ;
#3535 = CARTESIAN_POINT ( 'NONE',  ( -8.495956931628196400, 10.00963487981756800, 250.0000000000000000 ) ) ;
#3536 = PLANE ( 'NONE',  #8672 ) ;
#3537 = DIRECTION ( 'NONE',  ( 0.0000000000000000000, -0.0000000000000000000, 1.000000000000000000 ) ) ;
#3538 = VERTEX_POINT ( 'NONE', #747 ) ;
#3539 = CARTESIAN_POINT ( 'NONE',  ( -2.829078524439200900, -23.89285944546705000, 0.0000000000000000000 ) ) ;
#3540 = VERTEX_POINT ( 'NONE', #8837 ) ;
#3541 = CYLINDRICAL_SURFACE ( 'NONE', #4176, 0.8000000000000923000 ) ;
#3542 = ADVANCED_FACE ( 'NONE', ( #6253 ), #7539, .T. ) ;
#3543 = FACE_OUTER_BOUND ( 'NONE', #4440, .T. ) ;
#3544 = VECTOR ( 'NONE', #11168, 1000.000000000000000 ) ;
#3545 = DIRECTION ( 'NONE',  ( 1.000000000000000000, -5.406564086636840100E-014, 0.0000000000000000000 ) ) ;
#3546 = AXIS2_PLACEMENT_3D ( 'NONE', #9412, #5865, #7623 ) ;
#3547 = CARTESIAN_POINT ( 'NONE',  ( 52.33999999998702200, 6.577983149782563800, 250.0000000000000000 ) ) ;
#3548 = VERTEX_POINT ( 'NONE', #8876 ) ;
#3549 = ORIENTED_EDGE ( 'NONE', *, *, #11106, .T. ) ;
#3550 = ORIENTED_EDGE ( 'NONE', *, *, #5139, .T. ) ;
#3551 = PLANE ( 'NONE',  #3733 ) ;
#3552 = FACE_BOUND ( 'NONE', #1192, .T. ) ;
#3553 = LINE ( 'NONE', #4799, #1171 ) ;
#3554 = DIRECTION ( 'NONE',  ( -1.000000000000000000, 0.0000000000000000000, 0.0000000000000000000 ) ) ;
#3555 = FACE_OUTER_BOUND ( 'NONE', #2437, .T. ) ;
#3556 = CARTESIAN_POINT ( 'NONE',  ( 57.16499787675104500, -3.901602146817069200, 250.0000000000000000 ) ) ;
#3557 = CARTESIAN_POINT ( 'NONE',  ( 22.84824144739257800, -16.08952446469493200, 250.0000000000000000 ) ) ;
#3558 = EDGE_CURVE ( 'NONE', #5724, #74, #2973, .T. ) ;
#3559 = VERTEX_POINT ( 'NONE', #8798 ) ;
#3560 = VERTEX_POINT ( 'NONE', #639 ) ;
#3561 = ORIENTED_EDGE ( 'NONE', *, *, #1350, .T. ) ;
#3562 = VERTEX_POINT ( 'NONE', #10652 ) ;
#3563 = CARTESIAN_POINT ( 'NONE',  ( -9.199999999999995700, -4.904230295371562000, 250.0000000000000000 ) ) ;
#3564 = LINE ( 'NONE', #1136, #5439 ) ;
#3565 = VECTOR ( 'NONE', #560, 1000.000000000000000 ) ;
#3566 = VERTEX_POINT ( 'NONE', #6067 ) ;
#3567 = ORIENTED_EDGE ( 'NONE', *, *, #7531, .T. ) ;
#3568 = ORIENTED_EDGE ( 'NONE', *, *, #975, .T. ) ;
#3569 = VERTEX_POINT ( 'NONE', #11507 ) ;
#3570 = ORIENTED_EDGE ( 'NONE', *, *, #10075, .F. ) ;
#3571 = CARTESIAN_POINT ( 'NONE',  ( 35.10325268046423700, -29.19036512018168100, 0.0000000000000000000 ) ) ;
#3572 = CARTESIAN_POINT ( 'NONE',  ( 39.89007336210561000, -16.08952446469493200, 250.0000000000000000 ) ) ;
#3573 = CARTESIAN_POINT ( 'NONE',  ( -6.570000000007158100, 8.207983149782574400, 250.0000000000000000 ) ) ;
#3574 = ORIENTED_EDGE ( 'NONE', *, *, #8176, .F. ) ;
#3575 = EDGE_CURVE ( 'NONE', #6411, #4479, #5126, .T. ) ;
#3576 = CARTESIAN_POINT ( 'NONE',  ( 66.56999999999416700, -28.19036512018242000, 250.0000000000000000 ) ) ;
#3577 = CARTESIAN_POINT ( 'NONE',  ( -3.899999999985570600, 2.836663079479063000, 0.0000000000000000000 ) ) ;
#3578 = CYLINDRICAL_SURFACE ( 'NONE', #9695, 2.099999999999999600 ) ;
#3579 = LINE ( 'NONE', #8864, #1883 ) ;
#3580 = VERTEX_POINT ( 'NONE', #4315 ) ;
#3581 = EDGE_CURVE ( 'NONE', #4738, #7896, #288, .T. ) ;
#3582 = AXIS2_PLACEMENT_3D ( 'NONE', #7166, #9953, #3613 ) ;
#3583 = ORIENTED_EDGE ( 'NONE', *, *, #5154, .F. ) ;
#3584 = ORIENTED_EDGE ( 'NONE', *, *, #7759, .F. ) ;
#3585 = ORIENTED_EDGE ( 'NONE', *, *, #2663, .F. ) ;
#3586 = VERTEX_POINT ( 'NONE', #7087 ) ;
#3587 = VERTEX_POINT ( 'NONE', #4241 ) ;
#3588 = ADVANCED_FACE ( 'NONE', ( #2691 ), #711, .F. ) ;
#3589 = PLANE ( 'NONE',  #538 ) ;
#3590 = ORIENTED_EDGE ( 'NONE', *, *, #8131, .F. ) ;
#3591 = CARTESIAN_POINT ( 'NONE',  ( -3.799157404752004000, 0.009634879817567443300, 250.0000000000000000 ) ) ;
#3592 = AXIS2_PLACEMENT_3D ( 'NONE', #11758, #2654, #6318 ) ;
#3593 = VECTOR ( 'NONE', #9830, 1000.000000000000000 ) ;
#3594 = VECTOR ( 'NONE', #11171, 1000.000000000000000 ) ;
#3595 = PLANE ( 'NONE',  #10461 ) ;
#3596 = CARTESIAN_POINT ( 'NONE',  ( 55.08862915009559900, -29.99036512018235400, 0.0000000000000000000 ) ) ;
#3597 = CARTESIAN_POINT ( 'NONE',  ( 7.660000000007168600, 6.577983149782563800, 0.0000000000000000000 ) ) ;
#3598 = EDGE_LOOP ( 'NONE', ( #1159, #6251, #6379, #10725 ) ) ;
#3599 = VERTEX_POINT ( 'NONE', #4271 ) ;
#3600 = ORIENTED_EDGE ( 'NONE', *, *, #6801, .F. ) ;
#3601 = ORIENTED_EDGE ( 'NONE', *, *, #3095, .T. ) ;
#3602 = EDGE_LOOP ( 'NONE', ( #4898, #10877, #2762, #8562 ) ) ;
#3603 = ADVANCED_FACE ( 'NONE', ( #875 ), #4681, .T. ) ;
#3604 = EDGE_CURVE ( 'NONE', #10150, #5894, #10690, .T. ) ;
#3605 = EDGE_CURVE ( 'NONE', #9010, #7186, #10089, .T. ) ;
#3606 = CARTESIAN_POINT ( 'NONE',  ( -5.496025155338566400, 8.207983149782574400, 0.0000000000000000000 ) ) ;
#3607 = VECTOR ( 'NONE', #6008, 1000.000000000000000 ) ;
#3608 = VECTOR ( 'NONE', #2586, 1000.000000000000000 ) ;
#3609 = DIRECTION ( 'NONE',  ( -0.7071067811865476800, -0.7071067811865474600, 0.0000000000000000000 ) ) ;
#3610 = AXIS2_PLACEMENT_3D ( 'NONE', #4768, #2056, #1211 ) ;
#3611 = DIRECTION ( 'NONE',  ( -0.7480608504608037300, 0.6636301409730114300, 0.0000000000000000000 ) ) ;
#3612 = ORIENTED_EDGE ( 'NONE', *, *, #7949, .F. ) ;
#3613 = DIRECTION ( 'NONE',  ( 1.000000000000000000, 0.0000000000000000000, 0.0000000000000000000 ) ) ;
#3614 = ORIENTED_EDGE ( 'NONE', *, *, #10949, .T. ) ;
#3615 = VECTOR ( 'NONE', #4090, 1000.000000000000000 ) ;
#3616 = LINE ( 'NONE', #7629, #1377 ) ;
#3617 = VECTOR ( 'NONE', #6739, 1000.000000000000100 ) ;
#3618 = DIRECTION ( 'NONE',  ( -0.0000000000000000000, -0.0000000000000000000, -1.000000000000000000 ) ) ;
#3619 = DIRECTION ( 'NONE',  ( -0.0000000000000000000, -0.0000000000000000000, -1.000000000000000000 ) ) ;
#3620 = CARTESIAN_POINT ( 'NONE',  ( 20.10992663788858100, -16.08952446469493200, 0.0000000000000000000 ) ) ;
#3621 = DIRECTION ( 'NONE',  ( -1.000000000000000000, 0.0000000000000000000, 0.0000000000000000000 ) ) ;
#3622 = ORIENTED_EDGE ( 'NONE', *, *, #9020, .F. ) ;
#3623 = DIRECTION ( 'NONE',  ( -0.0000000000000000000, -0.0000000000000000000, -1.000000000000000000 ) ) ;
#3624 = ORIENTED_EDGE ( 'NONE', *, *, #3319, .T. ) ;
#3625 = LINE ( 'NONE', #1990, #3348 ) ;
#3626 = VECTOR ( 'NONE', #8186, 1000.000000000000000 ) ;
#3627 = CARTESIAN_POINT ( 'NONE',  ( 27.31926974553747900, -28.19036512018301400, 250.0000000000000000 ) ) ;
#3628 = DIRECTION ( 'NONE',  ( -0.0000000000000000000, 0.0000000000000000000, -1.000000000000000000 ) ) ;
#3629 = ORIENTED_EDGE ( 'NONE', *, *, #2430, .F. ) ;
#3630 = CARTESIAN_POINT ( 'NONE',  ( -8.200000000000002800, -7.297745508358056900, 0.0000000000000000000 ) ) ;
#3631 = ORIENTED_EDGE ( 'NONE', *, *, #2680, .F. ) ;
#3632 = EDGE_CURVE ( 'NONE', #3357, #1060, #11547, .T. ) ;
#3633 = VERTEX_POINT ( 'NONE', #8947 ) ;
#3634 = ORIENTED_EDGE ( 'NONE', *, *, #2414, .F. ) ;
#3635 = CARTESIAN_POINT ( 'NONE',  ( 37.90000000008164000, -19.99036512018248500, 250.0000000000000000 ) ) ;
#3636 = LINE ( 'NONE', #7199, #2082 ) ;
#3637 = CARTESIAN_POINT ( 'NONE',  ( -5.496025155338566400, 8.207983149782574400, 250.0000000000000000 ) ) ;
#3638 = LINE ( 'NONE', #9907, #1253 ) ;
#3639 = AXIS2_PLACEMENT_3D ( 'NONE', #6514, #6555, #5693 ) ;
#3640 = ORIENTED_EDGE ( 'NONE', *, *, #10755, .F. ) ;
#3641 = DIRECTION ( 'NONE',  ( 1.000000000000000000, 0.0000000000000000000, 0.0000000000000000000 ) ) ;
#3642 = VERTEX_POINT ( 'NONE', #3654 ) ;
#3643 = CARTESIAN_POINT ( 'NONE',  ( 24.33106189458026900, -29.75605054513136600, 250.0000000000000000 ) ) ;
#3644 = VERTEX_POINT ( 'NONE', #9019 ) ;
#3645 = DIRECTION ( 'NONE',  ( 1.000000000000000000, 0.0000000000000000000, 0.0000000000000000000 ) ) ;
#3646 = FACE_OUTER_BOUND ( 'NONE', #1564, .T. ) ;
#3647 = VECTOR ( 'NONE', #4162, 1000.000000000000000 ) ;
#3648 = EDGE_CURVE ( 'NONE', #4363, #392, #7099, .T. ) ;
#3649 = DIRECTION ( 'NONE',  ( -1.000000000000000000, -0.0000000000000000000, -0.0000000000000000000 ) ) ;
#3650 = EDGE_CURVE ( 'NONE', #1115, #3446, #8848, .T. ) ;
#3651 = PLANE ( 'NONE',  #7835 ) ;
#3652 = LINE ( 'NONE', #1372, #2232 ) ;
#3653 = CARTESIAN_POINT ( 'NONE',  ( 24.91005050634261400, -9.990365120182433500, 250.0000000000000000 ) ) ;
#3654 = CARTESIAN_POINT ( 'NONE',  ( -2.835002123228811000, 3.907140554540113400, 250.0000000000000000 ) ) ;
#3655 = EDGE_CURVE ( 'NONE', #7988, #2309, #1288, .T. ) ;
#3656 = PLANE ( 'NONE',  #7844 ) ;
#3657 = LINE ( 'NONE', #6528, #1145 ) ;
#3658 = ADVANCED_FACE ( 'NONE', ( #8971 ), #10770, .F. ) ;
#3659 = CARTESIAN_POINT ( 'NONE',  ( -9.209999999992829700, 4.899745738432866200, 0.0000000000000000000 ) ) ;
#3660 = VECTOR ( 'NONE', #653, 1000.000000000000000 ) ;
#3661 = CARTESIAN_POINT ( 'NONE',  ( 5.503336920534022300, -26.55128087389479300, 0.0000000000000000000 ) ) ;
#3662 = DIRECTION ( 'NONE',  ( 0.0000000000000000000, 0.0000000000000000000, 1.000000000000000000 ) ) ;
#3663 = VECTOR ( 'NONE', #9489, 1000.000000000000000 ) ;
#3664 = SECURITY_CLASSIFICATION_LEVEL ( 'unclassified' ) ;
#3665 = CARTESIAN_POINT ( 'NONE',  ( 14.50996632757433800, -11.78952446469386800, 250.0000000000000000 ) ) ;
#3666 = DIRECTION ( 'NONE',  ( -0.7071067811865474600, 0.7071067811865476800, 0.0000000000000000000 ) ) ;
#3667 = VECTOR ( 'NONE', #2065, 1000.000000000000000 ) ;
#3668 = CARTESIAN_POINT ( 'NONE',  ( 66.55999999999416200, -14.50165173002494800, 0.0000000000000000000 ) ) ;
#3669 = EDGE_CURVE ( 'NONE', #4584, #906, #3531, .T. ) ;
#3670 = EDGE_CURVE ( 'NONE', #11604, #9443, #10965, .T. ) ;
#3671 = LINE ( 'NONE', #7198, #8111 ) ;
#3672 = CARTESIAN_POINT ( 'NONE',  ( 66.24000000000135900, -12.68988765921544000, 250.0000000000000000 ) ) ;
#3673 = CARTESIAN_POINT ( 'NONE',  ( 59.99999999999418800, 0.009634879817567443300, 250.0000000000000000 ) ) ;
#3674 = DIRECTION ( 'NONE',  ( -0.0000000000000000000, -0.0000000000000000000, -1.000000000000000000 ) ) ;
#3675 = ORIENTED_EDGE ( 'NONE', *, *, #10632, .F. ) ;
#3676 = EDGE_LOOP ( 'NONE', ( #6834, #4566, #8015, #354 ) ) ;
#3677 = LINE ( 'NONE', #9659, #9967 ) ;
#3678 = LINE ( 'NONE', #8283, #10 ) ;
#3679 = DIRECTION ( 'NONE',  ( -0.0000000000000000000, -0.0000000000000000000, -1.000000000000000000 ) ) ;
#3680 = LINE ( 'NONE', #3231, #6243 ) ;
#3681 = DIRECTION ( 'NONE',  ( 0.7071067811865474600, 0.7071067811865474600, 0.0000000000000000000 ) ) ;
#3682 = EDGE_CURVE ( 'NONE', #4547, #6436, #3966, .T. ) ;
#3683 = EDGE_CURVE ( 'NONE', #8114, #9142, #6660, .T. ) ;
#3684 = ORIENTED_EDGE ( 'NONE', *, *, #5832, .F. ) ;
#3685 = ORIENTED_EDGE ( 'NONE', *, *, #1284, .T. ) ;
#3686 = ORIENTED_EDGE ( 'NONE', *, *, #107, .T. ) ;
#3687 = VECTOR ( 'NONE', #1289, 1000.000000000000000 ) ;
#3688 = ORIENTED_EDGE ( 'NONE', *, *, #1681, .T. ) ;
#3689 = LINE ( 'NONE', #235, #302 ) ;
#3690 = AXIS2_PLACEMENT_3D ( 'NONE', #9598, #617, #4134 ) ;
#3691 = CARTESIAN_POINT ( 'NONE',  ( 69.76861435712439200, 4.341131381295491900, 250.0000000000000000 ) ) ;
#3692 = CARTESIAN_POINT ( 'NONE',  ( 9.765685424949238000, -4.338544870422319700, 250.0000000000000000 ) ) ;
#3693 = VECTOR ( 'NONE', #2353, 1000.000000000000000 ) ;
#3694 = CARTESIAN_POINT ( 'NONE',  ( 39.88915761646221400, -23.89285944546705000, 250.0000000000000000 ) ) ;
#3695 = DIRECTION ( 'NONE',  ( -0.7073987682501935400, -0.7068146735022619000, 0.0000000000000000000 ) ) ;
#3696 = EDGE_CURVE ( 'NONE', #4022, #8845, #2816, .T. ) ;
#3697 = DIRECTION ( 'NONE',  ( -0.0000000000000000000, -0.0000000000000000000, -1.000000000000000000 ) ) ;
#3698 = DIRECTION ( 'NONE',  ( -0.0000000000000000000, -0.0000000000000000000, -1.000000000000000000 ) ) ;
#3699 = VERTEX_POINT ( 'NONE', #5319 ) ;
#3700 = VERTEX_POINT ( 'NONE', #10845 ) ;
#3701 = EDGE_LOOP ( 'NONE', ( #8205, #8163, #3314, #10129 ) ) ;
#3702 = DIRECTION ( 'NONE',  ( 0.0000000000000000000, -1.000000000000000000, 0.0000000000000000000 ) ) ;
#3703 = FACE_OUTER_BOUND ( 'NONE', #2579, .T. ) ;
#3704 = DIRECTION ( 'NONE',  ( -1.327592674600507300E-015, -1.000000000000000000, 0.0000000000000000000 ) ) ;
#3705 = LINE ( 'NONE', #4798, #4859 ) ;
#3706 = CYLINDRICAL_SURFACE ( 'NONE', #559, 0.7899999999999990400 ) ;
#3707 = PERSON_AND_ORGANIZATION_ROLE ( 'classification_officer' ) ;
#3708 = DIRECTION ( 'NONE',  ( -1.000000000000000000, -0.0000000000000000000, -0.0000000000000000000 ) ) ;
#3709 = ORIENTED_EDGE ( 'NONE', *, *, #1264, .T. ) ;
#3710 = ORIENTED_EDGE ( 'NONE', *, *, #10831, .T. ) ;
#3711 = ORIENTED_EDGE ( 'NONE', *, *, #348, .F. ) ;
#3712 = EDGE_LOOP ( 'NONE', ( #9310, #1319, #4820, #1084 ) ) ;
#3713 = CARTESIAN_POINT ( 'NONE',  ( 2.835002123243146600, 3.907140554540113400, 250.0000000000000000 ) ) ;
#3714 = DIRECTION ( 'NONE',  ( 0.7069992106520234200, 0.7072143353591017200, -0.0000000000000000000 ) ) ;
#3715 = DIRECTION ( 'NONE',  ( -0.0000000000000000000, -0.0000000000000000000, -1.000000000000000000 ) ) ;
#3716 = CIRCLE ( 'NONE', #5966, 0.8000000000000957500 ) ;
#3717 = LINE ( 'NONE', #3010, #9568 ) ;
#3718 = ADVANCED_FACE ( 'NONE', ( #7392 ), #7216, .T. ) ;
#3719 = CARTESIAN_POINT ( 'NONE',  ( 51.79999999999418500, -2.882859445469489600, 250.0000000000000000 ) ) ;
#3720 = CARTESIAN_POINT ( 'NONE',  ( 7.309634879832146700, -26.24310889209111900, 0.0000000000000000000 ) ) ;
#3721 = EDGE_LOOP ( 'NONE', ( #10020, #9826, #4751, #6740 ) ) ;
#3722 = ORIENTED_EDGE ( 'NONE', *, *, #11450, .T. ) ;
#3723 = ORIENTED_EDGE ( 'NONE', *, *, #11776, .F. ) ;
#3724 = ORIENTED_EDGE ( 'NONE', *, *, #1959, .F. ) ;
#3725 = CARTESIAN_POINT ( 'NONE',  ( 68.19999999999419100, -17.11498865055904900, 0.0000000000000000000 ) ) ;
#3726 = VERTEX_POINT ( 'NONE', #6218 ) ;
#3727 = EDGE_LOOP ( 'NONE', ( #4970, #5612, #1727, #611 ) ) ;
#3728 = PLANE ( 'NONE',  #5750 ) ;
#3729 = EDGE_CURVE ( 'NONE', #7245, #1762, #2251, .T. ) ;
#3730 = VECTOR ( 'NONE', #7997, 1000.000000000000000 ) ;
#3731 = VECTOR ( 'NONE', #2142, 1000.000000000000000 ) ;
#3732 = CARTESIAN_POINT ( 'NONE',  ( 17.89999999991255600, -19.99036512018248500, 250.0000000000000000 ) ) ;
#3733 = AXIS2_PLACEMENT_3D ( 'NONE', #9075, #8109, #8957 ) ;
#3734 = CARTESIAN_POINT ( 'NONE',  ( 22.87537646963117400, -28.30036512018227100, 250.0000000000000000 ) ) ;
#3735 = ORIENTED_EDGE ( 'NONE', *, *, #2631, .T. ) ;
#3736 = DIRECTION ( 'NONE',  ( 1.000000000000000000, -3.009214193020912300E-014, 0.0000000000000000000 ) ) ;
#3737 = VERTEX_POINT ( 'NONE', #1680 ) ;
#3738 = VERTEX_POINT ( 'NONE', #868 ) ;
#3739 = ORIENTED_EDGE ( 'NONE', *, *, #9461, .F. ) ;
#3740 = VERTEX_POINT ( 'NONE', #9963 ) ;
#3741 = DIRECTION ( 'NONE',  ( 0.0000000000000000000, 0.0000000000000000000, 1.000000000000000000 ) ) ;
#3742 = VERTEX_POINT ( 'NONE', #9095 ) ;
#3743 = CARTESIAN_POINT ( 'NONE',  ( 56.09999999999428200, -2.841651730025073900, 250.0000000000000000 ) ) ;
#3744 = LINE ( 'NONE', #4973, #8179 ) ;
#3745 = LINE ( 'NONE', #10604, #9608 ) ;
#3746 = EDGE_CURVE ( 'NONE', #6012, #10713, #6391, .T. ) ;
#3747 = AXIS2_PLACEMENT_3D ( 'NONE', #3817, #3741, #4694 ) ;
#3748 = DIRECTION ( 'NONE',  ( 0.0000000000000000000, -1.000000000000000000, 0.0000000000000000000 ) ) ;
#3749 = ORIENTED_EDGE ( 'NONE', *, *, #3818, .F. ) ;
#3750 = ORIENTED_EDGE ( 'NONE', *, *, #5069, .T. ) ;
#3751 = ORIENTED_EDGE ( 'NONE', *, *, #7632, .F. ) ;
#3752 = DIRECTION ( 'NONE',  ( -0.7071067811865352500, -0.7071067811865597900, 0.0000000000000000000 ) ) ;
#3753 = CARTESIAN_POINT ( 'NONE',  ( 68.49999999999418800, -28.49036512018231400, 0.0000000000000000000 ) ) ;
#3754 = ORIENTED_EDGE ( 'NONE', *, *, #3682, .F. ) ;
#3755 = CARTESIAN_POINT ( 'NONE',  ( 12.69999998590111500, -28.19036512018258000, 250.0000000000000000 ) ) ;
#3756 = VECTOR ( 'NONE', #4124, 1000.000000000000000 ) ;
#3757 = LINE ( 'NONE', #4998, #11042 ) ;
#3758 = VECTOR ( 'NONE', #567, 1000.000000000000000 ) ;
#3759 = PLANE ( 'NONE',  #4753 ) ;
#3760 = DIRECTION ( 'NONE',  ( -1.000000000000000000, 0.0000000000000000000, 0.0000000000000000000 ) ) ;
#3761 = DIRECTION ( 'NONE',  ( 1.000000000000000000, -0.0000000000000000000, -0.0000000000000000000 ) ) ;
#3762 = ORIENTED_EDGE ( 'NONE', *, *, #4660, .F. ) ;
#3763 = CARTESIAN_POINT ( 'NONE',  ( 57.89999999999418600, -19.99036512018243200, 250.0000000000000000 ) ) ;
#3764 = EDGE_CURVE ( 'NONE', #6565, #6600, #9236, .T. ) ;
#3765 = EDGE_CURVE ( 'NONE', #10493, #7423, #3117, .T. ) ;
#3766 = ORIENTED_EDGE ( 'NONE', *, *, #1098, .T. ) ;
#3767 = FACE_OUTER_BOUND ( 'NONE', #4452, .T. ) ;
#3768 = DIRECTION ( 'NONE',  ( 0.7072143353590439900, -0.7069992106520809300, -0.0000000000000000000 ) ) ;
#3769 = DIRECTION ( 'NONE',  ( -1.000000000000000000, 0.0000000000000000000, 0.0000000000000000000 ) ) ;
#3770 = VECTOR ( 'NONE', #8193, 1000.000000000000000 ) ;
#3771 = VECTOR ( 'NONE', #5753, 1000.000000000000000 ) ;
#3772 = DIRECTION ( 'NONE',  ( -1.000000000000000000, -3.179095945533918700E-016, 0.0000000000000000000 ) ) ;
#3773 = AXIS2_PLACEMENT_3D ( 'NONE', #2234, #10396, #8624 ) ;
#3774 = ORIENTED_EDGE ( 'NONE', *, *, #6674, .T. ) ;
#3775 = ORIENTED_EDGE ( 'NONE', *, *, #4684, .F. ) ;
#3776 = ORIENTED_EDGE ( 'NONE', *, *, #1971, .F. ) ;
#3777 = DIRECTION ( 'NONE',  ( 2.832201593432359000E-014, 1.000000000000000000, 0.0000000000000000000 ) ) ;
#3778 = LINE ( 'NONE', #6975, #11223 ) ;
#3779 = DIRECTION ( 'NONE',  ( 0.0000000000000000000, 1.000000000000000000, -0.0000000000000000000 ) ) ;
#3780 = LINE ( 'NONE', #7907, #831 ) ;
#3781 = AXIS2_PLACEMENT_3D ( 'NONE', #7238, #9955, #7321 ) ;
#3782 = CARTESIAN_POINT ( 'NONE',  ( 56.20084259524218600, 0.009634879817567443300, 250.0000000000000000 ) ) ;
#3783 = PLANE ( 'NONE',  #3141 ) ;
#3784 = CARTESIAN_POINT ( 'NONE',  ( 3.900000000014340000, -17.16832557109312100, 250.0000000000000000 ) ) ;
#3785 = CARTESIAN_POINT ( 'NONE',  ( -6.240000000007161600, -12.68988765921544000, 0.0000000000000000000 ) ) ;
#3786 = ADVANCED_FACE ( 'NONE', ( #6804 ), #3783, .F. ) ;
#3787 = ORIENTED_EDGE ( 'NONE', *, *, #3648, .F. ) ;
#3788 = ORIENTED_EDGE ( 'NONE', *, *, #6882, .F. ) ;
#3789 = DIRECTION ( 'NONE',  ( -0.0000000000000000000, -0.0000000000000000000, -1.000000000000000000 ) ) ;
#3790 = LINE ( 'NONE', #6831, #3088 ) ;
#3791 = CARTESIAN_POINT ( 'NONE',  ( 35.66893810541392200, -29.75605054513136600, 250.0000000000000000 ) ) ;
#3792 = CARTESIAN_POINT ( 'NONE',  ( -6.569999999999968300, -28.19036512018242000, 250.0000000000000000 ) ) ;
#3793 = CARTESIAN_POINT ( 'NONE',  ( 56.09999999999428200, 0.09834826997499368500, 250.0000000000000000 ) ) ;
#3794 = EDGE_CURVE ( 'NONE', #5376, #5635, #4265, .T. ) ;
#3795 = DIRECTION ( 'NONE',  ( -1.000000000000000000, 0.0000000000000000000, 0.0000000000000000000 ) ) ;
#3796 = CARTESIAN_POINT ( 'NONE',  ( -4.333990826768624200, -29.75897947731955600, 0.0000000000000000000 ) ) ;
#3797 = DIRECTION ( 'NONE',  ( -0.0000000000000000000, -1.000000000000000000, -0.0000000000000000000 ) ) ;
#3798 = VERTEX_POINT ( 'NONE', #10070 ) ;
#3799 = VECTOR ( 'NONE', #8649, 1000.000000000000000 ) ;
#3800 = CIRCLE ( 'NONE', #9866, 0.7899999999999990400 ) ;
#3801 = AXIS2_PLACEMENT_3D ( 'NONE', #10562, #10653, #5201 ) ;
#3802 = DIRECTION ( 'NONE',  ( 0.0000000000000000000, 0.0000000000000000000, 1.000000000000000000 ) ) ;
#3803 = EDGE_LOOP ( 'NONE', ( #38, #5677, #7146, #3926, #5306 ) ) ;
#3804 = AXIS2_PLACEMENT_3D ( 'NONE', #6575, #8471, #274 ) ;
#3805 = ORIENTED_EDGE ( 'NONE', *, *, #1138, .T. ) ;
#3806 = LINE ( 'NONE', #10281, #6508 ) ;
#3807 = EDGE_CURVE ( 'NONE', #7910, #7409, #2540, .T. ) ;
#3808 = CARTESIAN_POINT ( 'NONE',  ( 68.30999999998699900, 2.882517024158107500, 0.0000000000000000000 ) ) ;
#3809 = ADVANCED_FACE ( 'NONE', ( #5834 ), #11108, .T. ) ;
#3810 = LINE ( 'NONE', #5358, #1682 ) ;
#3811 = CARTESIAN_POINT ( 'NONE',  ( 3.899999999999906200, 0.09834826997499368500, 250.0000000000000000 ) ) ;
#3812 = LINE ( 'NONE', #3547, #5106 ) ;
#3813 = CARTESIAN_POINT ( 'NONE',  ( 44.91137084989234300, -29.19036512018207900, 0.0000000000000000000 ) ) ;
#3814 = CARTESIAN_POINT ( 'NONE',  ( 9.209999999999999100, 4.899745738432866200, 0.0000000000000000000 ) ) ;
#3815 = EDGE_CURVE ( 'NONE', #2203, #7051, #1835, .T. ) ;
#3816 = DIRECTION ( 'NONE',  ( 0.7071067811865687800, -0.7071067811865263700, -0.0000000000000000000 ) ) ;
#3817 = CARTESIAN_POINT ( 'NONE',  ( 0.0000000000000000000, -19.99036512018243200, 0.0000000000000000000 ) ) ;
#3818 = EDGE_CURVE ( 'NONE', #7929, #3026, #6240, .T. ) ;
#3819 = PLANE ( 'NONE',  #3639 ) ;
#3820 = ORIENTED_EDGE ( 'NONE', *, *, #11018, .F. ) ;
#3821 = FACE_OUTER_BOUND ( 'NONE', #73, .T. ) ;
#3822 = CARTESIAN_POINT ( 'NONE',  ( 32.68073025445671200, -28.19036512018301400, 0.0000000000000000000 ) ) ;
#3823 = LINE ( 'NONE', #5692, #10815 ) ;
#3824 = VECTOR ( 'NONE', #5975, 1000.000000000000000 ) ;
#3825 =( NAMED_UNIT ( * ) SI_UNIT ( $, .STERADIAN. ) SOLID_ANGLE_UNIT ( ) );
#3826 = CARTESIAN_POINT ( 'NONE',  ( 0.08871339017088544800, -23.89285944546705000, 0.0000000000000000000 ) ) ;
#3827 = ORIENTED_EDGE ( 'NONE', *, *, #4652, .T. ) ;
#3828 = EDGE_LOOP ( 'NONE', ( #730, #333, #6000, #3550 ) ) ;
#3829 = LINE ( 'NONE', #1513, #1434 ) ;
#3830 = PLANE ( 'NONE',  #1025 ) ;
#3831 = EDGE_CURVE ( 'NONE', #5888, #9850, #8247, .T. ) ;
#3832 = EDGE_CURVE ( 'NONE', #10053, #2874, #3678, .T. ) ;
#3833 = FACE_OUTER_BOUND ( 'NONE', #3721, .T. ) ;
#3834 = DIRECTION ( 'NONE',  ( 1.000000000000000000, 0.0000000000000000000, 0.0000000000000000000 ) ) ;
#3835 = CARTESIAN_POINT ( 'NONE',  ( 8.200000000014338000, -7.297745508358056900, 250.0000000000000000 ) ) ;
#3836 = CARTESIAN_POINT ( 'NONE',  ( 51.79999999999418500, 6.577983149782563800, 250.0000000000000000 ) ) ;
#3837 = VECTOR ( 'NONE', #1017, 1000.000000000000000 ) ;
#3838 = ADVANCED_FACE ( 'NONE', ( #9396 ), #11047, .F. ) ;
#3839 = DIRECTION ( 'NONE',  ( -1.000000000000000000, -0.0000000000000000000, -0.0000000000000000000 ) ) ;
#3840 = ORIENTED_EDGE ( 'NONE', *, *, #243, .T. ) ;
#3841 = ORIENTED_EDGE ( 'NONE', *, *, #6210, .T. ) ;
#3842 = ORIENTED_EDGE ( 'NONE', *, *, #11105, .T. ) ;
#3843 = CIRCLE ( 'NONE', #7475, 0.7900000000000033700 ) ;
#3844 = DIRECTION ( 'NONE',  ( 0.7072143353590414300, -0.7069992106520834900, 0.0000000000000000000 ) ) ;
#3845 = CARTESIAN_POINT ( 'NONE',  ( 27.31926974553754000, -26.23036512018296300, 250.0000000000000000 ) ) ;
#3846 = LINE ( 'NONE', #7297, #888 ) ;
#3847 = LINE ( 'NONE', #8663, #3693 ) ;
#3848 = DIRECTION ( 'NONE',  ( -0.0000000000000000000, -0.0000000000000000000, -1.000000000000000000 ) ) ;
#3849 = EDGE_CURVE ( 'NONE', #8882, #10835, #11267, .T. ) ;
#3850 = EDGE_CURVE ( 'NONE', #4854, #2711, #10381, .T. ) ;
#3851 = ORIENTED_EDGE ( 'NONE', *, *, #885, .F. ) ;
#3852 = VERTEX_POINT ( 'NONE', #1984 ) ;
#3853 = ORIENTED_EDGE ( 'NONE', *, *, #2894, .F. ) ;
#3854 = ORIENTED_EDGE ( 'NONE', *, *, #4450, .F. ) ;
#3855 = DIRECTION ( 'NONE',  ( -0.7071067811865481300, -0.7071067811865470200, 0.0000000000000000000 ) ) ;
#3856 = PLANE ( 'NONE',  #7047 ) ;
#3857 = CARTESIAN_POINT ( 'NONE',  ( 68.30999999999419000, -22.88036512018231500, 250.0000000000000000 ) ) ;
#3858 = VECTOR ( 'NONE', #5634, 1000.000000000000000 ) ;
#3859 = LINE ( 'NONE', #10767, #1034 ) ;
#3860 = DIRECTION ( 'NONE',  ( -0.7071067811865263700, 0.7071067811865687800, 0.0000000000000000000 ) ) ;
#3861 = ORIENTED_EDGE ( 'NONE', *, *, #8507, .T. ) ;
#3862 = EDGE_CURVE ( 'NONE', #9861, #3338, #1426, .T. ) ;
#3863 = ORIENTED_EDGE ( 'NONE', *, *, #9798, .F. ) ;
#3864 = ORIENTED_EDGE ( 'NONE', *, *, #2808, .T. ) ;
#3865 = EDGE_LOOP ( 'NONE', ( #11174, #2408, #10879, #2876 ) ) ;
#3866 = VERTEX_POINT ( 'NONE', #1147 ) ;
#3867 = CARTESIAN_POINT ( 'NONE',  ( -3.899999999985570600, 0.09834826997499368500, 250.0000000000000000 ) ) ;
#3868 = ORIENTED_EDGE ( 'NONE', *, *, #806, .T. ) ;
#3869 = CARTESIAN_POINT ( 'NONE',  ( 57.89999999999419300, 0.009634879817567443300, 0.0000000000000000000 ) ) ;
#3870 = ORIENTED_EDGE ( 'NONE', *, *, #3414, .T. ) ;
#3871 = CARTESIAN_POINT ( 'NONE',  ( 25.48871339015736100, -28.19036512018228900, 250.0000000000000000 ) ) ;
#3872 = VECTOR ( 'NONE', #2367, 1000.000000000000000 ) ;
#3874 = ADVANCED_FACE ( 'NONE', ( #11406 ), #5973, .T. ) ;
#3873 = LINE ( 'NONE', #8009, #1199 ) ;
#3875 = DIRECTION ( 'NONE',  ( -0.7062202859695079200, 0.7079921664009754000, 0.0000000000000000000 ) ) ;
#3876 = VERTEX_POINT ( 'NONE', #4624 ) ;
#3877 = DIRECTION ( 'NONE',  ( -0.0000000000000000000, -0.0000000000000000000, -1.000000000000000000 ) ) ;
#3878 = DIRECTION ( 'NONE',  ( 0.7071067811865459100, -0.7071067811865491300, 0.0000000000000000000 ) ) ;
#3879 = ORIENTED_EDGE ( 'NONE', *, *, #11759, .T. ) ;
#3880 = ORIENTED_EDGE ( 'NONE', *, *, #7094, .F. ) ;
#3881 = ORIENTED_EDGE ( 'NONE', *, *, #7798, .T. ) ;
#3882 = ORIENTED_EDGE ( 'NONE', *, *, #7798, .F. ) ;
#3883 = EDGE_CURVE ( 'NONE', #4094, #7940, #3823, .T. ) ;
#3884 = DIRECTION ( 'NONE',  ( 0.0000000000000000000, 1.000000000000000000, 0.0000000000000000000 ) ) ;
#3885 = CARTESIAN_POINT ( 'NONE',  ( 3.900000000014340000, -17.16832557109312100, 250.0000000000000000 ) ) ;
#3886 = LINE ( 'NONE', #9224, #1486 ) ;
#3887 = LINE ( 'NONE', #2184, #3594 ) ;
#3888 = PLANE ( 'NONE',  #5418 ) ;
#3889 = CARTESIAN_POINT ( 'NONE',  ( 2.099999999999997900, 0.009634879817567700000, 250.0000000000000000 ) ) ;
#3890 = CARTESIAN_POINT ( 'NONE',  ( 52.33999999998702200, 6.577983149782563800, 250.0000000000000000 ) ) ;
#3891 = EDGE_CURVE ( 'NONE', #2194, #10084, #1967, .T. ) ;
#3892 = ORIENTED_EDGE ( 'NONE', *, *, #1826, .F. ) ;
#3893 = ORIENTED_EDGE ( 'NONE', *, *, #7983, .T. ) ;
#3894 = ORIENTED_EDGE ( 'NONE', *, *, #8398, .T. ) ;
#3895 = CARTESIAN_POINT ( 'NONE',  ( -2.875376469631258900, -28.30036512018218900, 250.0000000000000000 ) ) ;
#3896 = EDGE_CURVE ( 'NONE', #11442, #7575, #4972, .T. ) ;
#3897 = EDGE_LOOP ( 'NONE', ( #796, #215, #10457, #4910 ) ) ;
#3898 = AXIS2_PLACEMENT_3D ( 'NONE', #5620, #4732, #2029 ) ;
#3899 = CYLINDRICAL_SURFACE ( 'NONE', #6398, 0.7999999999964146900 ) ;
#3900 = LINE ( 'NONE', #5505, #1500 ) ;
#3901 = DIRECTION ( 'NONE',  ( -1.000000000000000000, -0.0000000000000000000, -0.0000000000000000000 ) ) ;
#3902 = DIRECTION ( 'NONE',  ( -0.0000000000000000000, -0.0000000000000000000, -1.000000000000000000 ) ) ;
#3903 = DIRECTION ( 'NONE',  ( 0.7071067811865479100, -0.7071067811865472400, -0.0000000000000000000 ) ) ;
#3904 = ORIENTED_EDGE ( 'NONE', *, *, #2128, .T. ) ;
#3905 = ADVANCED_FACE ( 'NONE', ( #1152 ), #8613, .F. ) ;
#3906 = CARTESIAN_POINT ( 'NONE',  ( 9.269634879828643600, -11.79869069127881800, 0.0000000000000000000 ) ) ;
#3907 = ORIENTED_EDGE ( 'NONE', *, *, #8877, .F. ) ;
#3908 = LINE ( 'NONE', #2076, #230 ) ;
#3909 = EDGE_CURVE ( 'NONE', #8216, #10993, #2114, .T. ) ;
#3910 = DIRECTION ( 'NONE',  ( 0.0000000000000000000, -0.0000000000000000000, -1.000000000000000000 ) ) ;
#3911 = EDGE_CURVE ( 'NONE', #4793, #8267, #9527, .T. ) ;
#3912 = LINE ( 'NONE', #2873, #5630 ) ;
#3913 = LINE ( 'NONE', #6015, #91 ) ;
#3914 = CARTESIAN_POINT ( 'NONE',  ( -8.200000000000002800, 8.207983149782574400, 250.0000000000000000 ) ) ;
#3915 = DIRECTION ( 'NONE',  ( 0.0000000000000000000, -0.0000000000000000000, 1.000000000000000000 ) ) ;
#3916 = PLANE ( 'NONE',  #1046 ) ;
#3917 = CARTESIAN_POINT ( 'NONE',  ( 69.99999999999418800, -28.49036512018231400, 0.0000000000000000000 ) ) ;
#3918 = ORIENTED_EDGE ( 'NONE', *, *, #1673, .F. ) ;
#3919 = ORIENTED_EDGE ( 'NONE', *, *, #8491, .F. ) ;
#3920 = LINE ( 'NONE', #6220, #671 ) ;
#3921 = CARTESIAN_POINT ( 'NONE',  ( 59.99999999999418800, -19.99036512018243200, 250.0000000000000000 ) ) ;
#3922 = LINE ( 'NONE', #8505, #8494 ) ;
#3923 = VERTEX_POINT ( 'NONE', #6711 ) ;
#3924 = EDGE_CURVE ( 'NONE', #9194, #7781, #7529, .T. ) ;
#3925 = EDGE_CURVE ( 'NONE', #7837, #3012, #11256, .T. ) ;
#3926 = ORIENTED_EDGE ( 'NONE', *, *, #405, .T. ) ;
#3927 = CARTESIAN_POINT ( 'NONE',  ( 17.89999999991255600, -19.99036512018248500, 0.0000000000000000000 ) ) ;
#3928 = CARTESIAN_POINT ( 'NONE',  ( 32.68073025445627200, -13.75036512018161100, 250.0000000000000000 ) ) ;
#3929 = VERTEX_POINT ( 'NONE', #3144 ) ;
#3930 = DIRECTION ( 'NONE',  ( -1.000000000000000000, -7.885106709243460900E-015, 0.0000000000000000000 ) ) ;
#3931 = VECTOR ( 'NONE', #6390, 1000.000000000000000 ) ;
#3932 = AXIS2_PLACEMENT_3D ( 'NONE', #10916, #2690, #9149 ) ;
#3933 = CIRCLE ( 'NONE', #2387, 0.8000000000000827600 ) ;
#3934 = ADVANCED_FACE ( 'NONE', ( #714 ), #4499, .F. ) ;
#3935 = CARTESIAN_POINT ( 'NONE',  ( 68.19999999999419100, 8.207983149782574400, 250.0000000000000000 ) ) ;
#3936 = DIRECTION ( 'NONE',  ( -0.7073987682501932100, 0.7068146735022621300, -0.0000000000000000000 ) ) ;
#3937 = CARTESIAN_POINT ( 'NONE',  ( 68.30999999998699900, 2.882517024158107500, 250.0000000000000000 ) ) ;
#3938 = ORIENTED_EDGE ( 'NONE', *, *, #4112, .F. ) ;
#3939 = VECTOR ( 'NONE', #4358, 1000.000000000000100 ) ;
#3940 = AXIS2_PLACEMENT_3D ( 'NONE', #10684, #7178, #4392 ) ;
#3941 = VECTOR ( 'NONE', #5252, 1000.000000000000200 ) ;
#3942 = ORIENTED_EDGE ( 'NONE', *, *, #3074, .T. ) ;
#3943 = LINE ( 'NONE', #7927, #1269 ) ;
#3944 = DIRECTION ( 'NONE',  ( 0.0000000000000000000, 0.0000000000000000000, 1.000000000000000000 ) ) ;
#3945 = VECTOR ( 'NONE', #11670, 1000.000000000000000 ) ;
#3946 = PLANE ( 'NONE',  #11152 ) ;
#3947 = LINE ( 'NONE', #1838, #8966 ) ;
#3948 = ORIENTED_EDGE ( 'NONE', *, *, #5564, .T. ) ;
#3949 = DIRECTION ( 'NONE',  ( 0.7069992106520810400, 0.7072143353590441000, -0.0000000000000000000 ) ) ;
#3950 = CARTESIAN_POINT ( 'NONE',  ( 15.65431457505115100, -29.75605054513138400, 250.0000000000000000 ) ) ;
#3951 = LINE ( 'NONE', #1687, #10516 ) ;
#3952 = CARTESIAN_POINT ( 'NONE',  ( 42.83043820904266900, -16.08952446469493200, 250.0000000000000000 ) ) ;
#3953 = ADVANCED_FACE ( 'NONE', ( #5821 ), #1822, .F. ) ;
#3954 = CARTESIAN_POINT ( 'NONE',  ( 55.08862915009559900, -29.99036512018235400, 250.0000000000000000 ) ) ;
#3955 = FACE_OUTER_BOUND ( 'NONE', #846, .T. ) ;
#3956 = AXIS2_PLACEMENT_3D ( 'NONE', #212, #7395, #2966 ) ;
#3957 = CARTESIAN_POINT ( 'NONE',  ( 23.90963486571973800, -17.15999999999958400, 250.0000000000000000 ) ) ;
#3958 = DIRECTION ( 'NONE',  ( -1.000000000000000000, 2.935685882421766200E-014, 0.0000000000000000000 ) ) ;
#3959 = VECTOR ( 'NONE', #6268, 1000.000000000000000 ) ;
#3960 = DIRECTION ( 'NONE',  ( 7.032947442170062000E-013, -1.000000000000000000, 0.0000000000000000000 ) ) ;
#3961 = PLANE ( 'NONE',  #4586 ) ;
#3962 = CARTESIAN_POINT ( 'NONE',  ( 24.34436508139353700, -10.22467969523303600, 0.0000000000000000000 ) ) ;
#3963 = ORIENTED_EDGE ( 'NONE', *, *, #6867, .T. ) ;
#3964 = ORIENTED_EDGE ( 'NONE', *, *, #6685, .T. ) ;
#3965 = VECTOR ( 'NONE', #10527, 1000.000000000000100 ) ;
#3966 = LINE ( 'NONE', #844, #7979 ) ;
#3967 = EDGE_CURVE ( 'NONE', #7409, #2969, #8839, .T. ) ;
#3968 = CARTESIAN_POINT ( 'NONE',  ( 4.899916949086820000, 9.219634879817565600, 0.0000000000000000000 ) ) ;
#3969 = DIRECTION ( 'NONE',  ( 0.0000000000000000000, -1.000000000000000000, 0.0000000000000000000 ) ) ;
#3970 = VECTOR ( 'NONE', #6989, 1000.000000000000000 ) ;
#3971 = DIRECTION ( 'NONE',  ( 0.0000000000000000000, 0.0000000000000000000, 1.000000000000000000 ) ) ;
#3972 = PLANE ( 'NONE',  #3092 ) ;
#3973 = ORIENTED_EDGE ( 'NONE', *, *, #2523, .F. ) ;
#3974 = EDGE_LOOP ( 'NONE', ( #2749, #1585, #2173, #3179 ) ) ;
#3975 = ORIENTED_EDGE ( 'NONE', *, *, #8805, .F. ) ;
#3976 = FACE_BOUND ( 'NONE', #8981, .T. ) ;
#3977 = ORIENTED_EDGE ( 'NONE', *, *, #8964, .T. ) ;
#3978 = LINE ( 'NONE', #5986, #4559 ) ;
#3979 = DIRECTION ( 'NONE',  ( 0.7062202859695078100, 0.7079921664009755100, 0.0000000000000000000 ) ) ;
#3980 = DIRECTION ( 'NONE',  ( -1.000000000000000000, 0.0000000000000000000, 0.0000000000000000000 ) ) ;
#3981 = FACE_OUTER_BOUND ( 'NONE', #3380, .T. ) ;
#3982 = CARTESIAN_POINT ( 'NONE',  ( 40.09043820904360400, -16.08952446469493200, 250.0000000000000000 ) ) ;
#3983 = CARTESIAN_POINT ( 'NONE',  ( 2.099999999999997900, 0.009634879817567700000, 0.0000000000000000000 ) ) ;
#3984 = ADVANCED_FACE ( 'NONE', ( #1823 ), #6174, .F. ) ;
#3985 = DIRECTION ( 'NONE',  ( 0.0000000000000000000, 1.000000000000000000, -0.0000000000000000000 ) ) ;
#3986 = EDGE_CURVE ( 'NONE', #1516, #11009, #5253, .T. ) ;
#3987 = EDGE_CURVE ( 'NONE', #2231, #2203, #4828, .T. ) ;
#3988 = VERTEX_POINT ( 'NONE', #6325 ) ;
#3989 = VERTEX_POINT ( 'NONE', #9054 ) ;
#3990 = ORIENTED_EDGE ( 'NONE', *, *, #2569, .F. ) ;
#3991 = CARTESIAN_POINT ( 'NONE',  ( 19.90956179095059000, -16.08952446469493200, 0.0000000000000000000 ) ) ;
#3992 = CYLINDRICAL_SURFACE ( 'NONE', #6031, 1.504043068364644000 ) ;
#3993 = LINE ( 'NONE', #7310, #5711 ) ;
#3994 = LINE ( 'NONE', #1571, #11576 ) ;
#3995 = CARTESIAN_POINT ( 'NONE',  ( 32.68073025445665500, -26.23036512018296300, 250.0000000000000000 ) ) ;
#3996 = DIRECTION ( 'NONE',  ( -0.0000000000000000000, -0.0000000000000000000, -1.000000000000000000 ) ) ;
#3997 = DIRECTION ( 'NONE',  ( -0.0000000000000000000, -0.0000000000000000000, -1.000000000000000000 ) ) ;
#3998 = EDGE_LOOP ( 'NONE', ( #390, #1593, #6982, #907 ) ) ;
#3999 = ORIENTED_EDGE ( 'NONE', *, *, #7559, .F. ) ;
#4000 = ORIENTED_EDGE ( 'NONE', *, *, #3650, .T. ) ;
#4001 = CARTESIAN_POINT ( 'NONE',  ( -6.569999999999968300, -28.19036512018242000, 250.0000000000000000 ) ) ;
#4002 = ORIENTED_EDGE ( 'NONE', *, *, #4133, .T. ) ;
#4003 = DIRECTION ( 'NONE',  ( 1.000000000000000000, 5.406564086636838800E-014, -0.0000000000000000000 ) ) ;
#4004 = AXIS2_PLACEMENT_3D ( 'NONE', #8181, #3704, #2748 ) ;
#4005 = LINE ( 'NONE', #7329, #9144 ) ;
#4006 = LINE ( 'NONE', #10224, #324 ) ;
#4007 = CARTESIAN_POINT ( 'NONE',  ( 51.79999999999418500, -2.882859445469489600, 0.0000000000000000000 ) ) ;
#4008 = ORIENTED_EDGE ( 'NONE', *, *, #5636, .F. ) ;
#4009 = CARTESIAN_POINT ( 'NONE',  ( -0.1066738410739513600, 3.907140554540114300, 0.0000000000000000000 ) ) ;
#4010 = PLANE ( 'NONE',  #122 ) ;
#4011 = VERTEX_POINT ( 'NONE', #9992 ) ;
#4012 = EDGE_LOOP ( 'NONE', ( #2674, #6154, #7175, #6901, #2293, #10032, #4144, #10951, #189, #8022, #3471 ) ) ;
#4013 = ORIENTED_EDGE ( 'NONE', *, *, #4082, .T. ) ;
#4014 = ORIENTED_EDGE ( 'NONE', *, *, #1650, .F. ) ;
#4015 = PLANE ( 'NONE',  #4918 ) ;
#4016 = VERTEX_POINT ( 'NONE', #4460 ) ;
#4017 = ADVANCED_FACE ( 'NONE', ( #3955 ), #4535, .F. ) ;
#4018 = CARTESIAN_POINT ( 'NONE',  ( 37.15175855260161300, -16.08952446469493200, 0.0000000000000000000 ) ) ;
#4019 = VECTOR ( 'NONE', #3902, 1000.000000000000000 ) ;
#4020 = EDGE_CURVE ( 'NONE', #6287, #598, #1558, .T. ) ;
#4021 = CARTESIAN_POINT ( 'NONE',  ( 66.56999999999416700, -28.19036512018242000, 0.0000000000000000000 ) ) ;
#4022 = VERTEX_POINT ( 'NONE', #2772 ) ;
#4023 = ORIENTED_EDGE ( 'NONE', *, *, #1022, .F. ) ;
#4024 = ORIENTED_EDGE ( 'NONE', *, *, #5743, .F. ) ;
#4025 = VERTEX_POINT ( 'NONE', #9157 ) ;
#4026 = PLANE ( 'NONE',  #2068 ) ;
#4027 = DIRECTION ( 'NONE',  ( 1.000000000000000000, 0.0000000000000000000, 0.0000000000000000000 ) ) ;
#4028 = ORIENTED_EDGE ( 'NONE', *, *, #6323, .T. ) ;
#4029 = CARTESIAN_POINT ( 'NONE',  ( 62.83500212322299900, -3.901602146817069200, 250.0000000000000000 ) ) ;
#4030 = AXIS2_PLACEMENT_3D ( 'NONE', #1607, #7981, #2474 ) ;
#4031 = LINE ( 'NONE', #4256, #1223 ) ;
#4032 = LINE ( 'NONE', #1649, #6176 ) ;
#4033 = AXIS2_PLACEMENT_3D ( 'NONE', #1810, #11065, #8307 ) ;
#4034 = CARTESIAN_POINT ( 'NONE',  ( 0.0000000000000000000, 0.009634879817567443300, 250.0000000000000000 ) ) ;
#4035 = ORIENTED_EDGE ( 'NONE', *, *, #810, .T. ) ;
#4036 = ORIENTED_EDGE ( 'NONE', *, *, #438, .F. ) ;
#4037 = ORIENTED_EDGE ( 'NONE', *, *, #1349, .T. ) ;
#4038 = EDGE_CURVE ( 'NONE', #9851, #2877, #10239, .T. ) ;
#4039 = ORIENTED_EDGE ( 'NONE', *, *, #10535, .F. ) ;
#4040 = CARTESIAN_POINT ( 'NONE',  ( 68.19999999999419100, 6.577983149782563800, 250.0000000000000000 ) ) ;
#4041 = EDGE_LOOP ( 'NONE', ( #10890, #3229, #1887, #1751 ) ) ;
#4042 = LINE ( 'NONE', #11521, #3350 ) ;
#4043 = CARTESIAN_POINT ( 'NONE',  ( 0.0000000000000000000, 0.009634879817567443300, 250.0000000000000000 ) ) ;
#4044 = LINE ( 'NONE', #4057, #10743 ) ;
#4045 = VECTOR ( 'NONE', #3839, 1000.000000000000000 ) ;
#4046 = DIRECTION ( 'NONE',  ( -0.7071067811865474600, 0.7071067811865474600, 0.0000000000000000000 ) ) ;
#4047 = EDGE_CURVE ( 'NONE', #9787, #10109, #8531, .T. ) ;
#4048 = CARTESIAN_POINT ( 'NONE',  ( -2.835002123228811000, 3.907140554540113400, 0.0000000000000000000 ) ) ;
#4049 = EDGE_CURVE ( 'NONE', #3548, #3483, #5115, .T. ) ;
#4050 = PLANE ( 'NONE',  #4647 ) ;
#4051 = ADVANCED_FACE ( 'NONE', ( #7832 ), #1175, .F. ) ;
#4052 = ORIENTED_EDGE ( 'NONE', *, *, #9161, .T. ) ;
#4053 = DIRECTION ( 'NONE',  ( -0.0000000000000000000, -0.0000000000000000000, -1.000000000000000000 ) ) ;
#4054 = AXIS2_PLACEMENT_3D ( 'NONE', #6356, #10980, #11028 ) ;
#4055 = VERTEX_POINT ( 'NONE', #3808 ) ;
#4056 = LINE ( 'NONE', #6792, #10762 ) ;
#4057 = CARTESIAN_POINT ( 'NONE',  ( 62.88268823480619600, 8.207983149782574400, 250.0000000000000000 ) ) ;
#4058 = DIRECTION ( 'NONE',  ( -1.000000000000000000, 1.057758217049744000E-015, 0.0000000000000000000 ) ) ;
#4059 = PLANE ( 'NONE',  #8442 ) ;
#4060 = VECTOR ( 'NONE', #1773, 1000.000000000000000 ) ;
#4061 = ORIENTED_EDGE ( 'NONE', *, *, #9317, .T. ) ;
#4062 = ORIENTED_EDGE ( 'NONE', *, *, #9424, .F. ) ;
#4064 = EDGE_LOOP ( 'NONE', ( #3052, #929, #2740, #2160 ) ) ;
#4063 = CARTESIAN_POINT ( 'NONE',  ( 62.83500212322299900, -3.901602146817069200, 250.0000000000000000 ) ) ;
#4065 = EDGE_CURVE ( 'NONE', #4835, #9683, #6382, .T. ) ;
#4066 = EDGE_CURVE ( 'NONE', #2449, #8978, #5402, .T. ) ;
#4067 = ORIENTED_EDGE ( 'NONE', *, *, #1514, .F. ) ;
#4068 = ORIENTED_EDGE ( 'NONE', *, *, #1936, .F. ) ;
#4069 = VECTOR ( 'NONE', #259, 1000.000000000000000 ) ;
#4070 = CARTESIAN_POINT ( 'NONE',  ( 7.660000000007168600, 6.577983149782563800, 250.0000000000000000 ) ) ;
#4071 = VECTOR ( 'NONE', #10106, 1000.000000000000000 ) ;
#4072 = AXIS2_PLACEMENT_3D ( 'NONE', #7478, #2014, #118 ) ;
#4073 = CARTESIAN_POINT ( 'NONE',  ( 5.496025155352902500, 8.207983149782574400, 250.0000000000000000 ) ) ;
#4074 = DIRECTION ( 'NONE',  ( -0.7071067811865474600, 0.7071067811865474600, 0.0000000000000000000 ) ) ;
#4075 = DIRECTION ( 'NONE',  ( 0.0000000000000000000, -1.000000000000000000, 0.0000000000000000000 ) ) ;
#4076 = DIRECTION ( 'NONE',  ( -0.0000000000000000000, -0.0000000000000000000, -1.000000000000000000 ) ) ;
#4077 = ORIENTED_EDGE ( 'NONE', *, *, #8507, .F. ) ;
#4078 = ORIENTED_EDGE ( 'NONE', *, *, #1181, .T. ) ;
#4079 = FACE_OUTER_BOUND ( 'NONE', #2986, .T. ) ;
#4080 = ADVANCED_FACE ( 'NONE', ( #7384 ), #1109, .F. ) ;
#4081 = CARTESIAN_POINT ( 'NONE',  ( 59.99999999999418100, -23.79285944546526100, 250.0000000000000000 ) ) ;
#4082 = EDGE_CURVE ( 'NONE', #8216, #3569, #10953, .T. ) ;
#4083 = EDGE_CURVE ( 'NONE', #6461, #2861, #2528, .T. ) ;
#4084 = DIRECTION ( 'NONE',  ( -0.0000000000000000000, -0.0000000000000000000, -1.000000000000000000 ) ) ;
#4085 = CARTESIAN_POINT ( 'NONE',  ( 45.50333692052829800, -26.55245490884332000, 250.0000000000000000 ) ) ;
#4086 = DIRECTION ( 'NONE',  ( -0.7071067811865479100, -0.7071067811865470200, 0.0000000000000000000 ) ) ;
#4087 = ORIENTED_EDGE ( 'NONE', *, *, #2889, .F. ) ;
#4088 = VECTOR ( 'NONE', #8168, 1000.000000000000100 ) ;
#4089 = DIRECTION ( 'NONE',  ( -0.0000000000000000000, -0.0000000000000000000, -1.000000000000000000 ) ) ;
#4090 = DIRECTION ( 'NONE',  ( -0.0000000000000000000, -0.0000000000000000000, -1.000000000000000000 ) ) ;
#4091 = VECTOR ( 'NONE', #3149, 1000.000000000000000 ) ;
#4092 = CARTESIAN_POINT ( 'NONE',  ( -3.799157404752004000, 0.009634879817567443300, 0.0000000000000000000 ) ) ;
#4093 = CARTESIAN_POINT ( 'NONE',  ( 56.20084259524218600, 0.009634879817567443300, 250.0000000000000000 ) ) ;
#4094 = VERTEX_POINT ( 'NONE', #2840 ) ;
#4095 = LINE ( 'NONE', #1236, #5251 ) ;
#4096 = PLANE ( 'NONE',  #11514 ) ;
#4097 = VECTOR ( 'NONE', #3795, 1000.000000000000000 ) ;
#4098 = DIRECTION ( 'NONE',  ( -0.0000000000000000000, 1.000000000000000000, -0.0000000000000000000 ) ) ;
#4099 = LINE ( 'NONE', #9970, #4249 ) ;
#4100 = DIRECTION ( 'NONE',  ( -0.0000000000000000000, -0.0000000000000000000, -1.000000000000000000 ) ) ;
#4101 = DIRECTION ( 'NONE',  ( -0.0000000000000000000, -1.000000000000000000, -0.0000000000000000000 ) ) ;
#4102 = CARTESIAN_POINT ( 'NONE',  ( -3.900000000000004800, -20.09619636599925100, 250.0000000000000000 ) ) ;
#4103 = ADVANCED_FACE ( 'NONE', ( #7237 ), #1943, .T. ) ;
#4104 = ORIENTED_EDGE ( 'NONE', *, *, #1284, .F. ) ;
#4105 = VECTOR ( 'NONE', #5585, 1000.000000000000100 ) ;
#4106 = CARTESIAN_POINT ( 'NONE',  ( 14.49666307946589100, -28.19036512018228900, 0.0000000000000000000 ) ) ;
#4107 = EDGE_CURVE ( 'NONE', #5033, #84, #4538, .T. ) ;
#4108 = VECTOR ( 'NONE', #4424, 1000.000000000000100 ) ;
#4109 = DIRECTION ( 'NONE',  ( -0.7071067811865491300, -0.7071067811865459100, 0.0000000000000000000 ) ) ;
#4110 = VECTOR ( 'NONE', #2253, 1000.000000000000000 ) ;
#4111 = EDGE_CURVE ( 'NONE', #6448, #10875, #993, .T. ) ;
#4112 = EDGE_CURVE ( 'NONE', #7272, #10292, #4963, .T. ) ;
#4113 = CARTESIAN_POINT ( 'NONE',  ( 44.89806760179234100, -9.990365120182433500, 0.0000000000000000000 ) ) ;
#4114 = ORIENTED_EDGE ( 'NONE', *, *, #471, .F. ) ;
#4115 = ORIENTED_EDGE ( 'NONE', *, *, #11207, .T. ) ;
#4116 = VERTEX_POINT ( 'NONE', #11075 ) ;
#4117 = LINE ( 'NONE', #2139, #10401 ) ;
#4118 = AXIS2_PLACEMENT_3D ( 'NONE', #11614, #1570, #8943 ) ;
#4119 = DIRECTION ( 'NONE',  ( -0.0000000000000000000, -0.0000000000000000000, -1.000000000000000000 ) ) ;
#4120 = DIRECTION ( 'NONE',  ( -2.832201593432359000E-014, -1.000000000000000000, 0.0000000000000000000 ) ) ;
#4121 = VECTOR ( 'NONE', #5129, 1000.000000000000000 ) ;
#4122 = CIRCLE ( 'NONE', #2896, 0.8000000000006335400 ) ;
#4123 = DIRECTION ( 'NONE',  ( 0.7071067811865473500, -0.7071067811865477900, 0.0000000000000000000 ) ) ;
#4124 = DIRECTION ( 'NONE',  ( 1.000000000000000000, -0.0000000000000000000, -0.0000000000000000000 ) ) ;
#4125 = CARTESIAN_POINT ( 'NONE',  ( 60.08871339015073700, -23.89285944546705000, 0.0000000000000000000 ) ) ;
#4126 = ORIENTED_EDGE ( 'NONE', *, *, #1108, .T. ) ;
#4127 = ORIENTED_EDGE ( 'NONE', *, *, #2995, .T. ) ;
#4128 = ORIENTED_EDGE ( 'NONE', *, *, #680, .T. ) ;
#4129 = VECTOR ( 'NONE', #4507, 1000.000000000000000 ) ;
#4130 = DIRECTION ( 'NONE',  ( 1.000000000000000000, -0.0000000000000000000, -0.0000000000000000000 ) ) ;
#4131 = PLANE ( 'NONE',  #5059 ) ;
#4132 = EDGE_CURVE ( 'NONE', #10259, #6011, #6101, .T. ) ;
#4133 = EDGE_CURVE ( 'NONE', #1190, #7783, #864, .T. ) ;
#4134 = DIRECTION ( 'NONE',  ( 0.7071067811865479100, -0.7071067811865470200, 0.0000000000000000000 ) ) ;
#4135 = LINE ( 'NONE', #7676, #8712 ) ;
#4136 = LINE ( 'NONE', #1647, #9413 ) ;
#4137 = ADVANCED_FACE ( 'NONE', ( #8234 ), #3728, .T. ) ;
#4138 = AXIS2_PLACEMENT_3D ( 'NONE', #148, #9347, #2871 ) ;
#4139 = DIRECTION ( 'NONE',  ( -0.0000000000000000000, -0.0000000000000000000, -1.000000000000000000 ) ) ;
#4140 = DIRECTION ( 'NONE',  ( -1.000000000000000000, -0.0000000000000000000, -0.0000000000000000000 ) ) ;
#4141 = ORIENTED_EDGE ( 'NONE', *, *, #4296, .F. ) ;
#4142 = EDGE_LOOP ( 'NONE', ( #8496, #1878, #9500, #9064 ) ) ;
#4143 = ORIENTED_EDGE ( 'NONE', *, *, #5346, .F. ) ;
#4144 = ORIENTED_EDGE ( 'NONE', *, *, #4132, .T. ) ;
#4145 = CARTESIAN_POINT ( 'NONE',  ( 47.30000001409307200, -11.79869069127881800, 250.0000000000000000 ) ) ;
#4146 = DIRECTION ( 'NONE',  ( 0.6659235971565212700, -0.7460199479572373600, 0.0000000000000000000 ) ) ;
#4147 = DIRECTION ( 'NONE',  ( -0.0000000000000000000, -0.0000000000000000000, -1.000000000000000000 ) ) ;
#4148 = LINE ( 'NONE', #5795, #10716 ) ;
#4149 = LINE ( 'NONE', #5845, #10988 ) ;
#4150 = CARTESIAN_POINT ( 'NONE',  ( 64.34130259194363100, 9.778249236954939900, 0.0000000000000000000 ) ) ;
#4151 = EDGE_CURVE ( 'NONE', #8684, #1802, #1281, .T. ) ;
#4152 = EDGE_CURVE ( 'NONE', #7783, #9017, #7966, .T. ) ;
#4153 = DIRECTION ( 'NONE',  ( -1.000000000000000000, -0.0000000000000000000, -0.0000000000000000000 ) ) ;
#4154 = ORIENTED_EDGE ( 'NONE', *, *, #2438, .F. ) ;
#4155 = CARTESIAN_POINT ( 'NONE',  ( 8.200000000000006400, 6.577983149782563800, 0.0000000000000000000 ) ) ;
#4156 = EDGE_LOOP ( 'NONE', ( #2361, #6640, #2570, #3299 ) ) ;
#4157 = ORIENTED_EDGE ( 'NONE', *, *, #11163, .F. ) ;
#4158 = ORIENTED_EDGE ( 'NONE', *, *, #1634, .T. ) ;
#4159 = EDGE_LOOP ( 'NONE', ( #2434, #9600, #2358, #9603 ) ) ;
#4160 = EDGE_LOOP ( 'NONE', ( #8789, #3497, #6024, #2687 ) ) ;
#4161 = AXIS2_PLACEMENT_3D ( 'NONE', #4312, #9805, #3467 ) ;
#4162 = DIRECTION ( 'NONE',  ( 0.0000000000000000000, -1.000000000000000000, 0.0000000000000000000 ) ) ;
#4163 = EDGE_LOOP ( 'NONE', ( #1240, #9578 ) ) ;
#4164 = DIRECTION ( 'NONE',  ( -0.0000000000000000000, -0.0000000000000000000, -1.000000000000000000 ) ) ;
#4165 = DIRECTION ( 'NONE',  ( -1.408956491735679000E-012, 1.000000000000000000, -0.0000000000000000000 ) ) ;
#4166 = VECTOR ( 'NONE', #11750, 1000.000000000000000 ) ;
#4167 = LINE ( 'NONE', #8495, #6443 ) ;
#4168 = CARTESIAN_POINT ( 'NONE',  ( 68.19999999999419100, 5.495853944692210100, 0.0000000000000000000 ) ) ;
#4169 = DIRECTION ( 'NONE',  ( 0.0000000000000000000, 1.000000000000000000, -0.0000000000000000000 ) ) ;
#4170 = CARTESIAN_POINT ( 'NONE',  ( 63.89999999997976200, 0.09834826997499368500, 250.0000000000000000 ) ) ;
#4171 = ORIENTED_EDGE ( 'NONE', *, *, #994, .F. ) ;
#4172 = VERTEX_POINT ( 'NONE', #7939 ) ;
#4173 = VERTEX_POINT ( 'NONE', #11608 ) ;
#4174 = ORIENTED_EDGE ( 'NONE', *, *, #7023, .F. ) ;
#4175 = EDGE_LOOP ( 'NONE', ( #3024, #9247, #10888, #4052 ) ) ;
#4176 = AXIS2_PLACEMENT_3D ( 'NONE', #9622, #4164, #8675 ) ;
#4177 = EDGE_LOOP ( 'NONE', ( #940, #10902, #6164, #4834 ) ) ;
#4178 = DIRECTION ( 'NONE',  ( 0.0000000000000000000, 0.0000000000000000000, 1.000000000000000000 ) ) ;
#4179 = ADVANCED_FACE ( 'NONE', ( #10080 ), #5188, .F. ) ;
#4180 = APPROVAL ( #8344, 'UNSPECIFIED' ) ;
#4181 = PLANE ( 'NONE',  #7455 ) ;
#4182 = FACE_OUTER_BOUND ( 'NONE', #9270, .T. ) ;
#4183 = LINE ( 'NONE', #2807, #10586 ) ;
#4184 = DIRECTION ( 'NONE',  ( 0.0000000000000000000, -0.0000000000000000000, -1.000000000000000000 ) ) ;
#4185 = DIRECTION ( 'NONE',  ( -0.7072143353590408800, 0.7069992106520841500, 0.0000000000000000000 ) ) ;
#4186 = VERTEX_POINT ( 'NONE', #2417 ) ;
#4187 = VERTEX_POINT ( 'NONE', #6280 ) ;
#4188 = ORIENTED_EDGE ( 'NONE', *, *, #6697, .T. ) ;
#4189 = ORIENTED_EDGE ( 'NONE', *, *, #7758, .F. ) ;
#4190 = ORIENTED_EDGE ( 'NONE', *, *, #3224, .T. ) ;
#4191 = CARTESIAN_POINT ( 'NONE',  ( -8.199999999999999300, -26.56036512018241400, 250.0000000000000000 ) ) ;
#4192 = EDGE_CURVE ( 'NONE', #9160, #8269, #4669, .T. ) ;
#4193 = CIRCLE ( 'NONE', #6777, 1.504043068364636900 ) ;
#4194 = LINE ( 'NONE', #11354, #11335 ) ;
#4195 = CARTESIAN_POINT ( 'NONE',  ( 64.33399082676281500, -29.75897947731955600, 0.0000000000000000000 ) ) ;
#4196 = CARTESIAN_POINT ( 'NONE',  ( 19.90956179095059000, -16.08952446469493200, 250.0000000000000000 ) ) ;
#4197 = ORIENTED_EDGE ( 'NONE', *, *, #3384, .F. ) ;
#4198 = CARTESIAN_POINT ( 'NONE',  ( 47.30000001409301500, -26.24036512018223300, 250.0000000000000000 ) ) ;
#4199 = ORIENTED_EDGE ( 'NONE', *, *, #10374, .T. ) ;
#4200 = VECTOR ( 'NONE', #10376, 1000.000000000000000 ) ;
#4201 = AXIS2_PLACEMENT_3D ( 'NONE', #4093, #5731, #7564 ) ;
#4202 = CARTESIAN_POINT ( 'NONE',  ( 7.309634879832146700, -26.24310889209111900, 250.0000000000000000 ) ) ;
#4203 = VECTOR ( 'NONE', #5871, 1000.000000000000000 ) ;
#4204 = VECTOR ( 'NONE', #4811, 1000.000000000000000 ) ;
#4205 = EDGE_CURVE ( 'NONE', #9418, #10053, #280, .T. ) ;
#4206 = ADVANCED_FACE ( 'NONE', ( #419 ), #10521, .F. ) ;
#4207 = DIRECTION ( 'NONE',  ( -1.000000000000000000, 1.057758217049744000E-015, 0.0000000000000000000 ) ) ;
#4208 = ORIENTED_EDGE ( 'NONE', *, *, #2806, .T. ) ;
#4209 = CARTESIAN_POINT ( 'NONE',  ( 24.91005050634261400, -10.79036512018242500, 0.0000000000000000000 ) ) ;
#4210 = VERTEX_POINT ( 'NONE', #4048 ) ;
#4211 = CARTESIAN_POINT ( 'NONE',  ( 69.99999999999060700, -15.09361780066056700, 0.0000000000000000000 ) ) ;
#4212 = VERTEX_POINT ( 'NONE', #7642 ) ;
#4213 = CARTESIAN_POINT ( 'NONE',  ( 0.0000000000000000000, -19.99036512018243200, 0.0000000000000000000 ) ) ;
#4214 = VECTOR ( 'NONE', #1151, 1000.000000000000000 ) ;
#4215 = EDGE_CURVE ( 'NONE', #6681, #10493, #2243, .T. ) ;
#4216 = AXIS2_PLACEMENT_3D ( 'NONE', #9329, #2850, #7373 ) ;
#4217 = VECTOR ( 'NONE', #9216, 1000.000000000000000 ) ;
#4218 = CARTESIAN_POINT ( 'NONE',  ( 54.50397484464128400, 8.207983149782574400, 250.0000000000000000 ) ) ;
#4219 = ORIENTED_EDGE ( 'NONE', *, *, #1252, .F. ) ;
#4220 = AXIS2_PLACEMENT_3D ( 'NONE', #2244, #7840, #11436 ) ;
#4221 = ORIENTED_EDGE ( 'NONE', *, *, #1711, .T. ) ;
#4222 = CARTESIAN_POINT ( 'NONE',  ( 56.09999999997984300, -22.83451117550332300, 250.0000000000000000 ) ) ;
#4223 = EDGE_LOOP ( 'NONE', ( #8615, #5870, #476, #3151 ) ) ;
#4224 = ORIENTED_EDGE ( 'NONE', *, *, #7469, .F. ) ;
#4225 = VECTOR ( 'NONE', #6357, 1000.000000000000100 ) ;
#4226 = DIRECTION ( 'NONE',  ( 0.0000000000000000000, -1.000000000000000000, 0.0000000000000000000 ) ) ;
#4227 = LINE ( 'NONE', #892, #9361 ) ;
#4228 = DIRECTION ( 'NONE',  ( 0.0000000000000000000, 1.000000000000000000, 0.0000000000000000000 ) ) ;
#4229 = CARTESIAN_POINT ( 'NONE',  ( 2.835002123243146600, 3.907140554540113400, 250.0000000000000000 ) ) ;
#4230 = EDGE_CURVE ( 'NONE', #9922, #10268, #8108, .T. ) ;
#4231 = EDGE_CURVE ( 'NONE', #1219, #6564, #9386, .T. ) ;
#4232 = PLANE ( 'NONE',  #130 ) ;
#4233 = VERTEX_POINT ( 'NONE', #9709 ) ;
#4234 = VECTOR ( 'NONE', #4426, 1000.000000000000000 ) ;
#4235 = AXIS2_PLACEMENT_3D ( 'NONE', #7188, #10359, #5951 ) ;
#4236 = CARTESIAN_POINT ( 'NONE',  ( 45.49003367241985500, -13.42992900131775100, 250.0000000000000000 ) ) ;
#4237 = PLANE ( 'NONE',  #2934 ) ;
#4238 = ADVANCED_FACE ( 'NONE', ( #7671 ), #5964, .T. ) ;
#4239 = VECTOR ( 'NONE', #5910, 1000.000000000000000 ) ;
#4240 = DIRECTION ( 'NONE',  ( -0.0000000000000000000, -0.0000000000000000000, -1.000000000000000000 ) ) ;
#4241 = CARTESIAN_POINT ( 'NONE',  ( -4.907228714274736200, -29.99036512018231800, 0.0000000000000000000 ) ) ;
#4242 = CARTESIAN_POINT ( 'NONE',  ( 49.99999999999419500, 4.899745738432866200, 250.0000000000000000 ) ) ;
#4243 = CARTESIAN_POINT ( 'NONE',  ( 9.269634879828643600, -11.79869069127881800, 250.0000000000000000 ) ) ;
#4244 = VERTEX_POINT ( 'NONE', #6115 ) ;
#4245 = LINE ( 'NONE', #4336, #2097 ) ;
#4246 = DIRECTION ( 'NONE',  ( -0.7071067811865597900, 0.7071067811865352500, -0.0000000000000000000 ) ) ;
#4247 = AXIS2_PLACEMENT_3D ( 'NONE', #9795, #8817, #5221 ) ;
#4248 = LINE ( 'NONE', #3507, #11811 ) ;
#4249 = VECTOR ( 'NONE', #11699, 1000.000000000000000 ) ;
#4250 = CARTESIAN_POINT ( 'NONE',  ( 42.10000000008163600, -19.99036512018248500, 0.0000000000000000000 ) ) ;
#4251 = CARTESIAN_POINT ( 'NONE',  ( -5.496025155338566400, 8.207983149782574400, 0.0000000000000000000 ) ) ;
#4252 = CARTESIAN_POINT ( 'NONE',  ( 52.69036512017637400, -28.19036512018228900, 250.0000000000000000 ) ) ;
#4253 = LINE ( 'NONE', #3627, #3258 ) ;
#4254 = CARTESIAN_POINT ( 'NONE',  ( 42.87669675189366100, -11.78952446469386800, 250.0000000000000000 ) ) ;
#4255 = VECTOR ( 'NONE', #1791, 1000.000000000000000 ) ;
#4256 = CARTESIAN_POINT ( 'NONE',  ( 53.42999999998703200, 8.207983149782574400, 0.0000000000000000000 ) ) ;
#4257 = CARTESIAN_POINT ( 'NONE',  ( 56.09999999999428200, -0.1033369205210043500, 0.0000000000000000000 ) ) ;
#4258 = EDGE_CURVE ( 'NONE', #2171, #9894, #4529, .T. ) ;
#4259 = LINE ( 'NONE', #10873, #1824 ) ;
#4260 = ADVANCED_FACE ( 'NONE', ( #7089 ), #819, .F. ) ;
#4261 = VERTEX_POINT ( 'NONE', #10819 ) ;
#4262 = ORIENTED_EDGE ( 'NONE', *, *, #11038, .F. ) ;
#4263 = LINE ( 'NONE', #717, #10673 ) ;
#4264 = DIRECTION ( 'NONE',  ( 0.7508172436694708900, 0.6605100049269340100, -0.0000000000000000000 ) ) ;
#4265 = LINE ( 'NONE', #5538, #5262 ) ;
#4266 = DIRECTION ( 'NONE',  ( -1.000000000000000000, 0.0000000000000000000, 0.0000000000000000000 ) ) ;
#4267 = DIRECTION ( 'NONE',  ( -0.7460199479572373600, -0.6659235971565212700, 0.0000000000000000000 ) ) ;
#4268 = DIRECTION ( 'NONE',  ( -0.0000000000000000000, 1.000000000000000000, -0.0000000000000000000 ) ) ;
#4269 = CARTESIAN_POINT ( 'NONE',  ( 6.238124910961452100, -7.297745508358056900, 250.0000000000000000 ) ) ;
#4270 = EDGE_CURVE ( 'NONE', #4731, #5566, #9662, .T. ) ;
#4271 = CARTESIAN_POINT ( 'NONE',  ( 2.882688234812009800, 8.319634879817504800, 250.0000000000000000 ) ) ;
#4272 = ORIENTED_EDGE ( 'NONE', *, *, #2766, .F. ) ;
#4273 = PLANE ( 'NONE',  #3801 ) ;
#4274 = VERTEX_POINT ( 'NONE', #6385 ) ;
#4275 = ORIENTED_EDGE ( 'NONE', *, *, #11549, .F. ) ;
#4276 = FACE_BOUND ( 'NONE', #1573, .T. ) ;
#4277 = EDGE_LOOP ( 'NONE', ( #8473, #1102, #8750, #3192 ) ) ;
#4278 = DIRECTION ( 'NONE',  ( -0.0000000000000000000, -0.0000000000000000000, -1.000000000000000000 ) ) ;
#4279 = VECTOR ( 'NONE', #8221, 1000.000000000000000 ) ;
#4280 = EDGE_CURVE ( 'NONE', #2067, #6119, #1548, .T. ) ;
#4281 = FACE_OUTER_BOUND ( 'NONE', #9901, .T. ) ;
#4282 = DIRECTION ( 'NONE',  ( -0.0000000000000000000, -0.0000000000000000000, -1.000000000000000000 ) ) ;
#4283 = EDGE_CURVE ( 'NONE', #8185, #1114, #856, .T. ) ;
#4284 = CARTESIAN_POINT ( 'NONE',  ( -9.209999999999993700, -24.89759383445705900, 250.0000000000000000 ) ) ;
#4285 = ORIENTED_EDGE ( 'NONE', *, *, #2911, .T. ) ;
#4286 = ORIENTED_EDGE ( 'NONE', *, *, #1633, .F. ) ;
#4287 = ORIENTED_EDGE ( 'NONE', *, *, #7775, .T. ) ;
#4288 = DIRECTION ( 'NONE',  ( -0.0000000000000000000, 0.0000000000000000000, -1.000000000000000000 ) ) ;
#4289 = DIRECTION ( 'NONE',  ( 0.0000000000000000000, 0.0000000000000000000, 1.000000000000000000 ) ) ;
#4290 = LINE ( 'NONE', #4765, #8272 ) ;
#4292 = ADVANCED_FACE ( 'NONE', ( #6373 ), #3759, .F. ) ;
#4291 = LINE ( 'NONE', #10619, #4436 ) ;
#4293 = DIRECTION ( 'NONE',  ( -0.7071067811865475700, -0.7071067811865475700, 0.0000000000000000000 ) ) ;
#4294 = CARTESIAN_POINT ( 'NONE',  ( 3.900000000014339600, -22.83451117550332300, 250.0000000000000000 ) ) ;
#4295 = CARTESIAN_POINT ( 'NONE',  ( 23.90963486571957100, -22.82073024036478900, 0.0000000000000000000 ) ) ;
#4296 = EDGE_CURVE ( 'NONE', #6358, #11222, #6793, .T. ) ;
#4297 = EDGE_CURVE ( 'NONE', #7896, #10654, #10946, .T. ) ;
#4298 = ORIENTED_EDGE ( 'NONE', *, *, #10406, .T. ) ;
#4299 = ORIENTED_EDGE ( 'NONE', *, *, #6291, .T. ) ;
#4300 = ORIENTED_EDGE ( 'NONE', *, *, #3605, .T. ) ;
#4301 = ORIENTED_EDGE ( 'NONE', *, *, #10204, .F. ) ;
#4302 = DIRECTION ( 'NONE',  ( 0.0000000000000000000, -1.000000000000000000, 0.0000000000000000000 ) ) ;
#4303 = LINE ( 'NONE', #6422, #1597 ) ;
#4304 = LINE ( 'NONE', #8230, #8286 ) ;
#4305 = ORIENTED_EDGE ( 'NONE', *, *, #862, .T. ) ;
#4306 = ORIENTED_EDGE ( 'NONE', *, *, #21, .T. ) ;
#4307 = VERTEX_POINT ( 'NONE', #968 ) ;
#4308 = ORIENTED_EDGE ( 'NONE', *, *, #11193, .F. ) ;
#4309 = ORIENTED_EDGE ( 'NONE', *, *, #5580, .F. ) ;
#4310 = DIRECTION ( 'NONE',  ( -1.000000000000000000, 0.0000000000000000000, 0.0000000000000000000 ) ) ;
#4311 = DIRECTION ( 'NONE',  ( 0.0000000000000000000, 0.0000000000000000000, 1.000000000000000000 ) ) ;
#4312 = CARTESIAN_POINT ( 'NONE',  ( 35.65563491860065400, -10.22467969523303600, 250.0000000000000000 ) ) ;
#4313 = EDGE_CURVE ( 'NONE', #3580, #3279, #8383, .T. ) ;
#4314 = EDGE_CURVE ( 'NONE', #5433, #6681, #6643, .T. ) ;
#4315 = CARTESIAN_POINT ( 'NONE',  ( 55.65869740804474500, 9.778249236954939900, 250.0000000000000000 ) ) ;
#4316 = CARTESIAN_POINT ( 'NONE',  ( 40.08952246339919900, -23.89285944546705000, 0.0000000000000000000 ) ) ;
#4317 = VECTOR ( 'NONE', #4967, 1000.000000000000000 ) ;
#4318 = FACE_OUTER_BOUND ( 'NONE', #6167, .T. ) ;
#4319 = DIRECTION ( 'NONE',  ( -1.000000000000000000, 0.0000000000000000000, 0.0000000000000000000 ) ) ;
#4320 = ORIENTED_EDGE ( 'NONE', *, *, #4049, .T. ) ;
#4321 = AXIS2_PLACEMENT_3D ( 'NONE', #4853, #7643, #11374 ) ;
#4322 = VERTEX_POINT ( 'NONE', #6347 ) ;
#4323 = ORIENTED_EDGE ( 'NONE', *, *, #4536, .F. ) ;
#4324 = EDGE_LOOP ( 'NONE', ( #6395, #535, #3762, #3166 ) ) ;
#4325 = VERTEX_POINT ( 'NONE', #3596 ) ;
#4326 = ADVANCED_FACE ( 'NONE', ( #6090 ), #927, .F. ) ;
#4327 = VERTEX_POINT ( 'NONE', #9108 ) ;
#4328 = CARTESIAN_POINT ( 'NONE',  ( 3.799157404752007600, 0.009634879817567443300, 250.0000000000000000 ) ) ;
#4329 = CIRCLE ( 'NONE', #2962, 0.7899999999999990400 ) ;
#4330 = LINE ( 'NONE', #9016, #1894 ) ;
#4331 = CARTESIAN_POINT ( 'NONE',  ( 63.80522200729316000, -20.00141837329822200, 250.0000000000000000 ) ) ;
#4332 = DIRECTION ( 'NONE',  ( -0.0000000000000000000, -1.000000000000000000, -0.0000000000000000000 ) ) ;
#4333 = ORIENTED_EDGE ( 'NONE', *, *, #11506, .F. ) ;
#4334 = ORIENTED_EDGE ( 'NONE', *, *, #6543, .F. ) ;
#4335 = ORIENTED_EDGE ( 'NONE', *, *, #4637, .T. ) ;
#4336 = CARTESIAN_POINT ( 'NONE',  ( 4.899916949086820000, 10.00963487981757000, 250.0000000000000000 ) ) ;
#4337 = DIRECTION ( 'NONE',  ( -0.0000000000000000000, 0.0000000000000000000, -1.000000000000000000 ) ) ;
#4338 = ORIENTED_EDGE ( 'NONE', *, *, #4993, .T. ) ;
#4339 = LINE ( 'NONE', #2562, #942 ) ;
#4340 = DIRECTION ( 'NONE',  ( 1.000000000000000000, -3.555354239044450100E-015, 0.0000000000000000000 ) ) ;
#4341 = DIRECTION ( 'NONE',  ( -0.7071067811865480200, 0.7071067811865471300, 0.0000000000000000000 ) ) ;
#4342 = CARTESIAN_POINT ( 'NONE',  ( 66.55999999997980900, -5.496196365999260500, 250.0000000000000000 ) ) ;
#4343 = VECTOR ( 'NONE', #3083, 1000.000000000000100 ) ;
#4344 = LINE ( 'NONE', #5681, #6056 ) ;
#4345 = PLANE ( 'NONE',  #7938 ) ;
#4346 = ORIENTED_EDGE ( 'NONE', *, *, #2024, .F. ) ;
#4347 = DIRECTION ( 'NONE',  ( -0.0000000000000000000, -0.0000000000000000000, -1.000000000000000000 ) ) ;
#4348 = CARTESIAN_POINT ( 'NONE',  ( 37.12462353036301000, -28.30036512018227100, 250.0000000000000000 ) ) ;
#4349 = ORIENTED_EDGE ( 'NONE', *, *, #1860, .F. ) ;
#4350 = VECTOR ( 'NONE', #1189, 1000.000000000000000 ) ;
#4351 = LINE ( 'NONE', #6499, #6055 ) ;
#4352 = LINE ( 'NONE', #10219, #9337 ) ;
#4353 = DIRECTION ( 'NONE',  ( -1.000000000000000000, 0.0000000000000000000, 0.0000000000000000000 ) ) ;
#4354 = DIRECTION ( 'NONE',  ( 0.7071067811865474600, 0.7071067811865475700, 0.0000000000000000000 ) ) ;
#4355 = DIRECTION ( 'NONE',  ( 1.000000000000000000, 0.0000000000000000000, 0.0000000000000000000 ) ) ;
#4356 = ADVANCED_FACE ( 'NONE', ( #568 ), #7522, .F. ) ;
#4357 = EDGE_CURVE ( 'NONE', #3923, #2282, #6229, .T. ) ;
#4358 = DIRECTION ( 'NONE',  ( -0.7078322512429708900, 0.7063805660550887000, -0.0000000000000000000 ) ) ;
#4359 = EDGE_LOOP ( 'NONE', ( #6547, #3754, #6435, #887 ) ) ;
#4360 = AXIS2_PLACEMENT_3D ( 'NONE', #7100, #10816, #3441 ) ;
#4361 = CARTESIAN_POINT ( 'NONE',  ( 66.57000000000135700, 8.207983149782574400, 0.0000000000000000000 ) ) ;
#4362 = VERTEX_POINT ( 'NONE', #3635 ) ;
#4363 = VERTEX_POINT ( 'NONE', #11019 ) ;
#4364 = LINE ( 'NONE', #5380, #3931 ) ;
#4365 = LINE ( 'NONE', #3421, #6075 ) ;
#4366 = CARTESIAN_POINT ( 'NONE',  ( 37.15084280695820200, -23.89285944546705000, 250.0000000000000000 ) ) ;
#4367 = ORIENTED_EDGE ( 'NONE', *, *, #1870, .T. ) ;
#4368 = CARTESIAN_POINT ( 'NONE',  ( 7.167877051065232000E-012, -3.901602146817069200, 250.0000000000000000 ) ) ;
#4369 = EDGE_CURVE ( 'NONE', #8114, #9010, #6511, .T. ) ;
#4370 = AXIS2_PLACEMENT_3D ( 'NONE', #2247, #3017, #11329 ) ;
#4371 = ORIENTED_EDGE ( 'NONE', *, *, #6737, .F. ) ;
#4372 = ORIENTED_EDGE ( 'NONE', *, *, #10001, .T. ) ;
#4373 = DIRECTION ( 'NONE',  ( 0.003549905670444936900, -0.9999936990650145600, 0.0000000000000000000 ) ) ;
#4374 = VECTOR ( 'NONE', #3702, 1000.000000000000000 ) ;
#4375 = AXIS2_PLACEMENT_3D ( 'NONE', #11383, #10481, #7822 ) ;
#4376 = CARTESIAN_POINT ( 'NONE',  ( -5.496025155338566400, 6.565966396540218000, 0.0000000000000000000 ) ) ;
#4377 = CARTESIAN_POINT ( 'NONE',  ( 50.23138564285682200, 4.341131381295493700, 250.0000000000000000 ) ) ;
#4378 = CARTESIAN_POINT ( 'NONE',  ( 35.08994949365157400, -9.990365120182433500, 0.0000000000000000000 ) ) ;
#4379 = ORIENTED_EDGE ( 'NONE', *, *, #11401, .T. ) ;
#4380 = DIRECTION ( 'NONE',  ( -0.0000000000000000000, -0.0000000000000000000, -1.000000000000000000 ) ) ;
#4381 = FACE_OUTER_BOUND ( 'NONE', #7054, .T. ) ;
#4382 = ADVANCED_FACE ( 'NONE', ( #11395 ), #10976, .F. ) ;
#4383 = VECTOR ( 'NONE', #10389, 1000.000000000000000 ) ;
#4384 = EDGE_CURVE ( 'NONE', #7588, #1618, #3657, .T. ) ;
#4385 = EDGE_CURVE ( 'NONE', #3740, #3738, #10508, .T. ) ;
#4386 = ORIENTED_EDGE ( 'NONE', *, *, #21, .F. ) ;
#4387 = CARTESIAN_POINT ( 'NONE',  ( 42.82952246339918600, -23.89285944546705000, 0.0000000000000000000 ) ) ;
#4388 = DIRECTION ( 'NONE',  ( 1.000000000000000000, -7.653841565949624300E-017, 0.0000000000000000000 ) ) ;
#4389 = CARTESIAN_POINT ( 'NONE',  ( 14.50996632757433800, -13.42992900131775100, 0.0000000000000000000 ) ) ;
#4390 = DIRECTION ( 'NONE',  ( 0.0000000000000000000, -0.0000000000000000000, -1.000000000000000000 ) ) ;
#4391 = LINE ( 'NONE', #3914, #10367 ) ;
#4392 = DIRECTION ( 'NONE',  ( 1.000000000000000000, 0.0000000000000000000, 0.0000000000000000000 ) ) ;
#4393 = FACE_OUTER_BOUND ( 'NONE', #9292, .T. ) ;
#4394 = DIRECTION ( 'NONE',  ( 0.0000000000000000000, 0.0000000000000000000, 1.000000000000000000 ) ) ;
#4395 = AXIS2_PLACEMENT_3D ( 'NONE', #512, #9645, #3309 ) ;
#4396 = VERTEX_POINT ( 'NONE', #9301 ) ;
#4397 = LINE ( 'NONE', #9032, #574 ) ;
#4398 = CARTESIAN_POINT ( 'NONE',  ( 35.08994949365157400, -10.79036512018242500, 0.0000000000000000000 ) ) ;
#4399 = VECTOR ( 'NONE', #1722, 1000.000000000000000 ) ;
#4400 = DIRECTION ( 'NONE',  ( -0.7071067811865734400, 0.7071067811865217000, 0.0000000000000000000 ) ) ;
#4401 = VECTOR ( 'NONE', #11489, 1000.000000000000000 ) ;
#4402 = CARTESIAN_POINT ( 'NONE',  ( 60.10667384106814400, 3.907140554540114300, 250.0000000000000000 ) ) ;
#4403 = ADVANCED_FACE ( 'NONE', ( #3383 ), #6572, .F. ) ;
#4404 = VERTEX_POINT ( 'NONE', #4487 ) ;
#4405 = ORIENTED_EDGE ( 'NONE', *, *, #9345, .T. ) ;
#4406 = ORIENTED_EDGE ( 'NONE', *, *, #5801, .T. ) ;
#4407 = VECTOR ( 'NONE', #11277, 1000.000000000000000 ) ;
#4408 = DIRECTION ( 'NONE',  ( 1.000000000000000000, -0.0000000000000000000, -0.0000000000000000000 ) ) ;
#4409 = EDGE_CURVE ( 'NONE', #5567, #7588, #9097, .T. ) ;
#4410 = VECTOR ( 'NONE', #2392, 1000.000000000000000 ) ;
#4411 = PERSON ( 'UNSPECIFIED', 'UNSPECIFIED', 'UNSPECIFIED', ('UNSPECIFIED'), ('UNSPECIFIED'), ('UNSPECIFIED') ) ;
#4412 = FACE_OUTER_BOUND ( 'NONE', #8351, .T. ) ;
#4413 = AXIS2_PLACEMENT_3D ( 'NONE', #6930, #8878, #7913 ) ;
#4414 = VERTEX_POINT ( 'NONE', #11100 ) ;
#4415 = ORIENTED_EDGE ( 'NONE', *, *, #11076, .F. ) ;
#4416 = ORIENTED_EDGE ( 'NONE', *, *, #9775, .F. ) ;
#4417 = DIRECTION ( 'NONE',  ( -0.7071067811865475700, 0.7071067811865475700, 0.0000000000000000000 ) ) ;
#4418 = VECTOR ( 'NONE', #5570, 1000.000000000000000 ) ;
#4419 = LINE ( 'NONE', #2445, #1449 ) ;
#4420 = DIRECTION ( 'NONE',  ( -1.000000000000000000, -2.386084773115179000E-014, 0.0000000000000000000 ) ) ;
#4421 = CARTESIAN_POINT ( 'NONE',  ( 32.68073025445671200, -28.19036512018301400, 250.0000000000000000 ) ) ;
#4422 = LINE ( 'NONE', #4869, #11135 ) ;
#4423 = EDGE_CURVE ( 'NONE', #11162, #6324, #5672, .T. ) ;
#4424 = DIRECTION ( 'NONE',  ( -0.7071067811865474600, 0.7071067811865474600, 0.0000000000000000000 ) ) ;
#4425 = VERTEX_POINT ( 'NONE', #5639 ) ;
#4426 = DIRECTION ( 'NONE',  ( -0.0000000000000000000, -0.0000000000000000000, -1.000000000000000000 ) ) ;
#4427 = CARTESIAN_POINT ( 'NONE',  ( 68.19999999999419100, -2.882859445469489600, 250.0000000000000000 ) ) ;
#4428 = ORIENTED_EDGE ( 'NONE', *, *, #9384, .F. ) ;
#4429 = VERTEX_POINT ( 'NONE', #8424 ) ;
#4430 = ORIENTED_EDGE ( 'NONE', *, *, #2241, .F. ) ;
#4431 = ORIENTED_EDGE ( 'NONE', *, *, #1980, .F. ) ;
#4432 = EDGE_CURVE ( 'NONE', #474, #2819, #9228, .T. ) ;
#4433 = ADVANCED_FACE ( 'NONE', ( #4393 ), #10123, .F. ) ;
#4434 = EDGE_CURVE ( 'NONE', #10446, #11511, #2671, .T. ) ;
#4435 = LINE ( 'NONE', #9299, #323 ) ;
#4436 = VECTOR ( 'NONE', #11546, 1000.000000000000000 ) ;
#4437 = CARTESIAN_POINT ( 'NONE',  ( 49.99999999999419500, -4.904230295371559300, 0.0000000000000000000 ) ) ;
#4438 = ORIENTED_EDGE ( 'NONE', *, *, #8101, .F. ) ;
#4439 = DIRECTION ( 'NONE',  ( 0.6605100049269645400, 0.7508172436694440200, -0.0000000000000000000 ) ) ;
#4440 = EDGE_LOOP ( 'NONE', ( #39, #9338, #7742, #9110 ) ) ;
#4441 = ORIENTED_EDGE ( 'NONE', *, *, #11450, .F. ) ;
#4442 = ORIENTED_EDGE ( 'NONE', *, *, #6103, .F. ) ;
#4443 = EDGE_LOOP ( 'NONE', ( #9463, #4603, #1123, #7479, #1938, #4648, #1433, #5020, #10456, #11311, #669 ) ) ;
#4444 = VERTEX_POINT ( 'NONE', #2955 ) ;
#4445 = DIRECTION ( 'NONE',  ( -0.0000000000000000000, -0.0000000000000000000, -1.000000000000000000 ) ) ;
#4446 = ORIENTED_EDGE ( 'NONE', *, *, #6270, .T. ) ;
#4447 = VECTOR ( 'NONE', #6693, 1000.000000000000000 ) ;
#4448 = VECTOR ( 'NONE', #9720, 1000.000000000000000 ) ;
#4449 = CARTESIAN_POINT ( 'NONE',  ( -4.333990826768626000, -29.75897947731955600, 250.0000000000000000 ) ) ;
#4450 = EDGE_CURVE ( 'NONE', #782, #8185, #8097, .T. ) ;
#4451 = EDGE_CURVE ( 'NONE', #2067, #4187, #4248, .T. ) ;
#4452 = EDGE_LOOP ( 'NONE', ( #7425, #761, #5839, #3710 ) ) ;
#4453 = CARTESIAN_POINT ( 'NONE',  ( 0.1066738410882871200, 3.907140554540114300, 250.0000000000000000 ) ) ;
#4454 = VERTEX_POINT ( 'NONE', #5430 ) ;
#4455 = VERTEX_POINT ( 'NONE', #10805 ) ;
#4456 = ORIENTED_EDGE ( 'NONE', *, *, #10776, .F. ) ;
#4457 = ORIENTED_EDGE ( 'NONE', *, *, #10152, .T. ) ;
#4458 = ORIENTED_EDGE ( 'NONE', *, *, #1591, .T. ) ;
#4459 = AXIS2_PLACEMENT_3D ( 'NONE', #988, #2782, #9169 ) ;
#4460 = CARTESIAN_POINT ( 'NONE',  ( 10.00000000000716800, -9.990365120182433500, 0.0000000000000000000 ) ) ;
#4461 = LINE ( 'NONE', #8363, #5331 ) ;
#4462 = LINE ( 'NONE', #10146, #1080 ) ;
#4463 = CARTESIAN_POINT ( 'NONE',  ( 3.900000000014339600, -22.83451117550332300, 250.0000000000000000 ) ) ;
#4464 = DIRECTION ( 'NONE',  ( -0.7071067811865560100, 0.7071067811865391400, 0.0000000000000000000 ) ) ;
#4465 = CARTESIAN_POINT ( 'NONE',  ( 68.19999999999417600, 8.207983149782574400, 250.0000000000000000 ) ) ;
#4466 = ORIENTED_EDGE ( 'NONE', *, *, #886, .F. ) ;
#4467 = VERTEX_POINT ( 'NONE', #949 ) ;
#4468 = ORIENTED_EDGE ( 'NONE', *, *, #66, .T. ) ;
#4469 = ORIENTED_EDGE ( 'NONE', *, *, #6234, .F. ) ;
#4470 = EDGE_CURVE ( 'NONE', #6822, #7748, #6937, .T. ) ;
#4471 = EDGE_CURVE ( 'NONE', #5296, #2612, #7229, .T. ) ;
#4472 = DIRECTION ( 'NONE',  ( 1.000000000000000000, 0.0000000000000000000, 0.0000000000000000000 ) ) ;
#4473 = DIRECTION ( 'NONE',  ( 0.0000000000000000000, 1.000000000000000000, 0.0000000000000000000 ) ) ;
#4474 = ORIENTED_EDGE ( 'NONE', *, *, #7932, .T. ) ;
#4475 = PLANE ( 'NONE',  #2486 ) ;
#4476 = VECTOR ( 'NONE', #4075, 1000.000000000000000 ) ;
#4477 = VECTOR ( 'NONE', #7050, 1000.000000000000000 ) ;
#4478 = CARTESIAN_POINT ( 'NONE',  ( 27.31926974553791600, -13.75036512018161100, 250.0000000000000000 ) ) ;
#4479 = VERTEX_POINT ( 'NONE', #2668 ) ;
#4480 = CARTESIAN_POINT ( 'NONE',  ( 10.00000000000000200, -4.904230295371559300, 250.0000000000000000 ) ) ;
#4481 = ORIENTED_EDGE ( 'NONE', *, *, #6899, .T. ) ;
#4482 = CARTESIAN_POINT ( 'NONE',  ( -2.840365134288008100, -16.08952252493459100, 250.0000000000000000 ) ) ;
#4483 = LINE ( 'NONE', #10507, #11768 ) ;
#4484 = EDGE_CURVE ( 'NONE', #763, #2080, #9378, .T. ) ;
#4485 = LINE ( 'NONE', #1354, #4203 ) ;
#4486 = LINE ( 'NONE', #5589, #3771 ) ;
#4487 = CARTESIAN_POINT ( 'NONE',  ( -8.499999999999992900, -29.99036512018231800, 250.0000000000000000 ) ) ;
#4488 = CARTESIAN_POINT ( 'NONE',  ( 66.55999999999414700, -25.49370204071641800, 250.0000000000000000 ) ) ;
#4489 = PLANE ( 'NONE',  #8159 ) ;
#4490 = VERTEX_POINT ( 'NONE', #10958 ) ;
#4491 = DIRECTION ( 'NONE',  ( -0.7071067811865470200, -0.7071067811865479100, 0.0000000000000000000 ) ) ;
#4492 = DIRECTION ( 'NONE',  ( 0.7069992106520833800, -0.7072143353590416600, 0.0000000000000000000 ) ) ;
#4493 = EDGE_LOOP ( 'NONE', ( #9757, #5891, #4128, #7535 ) ) ;
#4494 = VECTOR ( 'NONE', #3623, 1000.000000000000000 ) ;
#4495 = CARTESIAN_POINT ( 'NONE',  ( 56.09999999997984300, -17.16832557109312100, 250.0000000000000000 ) ) ;
#4496 = LINE ( 'NONE', #4878, #10623 ) ;
#4497 = ADVANCED_FACE ( 'NONE', ( #1956 ), #9891, .F. ) ;
#4498 = EDGE_CURVE ( 'NONE', #6144, #8486, #8962, .T. ) ;
#4499 = PLANE ( 'NONE',  #10901 ) ;
#4500 = ORIENTED_EDGE ( 'NONE', *, *, #6631, .F. ) ;
#4501 = ORIENTED_EDGE ( 'NONE', *, *, #6344, .F. ) ;
#4502 = ORIENTED_EDGE ( 'NONE', *, *, #4961, .F. ) ;
#4503 = ORIENTED_EDGE ( 'NONE', *, *, #9858, .F. ) ;
#4504 = VECTOR ( 'NONE', #6434, 1000.000000000000000 ) ;
#4505 = DIRECTION ( 'NONE',  ( -1.000000000000000000, 0.0000000000000000000, 0.0000000000000000000 ) ) ;
#4506 = EDGE_CURVE ( 'NONE', #2906, #3587, #11097, .T. ) ;
#4507 = DIRECTION ( 'NONE',  ( -0.7071067811865471300, -0.7071067811865479100, 0.0000000000000000000 ) ) ;
#4508 = CARTESIAN_POINT ( 'NONE',  ( 3.899999999999906200, -0.1033369205210043500, 250.0000000000000000 ) ) ;
#4509 = LINE ( 'NONE', #9940, #1798 ) ;
#4510 = CARTESIAN_POINT ( 'NONE',  ( 66.56999999999416700, -28.19036512018242000, 0.0000000000000000000 ) ) ;
#4511 = DIRECTION ( 'NONE',  ( -1.000000000000000000, 0.0000000000000000000, 0.0000000000000000000 ) ) ;
#4512 = EDGE_CURVE ( 'NONE', #11558, #8592, #5808, .T. ) ;
#4513 = DIRECTION ( 'NONE',  ( -3.179095945533921600E-016, -1.000000000000000000, 0.0000000000000000000 ) ) ;
#4514 = CARTESIAN_POINT ( 'NONE',  ( 14.50996632757433800, -11.78952446469386800, 250.0000000000000000 ) ) ;
#4515 = ADVANCED_FACE ( 'NONE', ( #11246 ), #1412, .F. ) ;
#4516 = AXIS2_PLACEMENT_3D ( 'NONE', #3793, #8466, #6525 ) ;
#4517 = DIRECTION ( 'NONE',  ( 0.0000000000000000000, 1.000000000000000000, 0.0000000000000000000 ) ) ;
#4518 = ORIENTED_EDGE ( 'NONE', *, *, #2806, .F. ) ;
#4519 = LINE ( 'NONE', #8778, #11520 ) ;
#4520 = DIRECTION ( 'NONE',  ( 0.7071067811865464600, -0.7071067811865486800, 0.0000000000000000000 ) ) ;
#4521 = VECTOR ( 'NONE', #2780, 1000.000000000000000 ) ;
#4522 = DIRECTION ( 'NONE',  ( -0.7071067811865491300, 0.7071067811865459100, 0.0000000000000000000 ) ) ;
#4523 = DIRECTION ( 'NONE',  ( -1.000000000000000000, 0.0000000000000000000, 0.0000000000000000000 ) ) ;
#4524 = EDGE_CURVE ( 'NONE', #4055, #343, #3810, .T. ) ;
#4525 = EDGE_CURVE ( 'NONE', #2906, #3548, #10808, .T. ) ;
#4526 = DIRECTION ( 'NONE',  ( -0.0000000000000000000, -0.0000000000000000000, -1.000000000000000000 ) ) ;
#4527 = VECTOR ( 'NONE', #6241, 1000.000000000000000 ) ;
#4528 = AXIS2_PLACEMENT_3D ( 'NONE', #8950, #2639, #2596 ) ;
#4529 = LINE ( 'NONE', #9632, #271 ) ;
#4530 = DESIGN_CONTEXT ( 'detailed design', #5633, 'design' ) ;
#4531 = LOCAL_TIME ( 0, 21, 2.000000000000000000, #9381 ) ;
#4532 = VERTEX_POINT ( 'NONE', #843 ) ;
#4533 = DIRECTION ( 'NONE',  ( 0.0000000000000000000, 0.0000000000000000000, 1.000000000000000000 ) ) ;
#4534 = VECTOR ( 'NONE', #9816, 1000.000000000000000 ) ;
#4535 = PLANE ( 'NONE',  #507 ) ;
#4536 = EDGE_CURVE ( 'NONE', #11011, #7446, #2659, .T. ) ;
#4537 = EDGE_CURVE ( 'NONE', #1714, #7504, #5244, .T. ) ;
#4538 = LINE ( 'NONE', #4726, #3259 ) ;
#4539 = DIRECTION ( 'NONE',  ( -0.7071067811865451300, -0.7071067811865500200, 0.0000000000000000000 ) ) ;
#4540 = LINE ( 'NONE', #5091, #4 ) ;
#4541 = AXIS2_PLACEMENT_3D ( 'NONE', #5275, #11661, #8028 ) ;
#4542 = CARTESIAN_POINT ( 'NONE',  ( 24.34436508139353700, -10.22467969523303600, 250.0000000000000000 ) ) ;
#4543 = DIRECTION ( 'NONE',  ( -2.832201593431446400E-014, 1.000000000000000000, 0.0000000000000000000 ) ) ;
#4544 = CARTESIAN_POINT ( 'NONE',  ( 8.495956931635365800, 10.00963487981756800, 250.0000000000000000 ) ) ;
#4545 = EDGE_LOOP ( 'NONE', ( #4574, #8738, #6438, #3076 ) ) ;
#4546 = VERTEX_POINT ( 'NONE', #11777 ) ;
#4547 = VERTEX_POINT ( 'NONE', #7215 ) ;
#4548 = CARTESIAN_POINT ( 'NONE',  ( -3.899999999985570600, -0.1033369205210043500, 250.0000000000000000 ) ) ;
#4549 = VECTOR ( 'NONE', #8407, 1000.000000000000000 ) ;
#4550 = CARTESIAN_POINT ( 'NONE',  ( 54.50397484464128400, 6.565966396540218000, 250.0000000000000000 ) ) ;
#4551 = AXIS2_PLACEMENT_3D ( 'NONE', #3406, #11638, #7030 ) ;
#4552 = CARTESIAN_POINT ( 'NONE',  ( 25.51587163031308600, -26.55957388274415000, 250.0000000000000000 ) ) ;
#4553 = ORIENTED_EDGE ( 'NONE', *, *, #975, .F. ) ;
#4554 = ORIENTED_EDGE ( 'NONE', *, *, #11795, .F. ) ;
#4555 = ORIENTED_EDGE ( 'NONE', *, *, #11194, .T. ) ;
#4556 = CARTESIAN_POINT ( 'NONE',  ( -3.899999999985570600, 0.09834826997499368500, 250.0000000000000000 ) ) ;
#4557 = FACE_BOUND ( 'NONE', #630, .T. ) ;
#4558 = ORIENTED_EDGE ( 'NONE', *, *, #8768, .T. ) ;
#4559 = VECTOR ( 'NONE', #8281, 1000.000000000000100 ) ;
#4560 = DIRECTION ( 'NONE',  ( -0.0000000000000000000, -0.0000000000000000000, -1.000000000000000000 ) ) ;
#4561 = DIRECTION ( 'NONE',  ( -0.0000000000000000000, -0.0000000000000000000, -1.000000000000000000 ) ) ;
#4562 = LINE ( 'NONE', #11226, #6404 ) ;
#4563 = DIRECTION ( 'NONE',  ( 0.7071067811865475700, -0.7071067811865475700, 0.0000000000000000000 ) ) ;
#4564 = ORIENTED_EDGE ( 'NONE', *, *, #6881, .F. ) ;
#4565 = ORIENTED_EDGE ( 'NONE', *, *, #4767, .T. ) ;
#4566 = ORIENTED_EDGE ( 'NONE', *, *, #7434, .F. ) ;
#4567 = CARTESIAN_POINT ( 'NONE',  ( 59.99999999999418800, 0.009634879817567443300, 0.0000000000000000000 ) ) ;
#4568 = VECTOR ( 'NONE', #86, 1000.000000000000000 ) ;
#4569 = FACE_OUTER_BOUND ( 'NONE', #5408, .T. ) ;
#4570 = AXIS2_PLACEMENT_3D ( 'NONE', #6911, #2411, #11523 ) ;
#4571 = ORIENTED_EDGE ( 'NONE', *, *, #1723, .F. ) ;
#4572 = ORIENTED_EDGE ( 'NONE', *, *, #5099, .T. ) ;
#4573 = ORIENTED_EDGE ( 'NONE', *, *, #10571, .F. ) ;
#4574 = ORIENTED_EDGE ( 'NONE', *, *, #10368, .T. ) ;
#4575 = CARTESIAN_POINT ( 'NONE',  ( 54.49666307946017000, -26.55128087389479300, 250.0000000000000000 ) ) ;
#4576 = DIRECTION ( 'NONE',  ( -1.000000000000000000, 0.0000000000000000000, 0.0000000000000000000 ) ) ;
#4577 = DIRECTION ( 'NONE',  ( 0.0000000000000000000, 0.0000000000000000000, 1.000000000000000000 ) ) ;
#4578 = DIRECTION ( 'NONE',  ( -1.000000000000000000, 0.0000000000000000000, 0.0000000000000000000 ) ) ;
#4579 = CARTESIAN_POINT ( 'NONE',  ( 60.10667384106814400, 3.907140554540114300, 250.0000000000000000 ) ) ;
#4580 = VECTOR ( 'NONE', #10326, 1000.000000000000000 ) ;
#4581 = CIRCLE ( 'NONE', #7308, 2.099999999999999600 ) ;
#4582 = PLANE ( 'NONE',  #3081 ) ;
#4583 = CARTESIAN_POINT ( 'NONE',  ( 2.889999999999921100, -28.19036512018228900, 0.0000000000000000000 ) ) ;
#4584 = VERTEX_POINT ( 'NONE', #5859 ) ;
#4585 = EDGE_CURVE ( 'NONE', #6144, #51, #557, .T. ) ;
#4586 = AXIS2_PLACEMENT_3D ( 'NONE', #2098, #11373, #3133 ) ;
#4587 = ORIENTED_EDGE ( 'NONE', *, *, #689, .T. ) ;
#4588 = ORIENTED_EDGE ( 'NONE', *, *, #4891, .F. ) ;
#4589 = ORIENTED_EDGE ( 'NONE', *, *, #7268, .T. ) ;
#4590 = DIRECTION ( 'NONE',  ( -1.000000000000000000, 0.0000000000000000000, 0.0000000000000000000 ) ) ;
#4591 = ORIENTED_EDGE ( 'NONE', *, *, #842, .F. ) ;
#4592 = DIRECTION ( 'NONE',  ( -1.000000000000000000, 0.0000000000000000000, 0.0000000000000000000 ) ) ;
#4593 = AXIS2_PLACEMENT_3D ( 'NONE', #2412, #5097, #11599 ) ;
#4594 = CARTESIAN_POINT ( 'NONE',  ( -8.199999999999999300, -26.56036512018241400, 0.0000000000000000000 ) ) ;
#4595 = LINE ( 'NONE', #11762, #11597 ) ;
#4596 = CARTESIAN_POINT ( 'NONE',  ( 66.55999999999414700, -25.49370204071641800, 250.0000000000000000 ) ) ;
#4597 = DIRECTION ( 'NONE',  ( -0.0000000000000000000, -0.0000000000000000000, -1.000000000000000000 ) ) ;
#4598 = DIRECTION ( 'NONE',  ( 1.000000000000000000, 0.0000000000000000000, 0.0000000000000000000 ) ) ;
#4599 = ORIENTED_EDGE ( 'NONE', *, *, #2091, .T. ) ;
#4600 = DIRECTION ( 'NONE',  ( -0.0000000000000000000, -0.0000000000000000000, -1.000000000000000000 ) ) ;
#4601 = CARTESIAN_POINT ( 'NONE',  ( -6.570000000007157200, 8.207983149782574400, 0.0000000000000000000 ) ) ;
#4602 = ORIENTED_EDGE ( 'NONE', *, *, #501, .F. ) ;
#4603 = ORIENTED_EDGE ( 'NONE', *, *, #7875, .T. ) ;
#4604 = EDGE_LOOP ( 'NONE', ( #10096, #811, #7004, #2270 ) ) ;
#4606 = MANIFOLD_SOLID_BREP ( 'Boss-Extrude3', #5323 ) ;
#4605 = ORIENTED_EDGE ( 'NONE', *, *, #6433, .T. ) ;
#4607 = EDGE_CURVE ( 'NONE', #3423, #1713, #4808, .T. ) ;
#4608 = EDGE_CURVE ( 'NONE', #1973, #4532, #10072, .T. ) ;
#4609 = LINE ( 'NONE', #4009, #1893 ) ;
#4610 = FACE_OUTER_BOUND ( 'NONE', #2018, .T. ) ;
#4611 = PLANE ( 'NONE',  #4875 ) ;
#4612 = ORIENTED_EDGE ( 'NONE', *, *, #6627, .T. ) ;
#4613 = ORIENTED_EDGE ( 'NONE', *, *, #8975, .T. ) ;
#4614 = ORIENTED_EDGE ( 'NONE', *, *, #2024, .T. ) ;
#4615 = EDGE_LOOP ( 'NONE', ( #4815, #10203, #184, #8802 ) ) ;
#4616 = ORIENTED_EDGE ( 'NONE', *, *, #10170, .F. ) ;
#4617 = LINE ( 'NONE', #9792, #5909 ) ;
#4618 = PLANE ( 'NONE',  #2397 ) ;
#4619 = LINE ( 'NONE', #3084, #5205 ) ;
#4620 = FACE_OUTER_BOUND ( 'NONE', #10022, .T. ) ;
#4621 = DIRECTION ( 'NONE',  ( -0.0000000000000000000, -0.0000000000000000000, -1.000000000000000000 ) ) ;
#4622 = CARTESIAN_POINT ( 'NONE',  ( -8.200000000000002800, -17.11498865055904900, 250.0000000000000000 ) ) ;
#4623 = AXIS2_PLACEMENT_3D ( 'NONE', #3328, #5047, #9702 ) ;
#4624 = CARTESIAN_POINT ( 'NONE',  ( 34.49798342301680500, -11.79036512018251400, 250.0000000000000000 ) ) ;
#4625 = DIRECTION ( 'NONE',  ( 0.0000000000000000000, 0.0000000000000000000, 1.000000000000000000 ) ) ;
#4626 = CARTESIAN_POINT ( 'NONE',  ( 51.79999999999418500, 2.882517024154526400, 0.0000000000000000000 ) ) ;
#4627 = ORIENTED_EDGE ( 'NONE', *, *, #2368, .T. ) ;
#4628 = PLANE ( 'NONE',  #7366 ) ;
#4629 = ORIENTED_EDGE ( 'NONE', *, *, #7205, .T. ) ;
#4630 = VERTEX_POINT ( 'NONE', #6451 ) ;
#4631 = VECTOR ( 'NONE', #7501, 1000.000000000000000 ) ;
#4632 = LINE ( 'NONE', #11483, #8619 ) ;
#4633 = VECTOR ( 'NONE', #6070, 1000.000000000000000 ) ;
#4634 = APPROVAL_ROLE ( '' ) ;
#4635 = DIRECTION ( 'NONE',  ( 0.0000000000000000000, 0.0000000000000000000, 1.000000000000000000 ) ) ;
#4636 = ORIENTED_EDGE ( 'NONE', *, *, #1695, .F. ) ;
#4637 = EDGE_CURVE ( 'NONE', #384, #4244, #3098, .T. ) ;
#4638 = ORIENTED_EDGE ( 'NONE', *, *, #11338, .T. ) ;
#4639 = ORIENTED_EDGE ( 'NONE', *, *, #9723, .F. ) ;
#4640 = DIRECTION ( 'NONE',  ( 3.179095945533921600E-016, -1.000000000000000000, 0.0000000000000000000 ) ) ;
#4641 = VECTOR ( 'NONE', #3903, 999.9999999999998900 ) ;
#4642 = VECTOR ( 'NONE', #6823, 1000.000000000000000 ) ;
#4643 = DIRECTION ( 'NONE',  ( -4.823982726551475700E-016, -1.000000000000000000, 0.0000000000000000000 ) ) ;
#4644 = AXIS2_PLACEMENT_3D ( 'NONE', #2977, #1908, #11079 ) ;
#4645 = EDGE_LOOP ( 'NONE', ( #3312, #5381, #3336, #5940 ) ) ;
#4646 = CARTESIAN_POINT ( 'NONE',  ( 68.30999999999059500, -2.882859445469490500, 250.0000000000000000 ) ) ;
#4647 = AXIS2_PLACEMENT_3D ( 'NONE', #8683, #3096, #9592 ) ;
#4648 = ORIENTED_EDGE ( 'NONE', *, *, #8974, .T. ) ;
#4649 = VECTOR ( 'NONE', #11002, 1000.000000000000000 ) ;
#4650 = DIRECTION ( 'NONE',  ( -0.0000000000000000000, -0.0000000000000000000, -1.000000000000000000 ) ) ;
#4651 = FACE_OUTER_BOUND ( 'NONE', #2710, .T. ) ;
#4652 = EDGE_CURVE ( 'NONE', #474, #6287, #7661, .T. ) ;
#4653 = CARTESIAN_POINT ( 'NONE',  ( -7.660000000000000100, -26.56036512018241400, 250.0000000000000000 ) ) ;
#4654 = DIRECTION ( 'NONE',  ( 1.000000000000000000, -2.832201593432359000E-014, 0.0000000000000000000 ) ) ;
#4655 = EDGE_CURVE ( 'NONE', #11504, #7988, #10796, .T. ) ;
#4656 = CARTESIAN_POINT ( 'NONE',  ( 17.89999999991255600, -19.99036512018248500, 250.0000000000000000 ) ) ;
#4657 = ORIENTED_EDGE ( 'NONE', *, *, #4280, .F. ) ;
#4658 = VECTOR ( 'NONE', #411, 1000.000000000000000 ) ;
#4659 = DIRECTION ( 'NONE',  ( 0.0000000000000000000, 0.0000000000000000000, 1.000000000000000000 ) ) ;
#4660 = EDGE_CURVE ( 'NONE', #9851, #6500, #2796, .T. ) ;
#4661 = CARTESIAN_POINT ( 'NONE',  ( 8.200000000014338000, -5.496196365999258800, 250.0000000000000000 ) ) ;
#4662 = VECTOR ( 'NONE', #1983, 1000.000000000000000 ) ;
#4663 = CARTESIAN_POINT ( 'NONE',  ( 37.15175855260161300, -16.08952446469493200, 250.0000000000000000 ) ) ;
#4664 = DIRECTION ( 'NONE',  ( 0.0000000000000000000, 1.000000000000000000, -0.0000000000000000000 ) ) ;
#4665 = CARTESIAN_POINT ( 'NONE',  ( 69.99999999999418800, -24.89759383445705900, 250.0000000000000000 ) ) ;
#4666 = LINE ( 'NONE', #592, #2239 ) ;
#4667 = APPLICATION_PROTOCOL_DEFINITION ( 'international standard', 'config_control_design', 1994, #5633 ) ;
#4668 = PLANE ( 'NONE',  #573 ) ;
#4669 = LINE ( 'NONE', #10990, #2961 ) ;
#4670 = EDGE_CURVE ( 'NONE', #1479, #8969, #10503, .T. ) ;
#4671 = EDGE_CURVE ( 'NONE', #10160, #6670, #410, .T. ) ;
#4672 = VECTOR ( 'NONE', #3996, 1000.000000000000000 ) ;
#4673 = DIRECTION ( 'NONE',  ( -0.0000000000000000000, 1.000000000000000000, -0.0000000000000000000 ) ) ;
#4674 = DIRECTION ( 'NONE',  ( -0.0000000000000000000, -0.0000000000000000000, -1.000000000000000000 ) ) ;
#4675 = CARTESIAN_POINT ( 'NONE',  ( 7.309634879817814100, -28.19036512018228900, 250.0000000000000000 ) ) ;
#4676 = ORIENTED_EDGE ( 'NONE', *, *, #2747, .F. ) ;
#4677 = CIRCLE ( 'NONE', #5470, 1.504043068364636900 ) ;
#4678 = ADVANCED_FACE ( 'NONE', ( #9368 ), #131, .F. ) ;
#4679 = PLANE ( 'NONE',  #10231 ) ;
#4680 = DIRECTION ( 'NONE',  ( -0.7071067811865459100, 0.7071067811865491300, 0.0000000000000000000 ) ) ;
#4681 = CYLINDRICAL_SURFACE ( 'NONE', #10076, 0.8000000000000827600 ) ;
#4682 = LINE ( 'NONE', #579, #6392 ) ;
#4683 = EDGE_CURVE ( 'NONE', #2711, #3000, #2519, .T. ) ;
#4684 = EDGE_CURVE ( 'NONE', #7806, #7409, #8089, .T. ) ;
#4685 = ORIENTED_EDGE ( 'NONE', *, *, #4423, .F. ) ;
#4686 = ORIENTED_EDGE ( 'NONE', *, *, #11684, .F. ) ;
#4687 = ORIENTED_EDGE ( 'NONE', *, *, #10188, .F. ) ;
#4688 = CIRCLE ( 'NONE', #1755, 0.7900000000000033700 ) ;
#4689 = LINE ( 'NONE', #6842, #7841 ) ;
#4690 = AXIS2_PLACEMENT_3D ( 'NONE', #9369, #6639, #8455 ) ;
#4691 = DIRECTION ( 'NONE',  ( 0.0000000000000000000, 0.0000000000000000000, 1.000000000000000000 ) ) ;
#4692 = VECTOR ( 'NONE', #866, 1000.000000000000000 ) ;
#4693 = DIRECTION ( 'NONE',  ( -5.484285338767178500E-012, 1.000000000000000000, 0.0000000000000000000 ) ) ;
#4694 = DIRECTION ( 'NONE',  ( 1.000000000000000000, 0.0000000000000000000, 0.0000000000000000000 ) ) ;
#4695 = DIRECTION ( 'NONE',  ( -0.0000000000000000000, -0.0000000000000000000, -1.000000000000000000 ) ) ;
#4696 = CARTESIAN_POINT ( 'NONE',  ( 54.50397484464128400, 6.565966396540218000, 250.0000000000000000 ) ) ;
#4697 = ORIENTED_EDGE ( 'NONE', *, *, #3263, .T. ) ;
#4698 = ORIENTED_EDGE ( 'NONE', *, *, #10354, .F. ) ;
#4699 = ORIENTED_EDGE ( 'NONE', *, *, #7491, .T. ) ;
#4700 = LINE ( 'NONE', #839, #9407 ) ;
#4701 = FACE_OUTER_BOUND ( 'NONE', #9285, .T. ) ;
#4702 = CARTESIAN_POINT ( 'NONE',  ( 39.88915761646221400, -23.89285944546705000, 250.0000000000000000 ) ) ;
#4703 = LINE ( 'NONE', #11422, #2275 ) ;
#4704 = LINE ( 'NONE', #4622, #746 ) ;
#4705 = DIRECTION ( 'NONE',  ( 1.000000000000000000, 1.327592674600509100E-015, 0.0000000000000000000 ) ) ;
#4706 = CARTESIAN_POINT ( 'NONE',  ( 27.31926974553754300, -26.23036512018296700, 0.0000000000000000000 ) ) ;
#4707 = ADVANCED_FACE ( 'NONE', ( #11522, #3514, #1134, #9650, #6503, #8954, #1672, #7375, #9508, #1404, #848, #5524, #6225, #11665, #5665, #703, #2374, #9087 ), #10151, .T. ) ;
#4708 = CARTESIAN_POINT ( 'NONE',  ( 4.341302591949444800, 9.778249236954939900, 250.0000000000000000 ) ) ;
#4709 = ORIENTED_EDGE ( 'NONE', *, *, #5293, .T. ) ;
#4710 = ORIENTED_EDGE ( 'NONE', *, *, #7109, .T. ) ;
#4711 = VERTEX_POINT ( 'NONE', #4739 ) ;
#4713 = EDGE_LOOP ( 'NONE', ( #7633, #9043, #7599, #11201 ) ) ;
#4712 = DIRECTION ( 'NONE',  ( -0.7071067811865471300, 0.7071067811865479100, -0.0000000000000000000 ) ) ;
#4714 = CARTESIAN_POINT ( 'NONE',  ( 68.19999999999419100, -7.297745508358056900, 250.0000000000000000 ) ) ;
#4715 = FACE_OUTER_BOUND ( 'NONE', #2418, .T. ) ;
#4716 = LINE ( 'NONE', #3928, #6998 ) ;
#4717 = EDGE_CURVE ( 'NONE', #2775, #9469, #3800, .T. ) ;
#4718 = CARTESIAN_POINT ( 'NONE',  ( 24.33106189458026900, -29.75605054513136600, 0.0000000000000000000 ) ) ;
#4719 = ORIENTED_EDGE ( 'NONE', *, *, #11657, .T. ) ;
#4720 = VERTEX_POINT ( 'NONE', #5822 ) ;
#4721 = ORIENTED_EDGE ( 'NONE', *, *, #6496, .F. ) ;
#4722 = EDGE_LOOP ( 'NONE', ( #2556, #2259, #2833, #5696 ) ) ;
#4723 = ORIENTED_EDGE ( 'NONE', *, *, #4065, .F. ) ;
#4724 = EDGE_CURVE ( 'NONE', #6955, #9576, #2235, .T. ) ;
#4725 = VERTEX_POINT ( 'NONE', #1948 ) ;
#4726 = CARTESIAN_POINT ( 'NONE',  ( -6.570000000007158100, 7.667983149782571700, 250.0000000000000000 ) ) ;
#4727 = EDGE_CURVE ( 'NONE', #9130, #2043, #6927, .T. ) ;
#4728 = LINE ( 'NONE', #4170, #5321 ) ;
#4729 = LINE ( 'NONE', #1562, #1474 ) ;
#4730 = AXIS2_PLACEMENT_3D ( 'NONE', #3719, #9192, #1891 ) ;
#4731 = VERTEX_POINT ( 'NONE', #7654 ) ;
#4732 = DIRECTION ( 'NONE',  ( 5.406564086636840100E-014, 1.000000000000000000, -0.0000000000000000000 ) ) ;
#4733 = PLANE ( 'NONE',  #9919 ) ;
#4734 = CARTESIAN_POINT ( 'NONE',  ( 56.09999999999428200, 2.836663079479063000, 250.0000000000000000 ) ) ;
#4735 = VERTEX_POINT ( 'NONE', #8659 ) ;
#4736 = VERTEX_POINT ( 'NONE', #9518 ) ;
#4737 = ORIENTED_EDGE ( 'NONE', *, *, #723, .T. ) ;
#4738 = VERTEX_POINT ( 'NONE', #9484 ) ;
#4739 = CARTESIAN_POINT ( 'NONE',  ( -3.900000000000004800, -20.09619636599925100, 250.0000000000000000 ) ) ;
#4740 = CARTESIAN_POINT ( 'NONE',  ( 62.82907852443339900, -23.89285944546705000, 250.0000000000000000 ) ) ;
#4741 = DIRECTION ( 'NONE',  ( 0.0000000000000000000, 1.000000000000000000, 0.0000000000000000000 ) ) ;
#4742 = ADVANCED_FACE ( 'NONE', ( #4953 ), #1498, .F. ) ;
#4743 = CARTESIAN_POINT ( 'NONE',  ( 68.19999999999419100, -22.88036512018231500, 0.0000000000000000000 ) ) ;
#4744 = LINE ( 'NONE', #11323, #7011 ) ;
#4745 = VECTOR ( 'NONE', #3969, 1000.000000000000000 ) ;
#4746 = EDGE_CURVE ( 'NONE', #4936, #340, #10220, .T. ) ;
#4747 = EDGE_CURVE ( 'NONE', #6735, #11587, #9220, .T. ) ;
#4748 = DIRECTION ( 'NONE',  ( -0.7092036161358116200, 0.7050037098199472000, 0.0000000000000000000 ) ) ;
#4749 = EDGE_LOOP ( 'NONE', ( #9859, #5333, #3684, #10047 ) ) ;
#4750 = VERTEX_POINT ( 'NONE', #1413 ) ;
#4751 = ORIENTED_EDGE ( 'NONE', *, *, #11706, .F. ) ;
#4752 = VERTEX_POINT ( 'NONE', #4063 ) ;
#4753 = AXIS2_PLACEMENT_3D ( 'NONE', #8149, #2683, #5520 ) ;
#4754 = CARTESIAN_POINT ( 'NONE',  ( -2.829078524439200900, -23.89285944546705000, 250.0000000000000000 ) ) ;
#4755 = CARTESIAN_POINT ( 'NONE',  ( 56.09999999997984300, -17.16832557109312100, 0.0000000000000000000 ) ) ;
#4756 = DIRECTION ( 'NONE',  ( -0.0000000000000000000, -0.0000000000000000000, -1.000000000000000000 ) ) ;
#4757 = ORIENTED_EDGE ( 'NONE', *, *, #9038, .F. ) ;
#4758 = CARTESIAN_POINT ( 'NONE',  ( -6.559999999985606700, -5.496196365999260500, 250.0000000000000000 ) ) ;
#4759 = FACE_OUTER_BOUND ( 'NONE', #1363, .T. ) ;
#4760 = CIRCLE ( 'NONE', #7211, 0.7900000000000042500 ) ;
#4761 = CARTESIAN_POINT ( 'NONE',  ( 24.91005050634261400, -9.990365120182433500, 0.0000000000000000000 ) ) ;
#4762 = ORIENTED_EDGE ( 'NONE', *, *, #10252, .F. ) ;
#4763 = ORIENTED_EDGE ( 'NONE', *, *, #4231, .T. ) ;
#4764 = ORIENTED_EDGE ( 'NONE', *, *, #10241, .F. ) ;
#4765 = CARTESIAN_POINT ( 'NONE',  ( -9.999999999992834200, 8.505591811452930500, 250.0000000000000000 ) ) ;
#4766 = EDGE_CURVE ( 'NONE', #7358, #684, #11388, .T. ) ;
#4767 = EDGE_CURVE ( 'NONE', #3852, #428, #1950, .T. ) ;
#4768 = CARTESIAN_POINT ( 'NONE',  ( -8.499999999999992900, -28.49036512018231400, 250.0000000000000000 ) ) ;
#4769 = ORIENTED_EDGE ( 'NONE', *, *, #6291, .F. ) ;
#4770 = LINE ( 'NONE', #1379, #6894 ) ;
#4771 = DIRECTION ( 'NONE',  ( 0.0000000000000000000, -1.000000000000000000, 0.0000000000000000000 ) ) ;
#4772 = DIRECTION ( 'NONE',  ( 7.032947442170062000E-013, -1.000000000000000000, 0.0000000000000000000 ) ) ;
#4773 = LINE ( 'NONE', #11232, #9196 ) ;
#4774 = LINE ( 'NONE', #1139, #1645 ) ;
#4775 = CARTESIAN_POINT ( 'NONE',  ( -6.559999999985583600, 5.495853944692208300, 250.0000000000000000 ) ) ;
#4776 = AXIS2_PLACEMENT_3D ( 'NONE', #8973, #5391, #11731 ) ;
#4777 = DIRECTION ( 'NONE',  ( -0.0000000000000000000, -0.0000000000000000000, -1.000000000000000000 ) ) ;
#4778 = ADVANCED_FACE ( 'NONE', ( #3244 ), #1452, .F. ) ;
#4779 = ORIENTED_EDGE ( 'NONE', *, *, #4975, .T. ) ;
#4780 = ORIENTED_EDGE ( 'NONE', *, *, #1514, .T. ) ;
#4781 = ORIENTED_EDGE ( 'NONE', *, *, #6510, .T. ) ;
#4782 = DIRECTION ( 'NONE',  ( 1.000000000000000000, 0.0000000000000000000, 0.0000000000000000000 ) ) ;
#4783 = CIRCLE ( 'NONE', #9656, 0.7899999999999990400 ) ;
#4784 = CARTESIAN_POINT ( 'NONE',  ( 47.30000001409307200, -11.79869069127881800, 250.0000000000000000 ) ) ;
#4785 = DIRECTION ( 'NONE',  ( 0.7071067811865475700, -0.7071067811865475700, 0.0000000000000000000 ) ) ;
#4786 = DIRECTION ( 'NONE',  ( -0.7072143353591022800, -0.7069992106520227600, 0.0000000000000000000 ) ) ;
#4787 = LINE ( 'NONE', #4801, #4217 ) ;
#4788 = AXIS2_PLACEMENT_3D ( 'NONE', #1911, #7407, #2781 ) ;
#4789 = DIRECTION ( 'NONE',  ( -0.0000000000000000000, -1.000000000000000000, -0.0000000000000000000 ) ) ;
#4790 = CARTESIAN_POINT ( 'NONE',  ( 6.559999999999942800, -5.496196365999260500, 0.0000000000000000000 ) ) ;
#4791 = ORIENTED_EDGE ( 'NONE', *, *, #869, .F. ) ;
#4792 = CARTESIAN_POINT ( 'NONE',  ( 59.99999999999418800, 0.009634879817567443300, 250.0000000000000000 ) ) ;
#4793 = VERTEX_POINT ( 'NONE', #461 ) ;
#4794 = VERTEX_POINT ( 'NONE', #3308 ) ;
#4795 = CYLINDRICAL_SURFACE ( 'NONE', #3932, 1.500000000000001300 ) ;
#4796 = DIRECTION ( 'NONE',  ( -1.000000000000000000, 0.0000000000000000000, 0.0000000000000000000 ) ) ;
#4797 = FACE_OUTER_BOUND ( 'NONE', #2622, .T. ) ;
#4798 = CARTESIAN_POINT ( 'NONE',  ( 51.79999999999418500, -2.882859445469489600, 0.0000000000000000000 ) ) ;
#4799 = CARTESIAN_POINT ( 'NONE',  ( -8.200000000000002800, 6.577983149782563800, 0.0000000000000000000 ) ) ;
#4800 = DIRECTION ( 'NONE',  ( 0.7480608505139900700, 0.6636301409130586100, -0.0000000000000000000 ) ) ;
#4801 = CARTESIAN_POINT ( 'NONE',  ( 68.19999999999419100, -12.68988765921544000, 250.0000000000000000 ) ) ;
#4802 = EDGE_CURVE ( 'NONE', #489, #11142, #7362, .T. ) ;
#4803 = DIRECTION ( 'NONE',  ( 1.777677119522225100E-015, 1.000000000000000000, -0.0000000000000000000 ) ) ;
#4804 = DIRECTION ( 'NONE',  ( -0.0000000000000000000, -0.0000000000000000000, -1.000000000000000000 ) ) ;
#4805 = ORIENTED_EDGE ( 'NONE', *, *, #6343, .F. ) ;
#4806 = LINE ( 'NONE', #262, #8244 ) ;
#4807 = DATE_AND_TIME ( #2517, #704 ) ;
#4808 = LINE ( 'NONE', #8240, #263 ) ;
#4809 = AXIS2_PLACEMENT_3D ( 'NONE', #1068, #11121, #3855 ) ;
#4810 = ADVANCED_FACE ( 'NONE', ( #5383 ), #5947, .F. ) ;
#4811 = DIRECTION ( 'NONE',  ( -0.7078322512429712200, 0.7063805660550885900, -0.0000000000000000000 ) ) ;
#4812 = AXIS2_PLACEMENT_3D ( 'NONE', #164, #7483, #11159 ) ;
#4813 = DIRECTION ( 'NONE',  ( 1.000000000000000000, -0.0000000000000000000, -0.0000000000000000000 ) ) ;
#4814 = CARTESIAN_POINT ( 'NONE',  ( 39.88915761646221400, -23.89285944546705000, 250.0000000000000000 ) ) ;
#4815 = ORIENTED_EDGE ( 'NONE', *, *, #5373, .T. ) ;
#4816 = LINE ( 'NONE', #1417, #10664 ) ;
#4817 = EDGE_CURVE ( 'NONE', #3644, #4414, #3506, .T. ) ;
#4818 = VECTOR ( 'NONE', #4712, 1000.000000000000000 ) ;
#4819 = VECTOR ( 'NONE', #6979, 1000.000000000000100 ) ;
#4820 = ORIENTED_EDGE ( 'NONE', *, *, #6717, .T. ) ;
#4821 = CARTESIAN_POINT ( 'NONE',  ( -8.200000000000002800, 8.207983149782574400, 0.0000000000000000000 ) ) ;
#4822 = EDGE_CURVE ( 'NONE', #2863, #3165, #11656, .T. ) ;
#4823 = DIRECTION ( 'NONE',  ( 1.057758217049727200E-015, 1.000000000000000000, -0.0000000000000000000 ) ) ;
#4824 = CARTESIAN_POINT ( 'NONE',  ( 66.55999999999414700, -25.49370204071641800, 0.0000000000000000000 ) ) ;
#4825 = CARTESIAN_POINT ( 'NONE',  ( -9.999999999999994700, -28.49036512018231400, 250.0000000000000000 ) ) ;
#4826 = VECTOR ( 'NONE', #3789, 1000.000000000000000 ) ;
#4827 = AXIS2_PLACEMENT_3D ( 'NONE', #2443, #9663, #1517 ) ;
#4828 = LINE ( 'NONE', #11380, #10370 ) ;
#4829 = LINE ( 'NONE', #10496, #1282 ) ;
#4830 = CARTESIAN_POINT ( 'NONE',  ( -8.200000000000002800, 8.207983149782574400, 250.0000000000000000 ) ) ;
#4831 = PLANE ( 'NONE',  #10618 ) ;
#4832 = ORIENTED_EDGE ( 'NONE', *, *, #1617, .T. ) ;
#4833 = ADVANCED_FACE ( 'NONE', ( #10648 ), #4986, .F. ) ;
#4834 = ORIENTED_EDGE ( 'NONE', *, *, #10803, .T. ) ;
#4835 = VERTEX_POINT ( 'NONE', #3237 ) ;
#4836 = CARTESIAN_POINT ( 'NONE',  ( -6.559999999999963200, -25.49370204071641800, 250.0000000000000000 ) ) ;
#4837 = EDGE_CURVE ( 'NONE', #4750, #9427, #111, .T. ) ;
#4838 = EDGE_CURVE ( 'NONE', #5433, #6670, #10787, .T. ) ;
#4839 = VECTOR ( 'NONE', #5922, 1000.000000000000000 ) ;
#4840 = CARTESIAN_POINT ( 'NONE',  ( 14.50996632757433800, -13.42992900131775100, 250.0000000000000000 ) ) ;
#4841 = VECTOR ( 'NONE', #222, 1000.000000000000000 ) ;
#4842 = AXIS2_PLACEMENT_3D ( 'NONE', #8872, #11533, #4355 ) ;
#4843 = VERTEX_POINT ( 'NONE', #6794 ) ;
#4844 = ORIENTED_EDGE ( 'NONE', *, *, #2079, .T. ) ;
#4845 = ORIENTED_EDGE ( 'NONE', *, *, #6928, .T. ) ;
#4846 = LINE ( 'NONE', #8330, #8858 ) ;
#4847 = CARTESIAN_POINT ( 'NONE',  ( 62.83500212322299900, 3.907140554540113400, 0.0000000000000000000 ) ) ;
#4848 = ORIENTED_EDGE ( 'NONE', *, *, #8556, .T. ) ;
#4849 = DIRECTION ( 'NONE',  ( 0.0000000000000000000, -0.0000000000000000000, 1.000000000000000000 ) ) ;
#4850 = LINE ( 'NONE', #6888, #6126 ) ;
#4851 = DIRECTION ( 'NONE',  ( -0.0000000000000000000, -0.0000000000000000000, -1.000000000000000000 ) ) ;
#4852 = LINE ( 'NONE', #838, #23 ) ;
#4853 = CARTESIAN_POINT ( 'NONE',  ( 50.78999999999418700, 4.899745738432866200, 0.0000000000000000000 ) ) ;
#4854 = VERTEX_POINT ( 'NONE', #10509 ) ;
#4855 = ORIENTED_EDGE ( 'NONE', *, *, #10989, .F. ) ;
#4856 = VERTEX_POINT ( 'NONE', #4229 ) ;
#4857 = CARTESIAN_POINT ( 'NONE',  ( 57.11731176518218700, 8.319634879817504800, 0.0000000000000000000 ) ) ;
#4858 = DIRECTION ( 'NONE',  ( 1.000000000000000000, 0.0000000000000000000, 0.0000000000000000000 ) ) ;
#4859 = VECTOR ( 'NONE', #9177, 1000.000000000000000 ) ;
#4860 = FACE_OUTER_BOUND ( 'NONE', #2257, .T. ) ;
#4861 = ADVANCED_FACE ( 'NONE', ( #398 ), #3420, .T. ) ;
#4862 = CARTESIAN_POINT ( 'NONE',  ( 15.08862915010184300, -29.19036512018207900, 250.0000000000000000 ) ) ;
#4863 = EDGE_CURVE ( 'NONE', #3876, #6735, #5800, .T. ) ;
#4864 = ORIENTED_EDGE ( 'NONE', *, *, #1504, .F. ) ;
#4865 = ORIENTED_EDGE ( 'NONE', *, *, #2066, .F. ) ;
#4866 = ORIENTED_EDGE ( 'NONE', *, *, #10615, .T. ) ;
#4867 = VERTEX_POINT ( 'NONE', #3661 ) ;
#4868 = DIRECTION ( 'NONE',  ( -0.0000000000000000000, 1.000000000000000000, -0.0000000000000000000 ) ) ;
#4869 = CARTESIAN_POINT ( 'NONE',  ( 8.200000000000006400, 6.577983149782563800, 250.0000000000000000 ) ) ;
#4870 = CARTESIAN_POINT ( 'NONE',  ( 57.15999999999182500, -16.08952252493459100, 0.0000000000000000000 ) ) ;
#4871 = LINE ( 'NONE', #1129, #6149 ) ;
#4872 = PLANE ( 'NONE',  #9802 ) ;
#4873 = VECTOR ( 'NONE', #2574, 1000.000000000000100 ) ;
#4874 = DIRECTION ( 'NONE',  ( 0.0000000000000000000, 0.0000000000000000000, 1.000000000000000000 ) ) ;
#4875 = AXIS2_PLACEMENT_3D ( 'NONE', #48, #5528, #11032 ) ;
#4876 = VERTEX_POINT ( 'NONE', #2830 ) ;
#4877 = AXIS2_PLACEMENT_3D ( 'NONE', #5009, #11402, #5938 ) ;
#4878 = CARTESIAN_POINT ( 'NONE',  ( 53.42999999998703200, 8.207983149782574400, 250.0000000000000000 ) ) ;
#4879 = VERTEX_POINT ( 'NONE', #8343 ) ;
#4880 = ORIENTED_EDGE ( 'NONE', *, *, #10817, .T. ) ;
#4881 = ORIENTED_EDGE ( 'NONE', *, *, #3581, .F. ) ;
#4882 = VERTEX_POINT ( 'NONE', #10938 ) ;
#4883 = CARTESIAN_POINT ( 'NONE',  ( 69.99999999999418800, -24.89759383445705900, 250.0000000000000000 ) ) ;
#4884 = EDGE_CURVE ( 'NONE', #9683, #7290, #5239, .T. ) ;
#4885 = VECTOR ( 'NONE', #5609, 1000.000000000000100 ) ;
#4886 = LINE ( 'NONE', #8493, #5178 ) ;
#4887 = CARTESIAN_POINT ( 'NONE',  ( 45.50333692052829800, -28.19036512018228900, 250.0000000000000000 ) ) ;
#4888 = CARTESIAN_POINT ( 'NONE',  ( 51.50404306835882600, 10.00963487981756800, 250.0000000000000000 ) ) ;
#4889 = CARTESIAN_POINT ( 'NONE',  ( 52.33999999998702200, 6.577983149782563800, 0.0000000000000000000 ) ) ;
#4890 = DIRECTION ( 'NONE',  ( 0.0000000000000000000, -0.0000000000000000000, 1.000000000000000000 ) ) ;
#4891 = EDGE_CURVE ( 'NONE', #682, #3726, #8816, .T. ) ;
#4892 = EDGE_LOOP ( 'NONE', ( #3313, #10597, #3585, #5024 ) ) ;
#4893 = ORIENTED_EDGE ( 'NONE', *, *, #10458, .F. ) ;
#4894 = VERTEX_POINT ( 'NONE', #2860 ) ;
#4895 = EDGE_LOOP ( 'NONE', ( #9706, #6869, #769, #5594 ) ) ;
#4896 = EDGE_CURVE ( 'NONE', #3026, #9852, #10940, .T. ) ;
#4897 = CARTESIAN_POINT ( 'NONE',  ( 66.24000000000135900, -12.68988765921544000, 250.0000000000000000 ) ) ;
#4898 = ORIENTED_EDGE ( 'NONE', *, *, #3987, .F. ) ;
#4899 = ADVANCED_FACE ( 'NONE', ( #4946 ), #5824, .F. ) ;
#4900 = AXIS2_PLACEMENT_3D ( 'NONE', #10955, #7241, #1795 ) ;
#4901 = LINE ( 'NONE', #6787, #10897 ) ;
#4902 = LINE ( 'NONE', #7172, #6884 ) ;
#4903 = PLANE ( 'NONE',  #7239 ) ;
#4904 = DIRECTION ( 'NONE',  ( 0.7092036161358108400, 0.7050037098199480900, 0.0000000000000000000 ) ) ;
#4905 = DIRECTION ( 'NONE',  ( 0.0000000000000000000, 0.0000000000000000000, 1.000000000000000000 ) ) ;
#4906 = DIRECTION ( 'NONE',  ( -4.810863916118015400E-016, -1.000000000000000000, 0.0000000000000000000 ) ) ;
#4907 = DIRECTION ( 'NONE',  ( 0.7071067811865474600, -0.7071067811865474600, -0.0000000000000000000 ) ) ;
#4908 = ORIENTED_EDGE ( 'NONE', *, *, #8414, .F. ) ;
#4909 = VERTEX_POINT ( 'NONE', #3867 ) ;
#4910 = ORIENTED_EDGE ( 'NONE', *, *, #9330, .T. ) ;
#4911 = EDGE_LOOP ( 'NONE', ( #4305, #6459, #9318, #2717 ) ) ;
#4912 = FACE_OUTER_BOUND ( 'NONE', #2296, .T. ) ;
#4913 = EDGE_CURVE ( 'NONE', #6611, #2775, #7947, .T. ) ;
#4914 = EDGE_CURVE ( 'NONE', #4210, #10084, #8945, .T. ) ;
#4915 = FACE_OUTER_BOUND ( 'NONE', #2308, .T. ) ;
#4916 = LINE ( 'NONE', #9624, #5772 ) ;
#4917 = DIRECTION ( 'NONE',  ( -0.7071067811865491300, 0.7071067811865459100, -0.0000000000000000000 ) ) ;
#4918 = AXIS2_PLACEMENT_3D ( 'NONE', #3303, #4228, #4890 ) ;
#4919 = DIRECTION ( 'NONE',  ( -0.0000000000000000000, -0.0000000000000000000, -1.000000000000000000 ) ) ;
#4920 = CARTESIAN_POINT ( 'NONE',  ( 3.900000000014339600, -22.83451117550332300, 0.0000000000000000000 ) ) ;
#4921 = ORIENTED_EDGE ( 'NONE', *, *, #8820, .T. ) ;
#4922 = ORIENTED_EDGE ( 'NONE', *, *, #6881, .T. ) ;
#4923 = LINE ( 'NONE', #10202, #4631 ) ;
#4924 = DIRECTION ( 'NONE',  ( 0.7071067811865687800, 0.7071067811865263700, 0.0000000000000000000 ) ) ;
#4925 = VECTOR ( 'NONE', #9711, 1000.000000000000000 ) ;
#4926 = VECTOR ( 'NONE', #8426, 1000.000000000000000 ) ;
#4927 = CARTESIAN_POINT ( 'NONE',  ( 67.66000000000136100, 6.577983149782563800, 250.0000000000000000 ) ) ;
#4928 = ADVANCED_FACE ( 'NONE', ( #1540 ), #2509, .F. ) ;
#4929 = VERTEX_POINT ( 'NONE', #8002 ) ;
#4930 = EDGE_CURVE ( 'NONE', #340, #7808, #8220, .T. ) ;
#4931 = EDGE_CURVE ( 'NONE', #9418, #9160, #7799, .T. ) ;
#4932 = CARTESIAN_POINT ( 'NONE',  ( 37.15175855260161300, -16.08952446469493200, 0.0000000000000000000 ) ) ;
#4933 = ORIENTED_EDGE ( 'NONE', *, *, #3831, .F. ) ;
#4934 = CARTESIAN_POINT ( 'NONE',  ( 37.11132034355090800, -11.68036512018329300, 250.0000000000000000 ) ) ;
#4935 = CARTESIAN_POINT ( 'NONE',  ( 2.882688234812009800, 8.319634879817504800, 250.0000000000000000 ) ) ;
#4936 = VERTEX_POINT ( 'NONE', #2613 ) ;
#4937 = ORIENTED_EDGE ( 'NONE', *, *, #2841, .T. ) ;
#4938 = LINE ( 'NONE', #7952, #5228 ) ;
#4939 = VECTOR ( 'NONE', #10977, 1000.000000000000100 ) ;
#4940 = CARTESIAN_POINT ( 'NONE',  ( 59.99999999999418800, 0.009634879817567443300, 250.0000000000000000 ) ) ;
#4941 = CARTESIAN_POINT ( 'NONE',  ( -3.805222007298974900, -20.00141837329822200, 250.0000000000000000 ) ) ;
#4942 = DIRECTION ( 'NONE',  ( 1.000000000000000000, 0.0000000000000000000, 0.0000000000000000000 ) ) ;
#4943 = DIRECTION ( 'NONE',  ( -1.000000000000000000, 0.0000000000000000000, 0.0000000000000000000 ) ) ;
#4944 = CARTESIAN_POINT ( 'NONE',  ( 62.83500212322299900, -3.901602146817069200, 250.0000000000000000 ) ) ;
#4945 = LINE ( 'NONE', #26, #8217 ) ;
#4946 = FACE_OUTER_BOUND ( 'NONE', #952, .T. ) ;
#4947 = CARTESIAN_POINT ( 'NONE',  ( 5.503336920534022300, -26.55128087389479300, 250.0000000000000000 ) ) ;
#4948 = ORIENTED_EDGE ( 'NONE', *, *, #7983, .F. ) ;
#4949 = VECTOR ( 'NONE', #10626, 1000.000000000000100 ) ;
#4950 = CARTESIAN_POINT ( 'NONE',  ( 57.16499787675104500, 3.907140554540113400, 250.0000000000000000 ) ) ;
#4951 = CARTESIAN_POINT ( 'NONE',  ( 57.15999999999182500, -16.08952252493459100, 250.0000000000000000 ) ) ;
#4952 = ADVANCED_FACE ( 'NONE', ( #4651 ), #8997, .T. ) ;
#4953 = FACE_OUTER_BOUND ( 'NONE', #10398, .T. ) ;
#4954 = DIRECTION ( 'NONE',  ( -0.0000000000000000000, -0.0000000000000000000, -1.000000000000000000 ) ) ;
#4955 = COORDINATED_UNIVERSAL_TIME_OFFSET ( 2, 0, .AHEAD. ) ;
#4956 = VERTEX_POINT ( 'NONE', #5379 ) ;
#4957 = CARTESIAN_POINT ( 'NONE',  ( 24.89674731952995400, -29.19036512018168100, 0.0000000000000000000 ) ) ;
#4958 = ORIENTED_EDGE ( 'NONE', *, *, #8781, .T. ) ;
#4959 = VECTOR ( 'NONE', #6676, 1000.000000000000100 ) ;
#4960 = CARTESIAN_POINT ( 'NONE',  ( -6.570000000007158100, 7.667983149782571700, 0.0000000000000000000 ) ) ;
#4961 = EDGE_CURVE ( 'NONE', #9590, #3020, #695, .T. ) ;
#4962 = DIRECTION ( 'NONE',  ( -0.7295601560796135500, -0.6839166459891804500, 0.0000000000000000000 ) ) ;
#4963 = LINE ( 'NONE', #93, #2804 ) ;
#4964 = CARTESIAN_POINT ( 'NONE',  ( 24.91005050634261400, -9.990365120182433500, 250.0000000000000000 ) ) ;
#4965 = DIRECTION ( 'NONE',  ( -1.000000000000000000, 0.0000000000000000000, 0.0000000000000000000 ) ) ;
#4966 = VECTOR ( 'NONE', #1435, 1000.000000000000100 ) ;
#4967 = DIRECTION ( 'NONE',  ( -0.0000000000000000000, 1.000000000000000000, -0.0000000000000000000 ) ) ;
#4968 = ORIENTED_EDGE ( 'NONE', *, *, #7829, .T. ) ;
#4969 = CARTESIAN_POINT ( 'NONE',  ( -3.899999999985570600, 2.836663079479063000, 250.0000000000000000 ) ) ;
#4970 = ORIENTED_EDGE ( 'NONE', *, *, #231, .T. ) ;
#4971 = LINE ( 'NONE', #9132, #8833 ) ;
#4972 = LINE ( 'NONE', #7611, #8392 ) ;
#4973 = CARTESIAN_POINT ( 'NONE',  ( 51.79999999999418500, 8.207983149782574400, 250.0000000000000000 ) ) ;
#4974 = CARTESIAN_POINT ( 'NONE',  ( 52.33999999998702200, 6.577983149782563800, 0.0000000000000000000 ) ) ;
#4975 = EDGE_CURVE ( 'NONE', #3726, #7590, #3374, .T. ) ;
#4976 = AXIS2_PLACEMENT_3D ( 'NONE', #889, #8223, #4598 ) ;
#4977 = DIRECTION ( 'NONE',  ( -0.0000000000000000000, -0.0000000000000000000, -1.000000000000000000 ) ) ;
#4978 = VECTOR ( 'NONE', #11290, 1000.000000000000000 ) ;
#4979 = DIRECTION ( 'NONE',  ( 0.7071067811865445800, -0.7071067811865503500, 0.0000000000000000000 ) ) ;
#4980 = ADVANCED_FACE ( 'NONE', ( #1807 ), #2685, .F. ) ;
#4981 = AXIS2_PLACEMENT_3D ( 'NONE', #9909, #891, #4337 ) ;
#4982 = CARTESIAN_POINT ( 'NONE',  ( 63.89999999999420100, -20.09619636599925100, 250.0000000000000000 ) ) ;
#4983 = ORIENTED_EDGE ( 'NONE', *, *, #11139, .T. ) ;
#4984 = VERTEX_POINT ( 'NONE', #10979 ) ;
#4985 = EDGE_LOOP ( 'NONE', ( #7744, #7797, #5796, #8421 ) ) ;
#4986 = PLANE ( 'NONE',  #4375 ) ;
#4987 = VECTOR ( 'NONE', #4977, 1000.000000000000000 ) ;
#4988 = LINE ( 'NONE', #9362, #11419 ) ;
#4989 = FACE_OUTER_BOUND ( 'NONE', #6476, .T. ) ;
#4990 = DIRECTION ( 'NONE',  ( 2.846725704166561300E-014, -1.000000000000000000, -0.0000000000000000000 ) ) ;
#4991 = DIRECTION ( 'NONE',  ( -0.0000000000000000000, -0.0000000000000000000, -1.000000000000000000 ) ) ;
#4992 = EDGE_CURVE ( 'NONE', #10639, #8856, #980, .T. ) ;
#4993 = EDGE_CURVE ( 'NONE', #6955, #9316, #6774, .T. ) ;
#4994 = ORIENTED_EDGE ( 'NONE', *, *, #5604, .T. ) ;
#4995 = VERTEX_POINT ( 'NONE', #480 ) ;
#4996 = EDGE_LOOP ( 'NONE', ( #11288, #381, #5906, #9343 ) ) ;
#4997 = FACE_BOUND ( 'NONE', #5031, .T. ) ;
#4998 = CARTESIAN_POINT ( 'NONE',  ( -7.660000000000000100, -26.56036512018241400, 0.0000000000000000000 ) ) ;
#4999 = LINE ( 'NONE', #6688, #6132 ) ;
#5000 = VECTOR ( 'NONE', #344, 999.9999999999998900 ) ;
#5001 = VECTOR ( 'NONE', #3390, 1000.000000000000000 ) ;
#5002 = DIRECTION ( 'NONE',  ( 0.7071067811865474600, 0.7071067811865476800, -0.0000000000000000000 ) ) ;
#5003 = DIRECTION ( 'NONE',  ( 0.0000000000000000000, 1.000000000000000000, 0.0000000000000000000 ) ) ;
#5004 = ORIENTED_EDGE ( 'NONE', *, *, #2953, .F. ) ;
#5005 = ORIENTED_EDGE ( 'NONE', *, *, #7530, .T. ) ;
#5006 = ORIENTED_EDGE ( 'NONE', *, *, #9797, .T. ) ;
#5007 = DIRECTION ( 'NONE',  ( 0.0000000000000000000, 1.000000000000000000, -0.0000000000000000000 ) ) ;
#5008 = EDGE_LOOP ( 'NONE', ( #6014, #11786, #8292, #4023 ) ) ;
#5009 = CARTESIAN_POINT ( 'NONE',  ( 55.65869740804474500, 9.778249236954939900, 250.0000000000000000 ) ) ;
#5010 = LINE ( 'NONE', #6341, #1322 ) ;
#5012 = ADVANCED_FACE ( 'NONE', ( #6637 ), #6897, .T. ) ;
#5011 = LINE ( 'NONE', #5416, #7431 ) ;
#5013 = CC_DESIGN_PERSON_AND_ORGANIZATION_ASSIGNMENT ( #7665, #11136, ( #1406 ) ) ;
#5014 = DIRECTION ( 'NONE',  ( -0.0000000000000000000, -0.0000000000000000000, -1.000000000000000000 ) ) ;
#5015 = ORIENTED_EDGE ( 'NONE', *, *, #2537, .F. ) ;
#5016 = CARTESIAN_POINT ( 'NONE',  ( 8.495956931635365800, 8.505591811452930500, 0.0000000000000000000 ) ) ;
#5017 = DIRECTION ( 'NONE',  ( 0.0000000000000000000, 0.0000000000000000000, 1.000000000000000000 ) ) ;
#5018 = ORIENTED_EDGE ( 'NONE', *, *, #6967, .F. ) ;
#5019 = ORIENTED_EDGE ( 'NONE', *, *, #2660, .T. ) ;
#5020 = ORIENTED_EDGE ( 'NONE', *, *, #9960, .T. ) ;
#5021 = VERTEX_POINT ( 'NONE', #7753 ) ;
#5022 = ORIENTED_EDGE ( 'NONE', *, *, #9101, .T. ) ;
#5023 = CARTESIAN_POINT ( 'NONE',  ( 17.16956179095151900, -16.08952446469493200, 250.0000000000000000 ) ) ;
#5024 = ORIENTED_EDGE ( 'NONE', *, *, #4357, .T. ) ;
#5025 = CARTESIAN_POINT ( 'NONE',  ( -3.805222007298974900, -20.00141837329822200, 250.0000000000000000 ) ) ;
#5026 = VECTOR ( 'NONE', #7022, 1000.000000000000000 ) ;
#5027 = VECTOR ( 'NONE', #3381, 1000.000000000000000 ) ;
#5028 = CARTESIAN_POINT ( 'NONE',  ( 10.00000000000716800, -9.990365120182433500, 250.0000000000000000 ) ) ;
#5029 = EDGE_CURVE ( 'NONE', #4022, #8883, #8514, .T. ) ;
#5030 = EDGE_LOOP ( 'NONE', ( #6578, #896, #9074, #3549 ) ) ;
#5031 = EDGE_LOOP ( 'NONE', ( #7120, #9308, #11589, #5539, #5775 ) ) ;
#5032 = VERTEX_POINT ( 'NONE', #435 ) ;
#5033 = VERTEX_POINT ( 'NONE', #527 ) ;
#5034 = EDGE_LOOP ( 'NONE', ( #5747, #2820, #5686, #4446 ) ) ;
#5035 = DIRECTION ( 'NONE',  ( 0.0000000000000000000, 0.0000000000000000000, 1.000000000000000000 ) ) ;
#5036 = DIRECTION ( 'NONE',  ( -0.7071067811865687800, 0.7071067811865263700, 0.0000000000000000000 ) ) ;
#5037 = VECTOR ( 'NONE', #3960, 1000.000000000000000 ) ;
#5038 = FACE_OUTER_BOUND ( 'NONE', #2580, .T. ) ;
#5039 = AXIS2_PLACEMENT_3D ( 'NONE', #8727, #7845, #2372 ) ;
#5040 = PLANE ( 'NONE',  #7700 ) ;
#5041 = VERTEX_POINT ( 'NONE', #1428 ) ;
#5042 = ORIENTED_EDGE ( 'NONE', *, *, #2669, .F. ) ;
#5043 = ORIENTED_EDGE ( 'NONE', *, *, #6776, .F. ) ;
#5044 = EDGE_CURVE ( 'NONE', #6733, #14, #8078, .T. ) ;
#5045 = VERTEX_POINT ( 'NONE', #7954 ) ;
#5046 = ADVANCED_FACE ( 'NONE', ( #4079 ), #10855, .T. ) ;
#5047 = DIRECTION ( 'NONE',  ( -0.0000000000000000000, -0.0000000000000000000, -1.000000000000000000 ) ) ;
#5048 = ORIENTED_EDGE ( 'NONE', *, *, #3655, .F. ) ;
#5049 = CARTESIAN_POINT ( 'NONE',  ( 37.15084280695820200, -23.89285944546705000, 250.0000000000000000 ) ) ;
#5050 = VECTOR ( 'NONE', #9495, 1000.000000000000000 ) ;
#5051 = LINE ( 'NONE', #3155, #7607 ) ;
#5052 = CARTESIAN_POINT ( 'NONE',  ( 59.89332615890590000, 3.907140554540114300, 250.0000000000000000 ) ) ;
#5053 = EDGE_CURVE ( 'NONE', #4547, #5933, #1942, .T. ) ;
#5054 = DIRECTION ( 'NONE',  ( -0.0000000000000000000, -0.0000000000000000000, -1.000000000000000000 ) ) ;
#5055 = EDGE_CURVE ( 'NONE', #4867, #3700, #11235, .T. ) ;
#5056 = CARTESIAN_POINT ( 'NONE',  ( -6.559999999999973000, -14.50165173002494800, 250.0000000000000000 ) ) ;
#5057 = EDGE_LOOP ( 'NONE', ( #4126, #473 ) ) ;
#5058 = CARTESIAN_POINT ( 'NONE',  ( 42.82952246339918600, -23.89285944546705000, 250.0000000000000000 ) ) ;
#5059 = AXIS2_PLACEMENT_3D ( 'NONE', #10669, #6121, #4184 ) ;
#5060 = EDGE_LOOP ( 'NONE', ( #2688, #7872, #7443, #1642 ) ) ;
#5061 = VECTOR ( 'NONE', #10238, 1000.000000000000000 ) ;
#5062 = DIRECTION ( 'NONE',  ( -0.7078322512429711100, 0.7063805660550885900, -0.0000000000000000000 ) ) ;
#5063 = CARTESIAN_POINT ( 'NONE',  ( 65.48871339015163100, -28.19036512018228900, 0.0000000000000000000 ) ) ;
#5064 = VECTOR ( 'NONE', #2759, 1000.000000000000100 ) ;
#5065 = FACE_OUTER_BOUND ( 'NONE', #6248, .T. ) ;
#5066 = CARTESIAN_POINT ( 'NONE',  ( 50.23431457504495500, -4.338544870422320600, 0.0000000000000000000 ) ) ;
#5067 = ORIENTED_EDGE ( 'NONE', *, *, #10997, .T. ) ;
#5068 = EDGE_CURVE ( 'NONE', #8856, #5548, #2225, .T. ) ;
#5069 = EDGE_CURVE ( 'NONE', #4116, #3538, #6494, .T. ) ;
#5070 = VERTEX_POINT ( 'NONE', #1265 ) ;
#5071 = ORIENTED_EDGE ( 'NONE', *, *, #2430, .T. ) ;
#5072 = VECTOR ( 'NONE', #3698, 1000.000000000000000 ) ;
#5073 = CARTESIAN_POINT ( 'NONE',  ( 68.19999999999419100, -7.297745508358056900, 250.0000000000000000 ) ) ;
#5074 = LINE ( 'NONE', #10332, #5219 ) ;
#5075 = AXIS2_PLACEMENT_3D ( 'NONE', #6667, #3971, #1292 ) ;
#5076 = DIRECTION ( 'NONE',  ( -1.000000000000000000, 0.0000000000000000000, 0.0000000000000000000 ) ) ;
#5077 = ADVANCED_FACE ( 'NONE', ( #1262 ), #8532, .F. ) ;
#5078 = CARTESIAN_POINT ( 'NONE',  ( 6.559999999999918800, 5.495853944692208300, 250.0000000000000000 ) ) ;
#5079 = ORIENTED_EDGE ( 'NONE', *, *, #1861, .F. ) ;
#5080 = DIRECTION ( 'NONE',  ( 0.0000000000000000000, 0.0000000000000000000, -1.000000000000000000 ) ) ;
#5081 = ORIENTED_EDGE ( 'NONE', *, *, #3604, .F. ) ;
#5082 = CARTESIAN_POINT ( 'NONE',  ( 65.48871339015163100, -28.19036512018228900, 250.0000000000000000 ) ) ;
#5083 = ORIENTED_EDGE ( 'NONE', *, *, #3764, .F. ) ;
#5084 = ORIENTED_EDGE ( 'NONE', *, *, #2315, .F. ) ;
#5085 = DIRECTION ( 'NONE',  ( -0.0000000000000000000, -0.0000000000000000000, -1.000000000000000000 ) ) ;
#5086 = LINE ( 'NONE', #6376, #5791 ) ;
#5087 = CARTESIAN_POINT ( 'NONE',  ( 39.89007336210561000, -16.08952446469493200, 250.0000000000000000 ) ) ;
#5088 = EDGE_CURVE ( 'NONE', #2360, #6026, #11381, .T. ) ;
#5089 = EDGE_CURVE ( 'NONE', #9696, #4455, #3790, .T. ) ;
#5090 = DIRECTION ( 'NONE',  ( -0.0000000000000000000, -1.000000000000000000, -0.0000000000000000000 ) ) ;
#5091 = CARTESIAN_POINT ( 'NONE',  ( 60.08871339015073700, -23.89285944546705000, 250.0000000000000000 ) ) ;
#5092 = DIRECTION ( 'NONE',  ( -1.000000000000000000, 0.0000000000000000000, 0.0000000000000000000 ) ) ;
#5093 = VECTOR ( 'NONE', #7497, 1000.000000000000000 ) ;
#5094 = CARTESIAN_POINT ( 'NONE',  ( 17.17047753659499800, -23.89285944546705000, 250.0000000000000000 ) ) ;
#5095 = LINE ( 'NONE', #9511, #10352 ) ;
#5096 = CARTESIAN_POINT ( 'NONE',  ( 32.68073025445621500, -11.79036512018218900, 0.0000000000000000000 ) ) ;
#5097 = DIRECTION ( 'NONE',  ( -1.000000000000000000, 0.0000000000000000000, 0.0000000000000000000 ) ) ;
#5098 = CARTESIAN_POINT ( 'NONE',  ( 35.66893810541392200, -29.75605054513136600, 250.0000000000000000 ) ) ;
#5099 = EDGE_CURVE ( 'NONE', #516, #9513, #8364, .T. ) ;
#5100 = VERTEX_POINT ( 'NONE', #2261 ) ;
#5101 = FACE_OUTER_BOUND ( 'NONE', #7861, .T. ) ;
#5102 = DIRECTION ( 'NONE',  ( -0.0000000000000000000, -0.0000000000000000000, -1.000000000000000000 ) ) ;
#5103 = ADVANCED_FACE ( 'NONE', ( #7652 ), #7902, .F. ) ;
#5104 = VECTOR ( 'NONE', #996, 1000.000000000000000 ) ;
#5105 = AXIS2_PLACEMENT_3D ( 'NONE', #416, #10430, #4979 ) ;
#5106 = VECTOR ( 'NONE', #8955, 1000.000000000000000 ) ;
#5107 = PLANE ( 'NONE',  #4395 ) ;
#5108 = CARTESIAN_POINT ( 'NONE',  ( 3.799157404752007600, 0.009634879817567443300, 250.0000000000000000 ) ) ;
#5109 = DIRECTION ( 'NONE',  ( 1.000000000000000000, 0.0000000000000000000, 0.0000000000000000000 ) ) ;
#5110 = FACE_OUTER_BOUND ( 'NONE', #10583, .T. ) ;
#5111 = DIRECTION ( 'NONE',  ( 0.7071067811865474600, -0.7071067811865474600, 0.0000000000000000000 ) ) ;
#5112 = EDGE_CURVE ( 'NONE', #5045, #9130, #11074, .T. ) ;
#5113 = CARTESIAN_POINT ( 'NONE',  ( 68.19999999999419100, 6.577983149782563800, 250.0000000000000000 ) ) ;
#5114 = CARTESIAN_POINT ( 'NONE',  ( -8.200000000000002800, 2.882517024154526400, 250.0000000000000000 ) ) ;
#5115 = LINE ( 'NONE', #2662, #2678 ) ;
#5116 = DIRECTION ( 'NONE',  ( 0.0000000000000000000, -0.0000000000000000000, -1.000000000000000000 ) ) ;
#5117 = LINE ( 'NONE', #1549, #2682 ) ;
#5118 = EDGE_CURVE ( 'NONE', #2729, #5890, #4365, .T. ) ;
#5119 = DIRECTION ( 'NONE',  ( 0.7071067811865459100, 0.7071067811865491300, 0.0000000000000000000 ) ) ;
#5120 = EDGE_CURVE ( 'NONE', #441, #1373, #9643, .T. ) ;
#5121 = ORIENTED_EDGE ( 'NONE', *, *, #1821, .T. ) ;
#5122 = ORIENTED_EDGE ( 'NONE', *, *, #1846, .F. ) ;
#5123 = VECTOR ( 'NONE', #3214, 1000.000000000000000 ) ;
#5124 = CARTESIAN_POINT ( 'NONE',  ( 35.08994949365157400, -9.990365120182433500, 250.0000000000000000 ) ) ;
#5125 = AXIS2_PLACEMENT_3D ( 'NONE', #4463, #4388, #8870 ) ;
#5126 = CIRCLE ( 'NONE', #8043, 0.7899999999999990400 ) ;
#5127 = DIRECTION ( 'NONE',  ( 3.848691132894412300E-015, 1.000000000000000000, 0.0000000000000000000 ) ) ;
#5128 = LINE ( 'NONE', #4575, #7253 ) ;
#5129 = DIRECTION ( 'NONE',  ( -0.0000000000000000000, -0.0000000000000000000, -1.000000000000000000 ) ) ;
#5130 = PLANE ( 'NONE',  #394 ) ;
#5131 = ADVANCED_FACE ( 'NONE', ( #4797 ), #5304, .F. ) ;
#5132 = EDGE_LOOP ( 'NONE', ( #1083, #8904, #9641, #229 ) ) ;
#5133 = ORIENTED_EDGE ( 'NONE', *, *, #9006, .F. ) ;
#5134 = ORIENTED_EDGE ( 'NONE', *, *, #8767, .F. ) ;
#5135 = LINE ( 'NONE', #258, #300 ) ;
#5136 = CARTESIAN_POINT ( 'NONE',  ( 35.08994949365157400, -9.990365120182433500, 250.0000000000000000 ) ) ;
#5137 = CARTESIAN_POINT ( 'NONE',  ( 15.65431457505122000, -29.75605054513145500, 0.0000000000000000000 ) ) ;
#5138 = EDGE_CURVE ( 'NONE', #1863, #9272, #1932, .T. ) ;
#5139 = EDGE_CURVE ( 'NONE', #4429, #428, #547, .T. ) ;
#5140 = ORIENTED_EDGE ( 'NONE', *, *, #1399, .F. ) ;
#5141 = CARTESIAN_POINT ( 'NONE',  ( -6.559999999999973000, -14.50165173002494800, 250.0000000000000000 ) ) ;
#5142 = VECTOR ( 'NONE', #10904, 1000.000000000000000 ) ;
#5143 = CARTESIAN_POINT ( 'NONE',  ( 2.882688234812009800, 8.207983149782574400, 250.0000000000000000 ) ) ;
#5144 = LINE ( 'NONE', #6887, #8713 ) ;
#5145 = DIRECTION ( 'NONE',  ( -1.000000000000000000, -0.0000000000000000000, -0.0000000000000000000 ) ) ;
#5146 = ORIENTED_EDGE ( 'NONE', *, *, #4747, .T. ) ;
#5147 = ORIENTED_EDGE ( 'NONE', *, *, #9700, .F. ) ;
#5148 = ORIENTED_EDGE ( 'NONE', *, *, #1591, .F. ) ;
#5149 = CARTESIAN_POINT ( 'NONE',  ( 14.50996632757433800, -13.42992900131775100, 250.0000000000000000 ) ) ;
#5150 = CARTESIAN_POINT ( 'NONE',  ( 47.30000001409307200, -13.75036510608260100, 250.0000000000000000 ) ) ;
#5151 = VECTOR ( 'NONE', #7692, 1000.000000000000000 ) ;
#5152 = LINE ( 'NONE', #5266, #2715 ) ;
#5153 = DIRECTION ( 'NONE',  ( -1.000000000000000000, 0.0000000000000000000, 0.0000000000000000000 ) ) ;
#5154 = EDGE_CURVE ( 'NONE', #11629, #7150, #1534, .T. ) ;
#5155 = EDGE_CURVE ( 'NONE', #1001, #4307, #10637, .T. ) ;
#5156 = DIRECTION ( 'NONE',  ( -0.0000000000000000000, -0.0000000000000000000, -1.000000000000000000 ) ) ;
#5157 = DIRECTION ( 'NONE',  ( 0.0000000000000000000, 1.000000000000000000, 0.0000000000000000000 ) ) ;
#5158 = EDGE_LOOP ( 'NONE', ( #7963, #2624, #9026, #10865 ) ) ;
#5159 = ORIENTED_EDGE ( 'NONE', *, *, #10550, .T. ) ;
#5160 = ORIENTED_EDGE ( 'NONE', *, *, #8117, .F. ) ;
#5161 = ORIENTED_EDGE ( 'NONE', *, *, #8333, .T. ) ;
#5162 = ADVANCED_FACE ( 'NONE', ( #7936 ), #8278, .T. ) ;
#5163 = VECTOR ( 'NONE', #11228, 1000.000000000000000 ) ;
#5164 = VECTOR ( 'NONE', #1968, 1000.000000000000000 ) ;
#5165 = CARTESIAN_POINT ( 'NONE',  ( 25.50201657697738600, -11.79036512018251400, 0.0000000000000000000 ) ) ;
#5166 = DIRECTION ( 'NONE',  ( 4.823982726551470700E-016, -1.000000000000000000, 0.0000000000000000000 ) ) ;
#5167 = PLANE ( 'NONE',  #8542 ) ;
#5168 = VERTEX_POINT ( 'NONE', #3385 ) ;
#5169 = ORIENTED_EDGE ( 'NONE', *, *, #9055, .T. ) ;
#5170 = ORIENTED_EDGE ( 'NONE', *, *, #2078, .T. ) ;
#5171 = ORIENTED_EDGE ( 'NONE', *, *, #9559, .T. ) ;
#5172 = ORIENTED_EDGE ( 'NONE', *, *, #3049, .F. ) ;
#5173 = CARTESIAN_POINT ( 'NONE',  ( 12.69999998590111900, -11.79869069127881800, 250.0000000000000000 ) ) ;
#5174 = AXIS2_PLACEMENT_3D ( 'NONE', #2633, #6295, #5320 ) ;
#5175 = CARTESIAN_POINT ( 'NONE',  ( 2.882688234812009800, 8.319634879817504800, 0.0000000000000000000 ) ) ;
#5176 = CARTESIAN_POINT ( 'NONE',  ( 22.84915719303598500, -23.89285944546705000, 0.0000000000000000000 ) ) ;
#5177 = VECTOR ( 'NONE', #9539, 1000.000000000000000 ) ;
#5178 = VECTOR ( 'NONE', #9400, 1000.000000000000000 ) ;
#5179 = PLANE ( 'NONE',  #4570 ) ;
#5180 = CARTESIAN_POINT ( 'NONE',  ( 66.55999999999416200, -14.50165173002494800, 250.0000000000000000 ) ) ;
#5181 = CARTESIAN_POINT ( 'NONE',  ( 57.10999999999427200, -28.30036512018227400, 0.0000000000000000000 ) ) ;
#5182 = DIRECTION ( 'NONE',  ( -1.000000000000000000, 0.0000000000000000000, 0.0000000000000000000 ) ) ;
#5183 = ORIENTED_EDGE ( 'NONE', *, *, #6685, .F. ) ;
#5184 = VERTEX_POINT ( 'NONE', #10141 ) ;
#5185 = EDGE_LOOP ( 'NONE', ( #8500, #7467, #10459, #2927 ) ) ;
#5186 = ORIENTED_EDGE ( 'NONE', *, *, #4914, .T. ) ;
#5187 = ORIENTED_EDGE ( 'NONE', *, *, #1161, .T. ) ;
#5188 = PLANE ( 'NONE',  #6351 ) ;
#5189 = VECTOR ( 'NONE', #2457, 1000.000000000000000 ) ;
#5190 = LINE ( 'NONE', #1420, #655 ) ;
#5191 = CARTESIAN_POINT ( 'NONE',  ( 6.238124910961452100, -7.297745508358056900, 250.0000000000000000 ) ) ;
#5192 = CARTESIAN_POINT ( 'NONE',  ( 2.882688234812009800, 8.319634879817504800, 0.0000000000000000000 ) ) ;
#5193 = CARTESIAN_POINT ( 'NONE',  ( 68.49999999999418800, -28.49036512018231400, 250.0000000000000000 ) ) ;
#5194 = ORIENTED_EDGE ( 'NONE', *, *, #10792, .T. ) ;
#5195 = ADVANCED_FACE ( 'NONE', ( #3080 ), #834, .F. ) ;
#5196 = EDGE_LOOP ( 'NONE', ( #9628, #8601, #2611, #10131 ) ) ;
#5197 = CARTESIAN_POINT ( 'NONE',  ( 25.48871339015736100, -28.19036512018228900, 0.0000000000000000000 ) ) ;
#5198 = ORIENTED_EDGE ( 'NONE', *, *, #1650, .T. ) ;
#5199 = DIRECTION ( 'NONE',  ( -0.0000000000000000000, -0.0000000000000000000, -1.000000000000000000 ) ) ;
#5200 = EDGE_CURVE ( 'NONE', #6427, #2407, #9207, .T. ) ;
#5201 = DIRECTION ( 'NONE',  ( 0.0000000000000000000, -0.0000000000000000000, -1.000000000000000000 ) ) ;
#5202 = ORIENTED_EDGE ( 'NONE', *, *, #9638, .F. ) ;
#5203 = LINE ( 'NONE', #150, #1903 ) ;
#5204 = CARTESIAN_POINT ( 'NONE',  ( 2.835002123243146600, -3.901602146817069200, 250.0000000000000000 ) ) ;
#5205 = VECTOR ( 'NONE', #7795, 1000.000000000000000 ) ;
#5206 = VECTOR ( 'NONE', #9503, 1000.000000000000000 ) ;
#5207 = DIRECTION ( 'NONE',  ( 0.0000000000000000000, -0.0000000000000000000, -1.000000000000000000 ) ) ;
#5208 = ORIENTED_EDGE ( 'NONE', *, *, #3517, .F. ) ;
#5209 = ORIENTED_EDGE ( 'NONE', *, *, #9167, .F. ) ;
#5210 = CARTESIAN_POINT ( 'NONE',  ( -8.200000000000002800, 6.577983149782563800, 250.0000000000000000 ) ) ;
#5211 = CARTESIAN_POINT ( 'NONE',  ( -4.892738061582322800, -29.20049802947366400, 250.0000000000000000 ) ) ;
#5212 = VERTEX_POINT ( 'NONE', #1179 ) ;
#5213 = CARTESIAN_POINT ( 'NONE',  ( 57.17092147554064500, -23.89285944546705000, 250.0000000000000000 ) ) ;
#5214 = LINE ( 'NONE', #1873, #956 ) ;
#5215 = EDGE_CURVE ( 'NONE', #7553, #10217, #9927, .T. ) ;
#5216 = AXIS2_PLACEMENT_3D ( 'NONE', #8112, #3611, #11161 ) ;
#5217 = CARTESIAN_POINT ( 'NONE',  ( 32.68073025445671200, -28.19036512018301400, 0.0000000000000000000 ) ) ;
#5218 = CIRCLE ( 'NONE', #10985, 1.504043068364644000 ) ;
#5219 = VECTOR ( 'NONE', #2956, 1000.000000000000000 ) ;
#5220 = DIRECTION ( 'NONE',  ( 0.0000000000000000000, -1.000000000000000000, 0.0000000000000000000 ) ) ;
#5221 = DIRECTION ( 'NONE',  ( 0.0000000000000000000, 0.0000000000000000000, 1.000000000000000000 ) ) ;
#5222 = ORIENTED_EDGE ( 'NONE', *, *, #6695, .T. ) ;
#5223 = CARTESIAN_POINT ( 'NONE',  ( 22.88867965644328400, -11.68036512018329300, 250.0000000000000000 ) ) ;
#5224 = DIRECTION ( 'NONE',  ( -0.0000000000000000000, -0.0000000000000000000, -1.000000000000000000 ) ) ;
#5225 = PLANE ( 'NONE',  #9814 ) ;
#5226 = ORIENTED_EDGE ( 'NONE', *, *, #8668, .F. ) ;
#5227 = ORIENTED_EDGE ( 'NONE', *, *, #4471, .F. ) ;
#5228 = VECTOR ( 'NONE', #1544, 1000.000000000000000 ) ;
#5229 = PLANE ( 'NONE',  #626 ) ;
#5230 = LINE ( 'NONE', #3835, #6919 ) ;
#5231 = ADVANCED_FACE ( 'NONE', ( #7505 ), #2337, .T. ) ;
#5232 = EDGE_CURVE ( 'NONE', #8031, #7929, #252, .T. ) ;
#5233 = EDGE_CURVE ( 'NONE', #10190, #3026, #11372, .T. ) ;
#5234 = ORIENTED_EDGE ( 'NONE', *, *, #3891, .T. ) ;
#5235 = LINE ( 'NONE', #951, #5799 ) ;
#5236 = CARTESIAN_POINT ( 'NONE',  ( -9.999999999992832400, 4.899745738432866200, 0.0000000000000000000 ) ) ;
#5237 = DIRECTION ( 'NONE',  ( -1.000000000000000000, 0.0000000000000000000, 0.0000000000000000000 ) ) ;
#5238 = CARTESIAN_POINT ( 'NONE',  ( 25.48871339015736100, -28.19036512018228900, 250.0000000000000000 ) ) ;
#5239 = LINE ( 'NONE', #5545, #6217 ) ;
#5240 = PLANE ( 'NONE',  #3042 ) ;
#5241 = DIRECTION ( 'NONE',  ( -0.0000000000000000000, -0.0000000000000000000, -1.000000000000000000 ) ) ;
#5242 = LINE ( 'NONE', #4387, #6222 ) ;
#5243 = CARTESIAN_POINT ( 'NONE',  ( 56.09999999997984300, -17.16832557109312100, 250.0000000000000000 ) ) ;
#5244 = LINE ( 'NONE', #799, #5953 ) ;
#5245 = DIRECTION ( 'NONE',  ( -0.0000000000000000000, 1.000000000000000000, -0.0000000000000000000 ) ) ;
#5246 = DIRECTION ( 'NONE',  ( 0.7073987682501932100, -0.7068146735022621300, 0.0000000000000000000 ) ) ;
#5247 = CALENDAR_DATE ( 2015, 31, 3 ) ;
#5248 = PLANE ( 'NONE',  #4360 ) ;
#5249 = DIRECTION ( 'NONE',  ( 0.0000000000000000000, -1.000000000000000000, 0.0000000000000000000 ) ) ;
#5250 = ORIENTED_EDGE ( 'NONE', *, *, #8574, .T. ) ;
#5251 = VECTOR ( 'NONE', #8580, 1000.000000000000000 ) ;
#5252 = DIRECTION ( 'NONE',  ( -0.7073987682501932100, 0.7068146735022621300, -0.0000000000000000000 ) ) ;
#5253 = LINE ( 'NONE', #2732, #9674 ) ;
#5254 = DIRECTION ( 'NONE',  ( -0.0000000000000000000, -0.0000000000000000000, -1.000000000000000000 ) ) ;
#5255 = PLANE ( 'NONE',  #11180 ) ;
#5256 = EDGE_CURVE ( 'NONE', #7258, #5908, #2363, .T. ) ;
#5257 = LINE ( 'NONE', #2689, #11675 ) ;
#5258 = DIRECTION ( 'NONE',  ( 0.0000000000000000000, 1.000000000000000000, 0.0000000000000000000 ) ) ;
#5259 = VERTEX_POINT ( 'NONE', #9146 ) ;
#5260 = LINE ( 'NONE', #1361, #3115 ) ;
#5261 = AXIS2_PLACEMENT_3D ( 'NONE', #7327, #5426, #2704 ) ;
#5262 = VECTOR ( 'NONE', #9208, 1000.000000000000000 ) ;
#5263 = AXIS2_PLACEMENT_3D ( 'NONE', #5522, #7429, #6470 ) ;
#5264 = FACE_OUTER_BOUND ( 'NONE', #5863, .T. ) ;
#5265 = DIRECTION ( 'NONE',  ( -1.000000000000000000, 2.761305597428294600E-014, 0.0000000000000000000 ) ) ;
#5266 = CARTESIAN_POINT ( 'NONE',  ( 64.90722871426893900, -29.99036512018231800, 0.0000000000000000000 ) ) ;
#5267 = CARTESIAN_POINT ( 'NONE',  ( 68.19999999999419100, 6.577983149782563800, 250.0000000000000000 ) ) ;
#5268 = EDGE_CURVE ( 'NONE', #7847, #4725, #4227, .T. ) ;
#5269 = DIRECTION ( 'NONE',  ( -0.0000000000000000000, -0.0000000000000000000, -1.000000000000000000 ) ) ;
#5270 = ORIENTED_EDGE ( 'NONE', *, *, #1244, .T. ) ;
#5271 = DIRECTION ( 'NONE',  ( 2.447266433964285900E-014, 1.000000000000000000, 0.0000000000000000000 ) ) ;
#5272 = VERTEX_POINT ( 'NONE', #1047 ) ;
#5273 = VERTEX_POINT ( 'NONE', #1081 ) ;
#5274 = VECTOR ( 'NONE', #11480, 1000.000000000000000 ) ;
#5275 = CARTESIAN_POINT ( 'NONE',  ( 55.08862915009573400, -29.19036512018225000, 250.0000000000000000 ) ) ;
#5276 = LINE ( 'NONE', #7052, #5689 ) ;
#5277 = EDGE_CURVE ( 'NONE', #1209, #2134, #5086, .T. ) ;
#5278 = VECTOR ( 'NONE', #8404, 1000.000000000000000 ) ;
#5279 = ADVANCED_FACE ( 'NONE', ( #5378 ), #6198, .F. ) ;
#5280 = DIRECTION ( 'NONE',  ( -0.0000000000000000000, 0.0000000000000000000, -1.000000000000000000 ) ) ;
#5281 = EDGE_CURVE ( 'NONE', #3633, #631, #3638, .T. ) ;
#5282 = CARTESIAN_POINT ( 'NONE',  ( 51.79999999999418500, 2.882517024154526400, 250.0000000000000000 ) ) ;
#5283 = VERTEX_POINT ( 'NONE', #4488 ) ;
#5284 = ORIENTED_EDGE ( 'NONE', *, *, #7802, .T. ) ;
#5285 = ORIENTED_EDGE ( 'NONE', *, *, #11220, .T. ) ;
#5286 = DIRECTION ( 'NONE',  ( -0.7071067811865475700, 0.7071067811865475700, 0.0000000000000000000 ) ) ;
#5287 = LINE ( 'NONE', #2213, #5274 ) ;
#5288 = DIRECTION ( 'NONE',  ( 0.0000000000000000000, -1.000000000000000000, 0.0000000000000000000 ) ) ;
#5289 = VECTOR ( 'NONE', #7383, 1000.000000000000000 ) ;
#5290 = FACE_OUTER_BOUND ( 'NONE', #5365, .T. ) ;
#5291 = CARTESIAN_POINT ( 'NONE',  ( -6.559999999999963200, -25.49370204071641800, 0.0000000000000000000 ) ) ;
#5292 = CARTESIAN_POINT ( 'NONE',  ( 3.900000000014339600, -22.83451117550332300, 250.0000000000000000 ) ) ;
#5293 = EDGE_CURVE ( 'NONE', #1143, #10288, #4509, .T. ) ;
#5294 = EDGE_CURVE ( 'NONE', #6561, #7910, #687, .T. ) ;
#5295 = DIRECTION ( 'NONE',  ( 0.7062202859695079200, -0.7079921664009754000, -0.0000000000000000000 ) ) ;
#5296 = VERTEX_POINT ( 'NONE', #767 ) ;
#5297 = ORIENTED_EDGE ( 'NONE', *, *, #5603, .F. ) ;
#5298 = VERTEX_POINT ( 'NONE', #1779 ) ;
#5299 = ORIENTED_EDGE ( 'NONE', *, *, #7858, .T. ) ;
#5300 = CARTESIAN_POINT ( 'NONE',  ( -5.496025155338566400, 8.207983149782574400, 250.0000000000000000 ) ) ;
#5301 = AXIS2_PLACEMENT_3D ( 'NONE', #6765, #1340, #8621 ) ;
#5302 = VECTOR ( 'NONE', #2755, 1000.000000000000000 ) ;
#5303 = VECTOR ( 'NONE', #3679, 1000.000000000000000 ) ;
#5304 = PLANE ( 'NONE',  #6502 ) ;
#5305 = ORIENTED_EDGE ( 'NONE', *, *, #5958, .F. ) ;
#5306 = ORIENTED_EDGE ( 'NONE', *, *, #4151, .T. ) ;
#5307 = ORIENTED_EDGE ( 'NONE', *, *, #2229, .T. ) ;
#5308 = ORIENTED_EDGE ( 'NONE', *, *, #6737, .T. ) ;
#5309 = ORIENTED_EDGE ( 'NONE', *, *, #7110, .T. ) ;
#5310 = ORIENTED_EDGE ( 'NONE', *, *, #3925, .T. ) ;
#5311 = DIRECTION ( 'NONE',  ( 0.7071067811865481300, 0.7071067811865470200, 0.0000000000000000000 ) ) ;
#5312 = CARTESIAN_POINT ( 'NONE',  ( 17.12330324810052700, -11.78952446469386800, 0.0000000000000000000 ) ) ;
#5313 = DIRECTION ( 'NONE',  ( -0.0000000000000000000, -0.0000000000000000000, -1.000000000000000000 ) ) ;
#5314 = ORIENTED_EDGE ( 'NONE', *, *, #10535, .T. ) ;
#5315 = ADVANCED_FACE ( 'NONE', ( #10928 ), #6266, .T. ) ;
#5316 = ORIENTED_EDGE ( 'NONE', *, *, #1110, .T. ) ;
#5317 = EDGE_CURVE ( 'NONE', #9741, #10111, #2220, .T. ) ;
#5318 = EDGE_CURVE ( 'NONE', #600, #11475, #5230, .T. ) ;
#5319 = CARTESIAN_POINT ( 'NONE',  ( 17.10999999999999200, -28.19036512018223600, 250.0000000000000000 ) ) ;
#5320 = DIRECTION ( 'NONE',  ( 0.0000000000000000000, 0.0000000000000000000, -1.000000000000000000 ) ) ;
#5321 = VECTOR ( 'NONE', #9750, 1000.000000000000000 ) ;
#5322 = VECTOR ( 'NONE', #11410, 1000.000000000000100 ) ;
#5323 = CLOSED_SHELL ( 'NONE', ( #4206, #4356, #584, #8389, #1686, #9377, #2516, #4707, #6728, #11456, #2131, #1766, #2373, #3525, #6996, #5345, #3041, #334, #11191, #11534, #6172, #6879, #2276, #9403, #9494, #2226, #10107, #3984, #7644, #7468, #8336, #4833, #8853, #8515, #8884, #3072, #11484, #6230, #8825, #3934, #6964, #4403, #6609, #6057, #3226, #5728, #7248, #9579, #1078, #305, #2609, #3337, #6934, #7235, #10778, #2105, #11424, #3365, #4433, #11270, #6841, #6246, #10478, #4778, #10526, #495, #7889, #7918, #10788, #7115, #3603, #3905, #7800, #7084, #3953, #2708, #3588, #4810, #1536, #2087, #11027, #10212, #6638, #893, #366, #195, #10596, #3006, #795, #7432, #11800, #9843, #10325, #2653, #953, #9988, #9460, #3786, #7581, #8998, #2763, #8665, #4080, #2467, #105, #10680, #7521, #832, #4326, #8419, #877, #3838, #6783, #3450, #5880, #3247, #8484, #1245, #5077, #702, #4017, #3542, #10237, #10748, #8155, #2693, #5616, #5946, #4292, #2248, #9878, #528, #7946, #3658, #1720, #8572, #5694, #9018, #4497, #5103, #9283, #5279, #155, #1582, #2496, #4051, #11655, #1639, #2314, #10848, #3418, #754, #2813, #6409, #6104, #11305, #2544, #3874, #3193, #2882, #5794, #3809, #8633, #7545, #1135, #11693, #8960, #1389, #1411, #6200, #4382, #7768, #2344, #1933, #1441, #8088, #10963, #11375, #11627, #4742, #11516, #556, #9793, #7183, #2641, #2946, #10006, #8215, #9065, #4899, #6081, #8608, #11744, #10178, #8730, #1955, #3480, #7133, #4238, #4179, #1222, #8912, #9764, #7669, #5411, #10447, #11087, #9052, #5645, #6277, #2055, #4260, #6473, #276, #5577, #1555, #9170, #2395, #7732, #8034, #7309, #8454, #11149, #8986, #1324, #1158, #5195, #1272, #11676, #7856, #2200, #7974, #3158, #11393, #8001, #459, #4678, #10353, #2575, #8538, #10559, #5819, #853, #4980, #5763, #6686, #2970, #5131, #5851, #6808, #725, #5919, #9934, #9113, #7694, #1704, #11563, #7617, #1754, #9320, #6580, #11245, #4861, #9734, #1002, #5046, #3097, #6761, #8098, #6518, #10403, #9701, #228, #1665, #9815, #1988, #10293, #10715, #5473, #10502, #10899, #2027, #7826, #10656, #4952, #1187, #7498, #9610, #8766, #9671, #8939, #10267, #9644, #427, #6298, #2593, #8138, #5231, #6138, #7027, #3505, #6657, #5315, #5162, #5997, #679, #10830, #4928, #4515, #5362, #1111, #6546, #1471, #10625, #5671, #6223, #6339, #10378, #5969, #9515, #8262, #3304, #2428, #11216, #11346, #8367, #7060, #1814, #4103, #9352, #3272, #1293, #2165, #1872, #649, #5397, #8692, #3120, #9435, #6353, #400, #3718, #11115, #5012, #3493, #1360, #255, #4137, #9544, #10914, #9245, #2917 ) ) ;
#5324 = AXIS2_PLACEMENT_3D ( 'NONE', #3455, #826, #7970 ) ;
#5325 = ORIENTED_EDGE ( 'NONE', *, *, #399, .F. ) ;
#5326 = ORIENTED_EDGE ( 'NONE', *, *, #1769, .F. ) ;
#5327 = ORIENTED_EDGE ( 'NONE', *, *, #6413, .T. ) ;
#5328 = ORIENTED_EDGE ( 'NONE', *, *, #1329, .T. ) ;
#5329 = ORIENTED_EDGE ( 'NONE', *, *, #2368, .F. ) ;
#5330 = DIRECTION ( 'NONE',  ( 1.000000000000000000, 0.0000000000000000000, 0.0000000000000000000 ) ) ;
#5331 = VECTOR ( 'NONE', #3772, 1000.000000000000000 ) ;
#5332 = LINE ( 'NONE', #2901, #2734 ) ;
#5333 = ORIENTED_EDGE ( 'NONE', *, *, #483, .F. ) ;
#5334 = EDGE_LOOP ( 'NONE', ( #7782, #6157, #4762, #10889 ) ) ;
#5335 = ORIENTED_EDGE ( 'NONE', *, *, #11257, .T. ) ;
#5336 = ORIENTED_EDGE ( 'NONE', *, *, #9409, .T. ) ;
#5337 = CARTESIAN_POINT ( 'NONE',  ( 64.33399082676281500, -29.75897947731955600, 250.0000000000000000 ) ) ;
#5338 = ORIENTED_EDGE ( 'NONE', *, *, #5663, .T. ) ;
#5339 = DIRECTION ( 'NONE',  ( 3.555354239044450100E-015, 1.000000000000000000, 0.0000000000000000000 ) ) ;
#5340 = DIRECTION ( 'NONE',  ( -0.7071067811865445800, 0.7071067811865503500, -0.0000000000000000000 ) ) ;
#5341 = CARTESIAN_POINT ( 'NONE',  ( 15.65431457505122000, -29.75605054513145500, 250.0000000000000000 ) ) ;
#5342 = VECTOR ( 'NONE', #8586, 1000.000000000000000 ) ;
#5343 = FACE_OUTER_BOUND ( 'NONE', #6524, .T. ) ;
#5344 = DIRECTION ( 'NONE',  ( 0.003549905670442821000, 0.9999936990650145600, -0.0000000000000000000 ) ) ;
#5345 = ADVANCED_FACE ( 'NONE', ( #2084 ), #11515, .T. ) ;
#5346 = EDGE_CURVE ( 'NONE', #3422, #5613, #10057, .T. ) ;
#5347 = VERTEX_POINT ( 'NONE', #3796 ) ;
#5348 = DIRECTION ( 'NONE',  ( -0.7071067811865465700, -0.7071067811865483500, 0.0000000000000000000 ) ) ;
#5349 = ORIENTED_EDGE ( 'NONE', *, *, #9370, .F. ) ;
#5350 = LINE ( 'NONE', #11331, #4200 ) ;
#5351 = DIRECTION ( 'NONE',  ( 1.000000000000000000, -0.0000000000000000000, -0.0000000000000000000 ) ) ;
#5352 = FACE_OUTER_BOUND ( 'NONE', #8386, .T. ) ;
#5353 = LINE ( 'NONE', #582, #1106 ) ;
#5354 = CARTESIAN_POINT ( 'NONE',  ( 55.08862915009559900, -29.99036512018235400, 250.0000000000000000 ) ) ;
#5355 = EDGE_CURVE ( 'NONE', #5070, #5762, #2651, .T. ) ;
#5356 = DIRECTION ( 'NONE',  ( -0.0000000000000000000, -0.0000000000000000000, -1.000000000000000000 ) ) ;
#5357 = CARTESIAN_POINT ( 'NONE',  ( 8.495956931635365800, 10.00963487981756800, 0.0000000000000000000 ) ) ;
#5358 = CARTESIAN_POINT ( 'NONE',  ( 68.30999999998699900, 2.882517024158107500, 0.0000000000000000000 ) ) ;
#5359 = DIRECTION ( 'NONE',  ( 0.0000000000000000000, 0.0000000000000000000, 1.000000000000000000 ) ) ;
#5360 = EDGE_CURVE ( 'NONE', #9142, #782, #11225, .T. ) ;
#5361 = ORIENTED_EDGE ( 'NONE', *, *, #8145, .F. ) ;
#5362 = ADVANCED_FACE ( 'NONE', ( #6350 ), #971, .F. ) ;
#5363 = AXIS2_PLACEMENT_3D ( 'NONE', #6504, #8314, #1100 ) ;
#5364 = VERTEX_POINT ( 'NONE', #7428 ) ;
#5365 = EDGE_LOOP ( 'NONE', ( #2498, #6981, #8548, #2546 ) ) ;
#5366 = VECTOR ( 'NONE', #2037, 1000.000000000000000 ) ;
#5367 = LINE ( 'NONE', #5709, #1243 ) ;
#5368 = DIRECTION ( 'NONE',  ( -0.7071067811865479100, 0.7071067811865470200, -0.0000000000000000000 ) ) ;
#5369 = CARTESIAN_POINT ( 'NONE',  ( 36.09036513427445000, -17.15999999999958400, 0.0000000000000000000 ) ) ;
#5370 = ORIENTED_EDGE ( 'NONE', *, *, #9724, .T. ) ;
#5371 = CARTESIAN_POINT ( 'NONE',  ( 17.10999999999999200, -28.30036512018271800, 250.0000000000000000 ) ) ;
#5372 = ORIENTED_EDGE ( 'NONE', *, *, #4107, .T. ) ;
#5373 = EDGE_CURVE ( 'NONE', #8722, #10009, #3933, .T. ) ;
#5374 = EDGE_CURVE ( 'NONE', #1863, #11763, #102, .T. ) ;
#5375 = CARTESIAN_POINT ( 'NONE',  ( 25.50783691076963000, -13.42992900131788400, 250.0000000000000000 ) ) ;
#5376 = VERTEX_POINT ( 'NONE', #8355 ) ;
#5377 = DIRECTION ( 'NONE',  ( -1.000000000000000000, 7.041459845271211500E-013, 0.0000000000000000000 ) ) ;
#5378 = FACE_OUTER_BOUND ( 'NONE', #8173, .T. ) ;
#5379 = CARTESIAN_POINT ( 'NONE',  ( 0.08871339017088544800, -23.89285944546705000, 250.0000000000000000 ) ) ;
#5380 = CARTESIAN_POINT ( 'NONE',  ( 32.68073025445671200, -28.19036512018301400, 250.0000000000000000 ) ) ;
#5381 = ORIENTED_EDGE ( 'NONE', *, *, #10570, .F. ) ;
#5382 = LINE ( 'NONE', #1148, #9225 ) ;
#5383 = FACE_OUTER_BOUND ( 'NONE', #1495, .T. ) ;
#5384 = CARTESIAN_POINT ( 'NONE',  ( 65.49602515533275900, 6.565966396540218000, 250.0000000000000000 ) ) ;
#5385 = EDGE_CURVE ( 'NONE', #9077, #5045, #10343, .T. ) ;
#5386 = EDGE_CURVE ( 'NONE', #9451, #384, #7641, .T. ) ;
#5387 = EDGE_LOOP ( 'NONE', ( #7400, #4723, #10095, #2287 ) ) ;
#5388 = CARTESIAN_POINT ( 'NONE',  ( 43.89036513427484500, -22.83073024036426800, 250.0000000000000000 ) ) ;
#5389 = AXIS2_PLACEMENT_3D ( 'NONE', #10956, #9206, #10101 ) ;
#5390 = CARTESIAN_POINT ( 'NONE',  ( 6.570000000007161700, 7.667983149782571700, 0.0000000000000000000 ) ) ;
#5391 = DIRECTION ( 'NONE',  ( 0.7071067811865475700, 0.7071067811865475700, -0.0000000000000000000 ) ) ;
#5392 = ORIENTED_EDGE ( 'NONE', *, *, #7397, .F. ) ;
#5393 = LINE ( 'NONE', #10763, #8662 ) ;
#5394 = CARTESIAN_POINT ( 'NONE',  ( 37.90000000008164000, -19.99036512018248500, 0.0000000000000000000 ) ) ;
#5395 = VECTOR ( 'NONE', #3834, 1000.000000000000000 ) ;
#5396 = VECTOR ( 'NONE', #5441, 1000.000000000000000 ) ;
#5397 = ADVANCED_FACE ( 'NONE', ( #9785 ), #5595, .T. ) ;
#5398 = CARTESIAN_POINT ( 'NONE',  ( 65.48871339015163100, -28.19036512018228900, 0.0000000000000000000 ) ) ;
#5399 = AXIS2_PLACEMENT_3D ( 'NONE', #1104, #1141, #3769 ) ;
#5400 = FACE_OUTER_BOUND ( 'NONE', #5469, .T. ) ;
#5401 = CARTESIAN_POINT ( 'NONE',  ( 57.11731176518218700, 8.319634879817504800, 0.0000000000000000000 ) ) ;
#5402 = CIRCLE ( 'NONE', #1699, 1.504043068364636900 ) ;
#5403 = DIRECTION ( 'NONE',  ( -0.0000000000000000000, -0.0000000000000000000, -1.000000000000000000 ) ) ;
#5404 = LINE ( 'NONE', #5292, #3959 ) ;
#5405 = CARTESIAN_POINT ( 'NONE',  ( 37.15175855260161300, -16.08952446469493200, 0.0000000000000000000 ) ) ;
#5406 = CARTESIAN_POINT ( 'NONE',  ( 36.09036513427445000, -17.15999999999958400, 0.0000000000000000000 ) ) ;
#5407 = CARTESIAN_POINT ( 'NONE',  ( 17.17047753659499800, -23.89285944546705000, 250.0000000000000000 ) ) ;
#5408 = EDGE_LOOP ( 'NONE', ( #6314, #2280, #11173, #32 ) ) ;
#5409 = EDGE_LOOP ( 'NONE', ( #5186, #2189, #4855, #5992 ) ) ;
#5410 = LINE ( 'NONE', #3121, #5123 ) ;
#5411 = ADVANCED_FACE ( 'NONE', ( #8938 ), #10082, .F. ) ;
#5412 = CARTESIAN_POINT ( 'NONE',  ( 32.68073025445665500, -26.23036512018296300, 250.0000000000000000 ) ) ;
#5413 = DIRECTION ( 'NONE',  ( -0.0000000000000000000, -0.0000000000000000000, -1.000000000000000000 ) ) ;
#5414 = EDGE_CURVE ( 'NONE', #10723, #5168, #7059, .T. ) ;
#5415 = VECTOR ( 'NONE', #9432, 1000.000000000000000 ) ;
#5416 = CARTESIAN_POINT ( 'NONE',  ( -6.238124910947116900, -7.297745508358056900, 250.0000000000000000 ) ) ;
#5417 = FACE_OUTER_BOUND ( 'NONE', #3326, .T. ) ;
#5418 = AXIS2_PLACEMENT_3D ( 'NONE', #5649, #5715, #1214 ) ;
#5419 = ORIENTED_EDGE ( 'NONE', *, *, #2290, .T. ) ;
#5420 = ORIENTED_EDGE ( 'NONE', *, *, #7557, .F. ) ;
#5421 = VERTEX_POINT ( 'NONE', #1850 ) ;
#5422 = LINE ( 'NONE', #3535, #2121 ) ;
#5423 = AXIS2_PLACEMENT_3D ( 'NONE', #1057, #2126, #8519 ) ;
#5424 = ORIENTED_EDGE ( 'NONE', *, *, #2511, .T. ) ;
#5425 = CIRCLE ( 'NONE', #3369, 1.500000000000001300 ) ;
#5426 = DIRECTION ( 'NONE',  ( -0.7063805660550891400, -0.7078322512429705600, 0.0000000000000000000 ) ) ;
#5427 = CARTESIAN_POINT ( 'NONE',  ( 2.889999999999921100, -28.30036512018227400, 250.0000000000000000 ) ) ;
#5428 = VECTOR ( 'NONE', #8536, 1000.000000000000100 ) ;
#5429 = EDGE_CURVE ( 'NONE', #4856, #778, #2074, .T. ) ;
#5430 = CARTESIAN_POINT ( 'NONE',  ( 56.09999999997984300, -22.83451117550333000, 0.0000000000000000000 ) ) ;
#5431 = CARTESIAN_POINT ( 'NONE',  ( 17.17047753659499800, -23.89285944546705000, 250.0000000000000000 ) ) ;
#5432 = DIRECTION ( 'NONE',  ( 0.0000000000000000000, 1.000000000000000000, 0.0000000000000000000 ) ) ;
#5433 = VERTEX_POINT ( 'NONE', #7353 ) ;
#5434 = EDGE_LOOP ( 'NONE', ( #4000, #9202, #3456, #10424 ) ) ;
#5435 = ORIENTED_EDGE ( 'NONE', *, *, #1935, .T. ) ;
#5436 = EDGE_CURVE ( 'NONE', #6970, #8739, #8071, .T. ) ;
#5437 = AXIS2_PLACEMENT_3D ( 'NONE', #7830, #1392, #7792 ) ;
#5438 = DIRECTION ( 'NONE',  ( -1.000000000000000000, 0.0000000000000000000, 0.0000000000000000000 ) ) ;
#5439 = VECTOR ( 'NONE', #2013, 1000.000000000000000 ) ;
#5440 = VECTOR ( 'NONE', #5295, 1000.000000000000000 ) ;
#5441 = DIRECTION ( 'NONE',  ( -0.0000000000000000000, -0.0000000000000000000, -1.000000000000000000 ) ) ;
#5442 = AXIS2_PLACEMENT_3D ( 'NONE', #2278, #402, #9584 ) ;
#5443 = CARTESIAN_POINT ( 'NONE',  ( 2.840000000002357100, -16.08952252493459100, 250.0000000000000000 ) ) ;
#5444 = ORIENTED_EDGE ( 'NONE', *, *, #8835, .F. ) ;
#5445 = ORIENTED_EDGE ( 'NONE', *, *, #4931, .T. ) ;
#5446 = ORIENTED_EDGE ( 'NONE', *, *, #1415, .T. ) ;
#5447 = ORIENTED_EDGE ( 'NONE', *, *, #2681, .F. ) ;
#5448 = EDGE_LOOP ( 'NONE', ( #3327, #4114, #11438, #285 ) ) ;
#5449 = VECTOR ( 'NONE', #1733, 1000.000000000000000 ) ;
#5450 = VECTOR ( 'NONE', #11798, 1000.000000000000000 ) ;
#5451 = DIRECTION ( 'NONE',  ( -0.0000000000000000000, -0.0000000000000000000, -1.000000000000000000 ) ) ;
#5452 = EDGE_CURVE ( 'NONE', #10150, #8708, #7786, .T. ) ;
#5453 = EDGE_CURVE ( 'NONE', #6324, #10288, #5643, .T. ) ;
#5454 = ORIENTED_EDGE ( 'NONE', *, *, #9477, .T. ) ;
#5455 = CARTESIAN_POINT ( 'NONE',  ( 53.43999999999424200, -5.496196365999260500, 250.0000000000000000 ) ) ;
#5456 = ORIENTED_EDGE ( 'NONE', *, *, #5684, .T. ) ;
#5457 = ORIENTED_EDGE ( 'NONE', *, *, #11628, .T. ) ;
#5458 = VERTEX_POINT ( 'NONE', #11231 ) ;
#5459 = ORIENTED_EDGE ( 'NONE', *, *, #3197, .F. ) ;
#5460 = ORIENTED_EDGE ( 'NONE', *, *, #6582, .F. ) ;
#5461 = LINE ( 'NONE', #3015, #8761 ) ;
#5462 = LINE ( 'NONE', #11775, #9883 ) ;
#5463 = DIRECTION ( 'NONE',  ( 1.000000000000000000, 0.0000000000000000000, -0.0000000000000000000 ) ) ;
#5464 = DIRECTION ( 'NONE',  ( -7.885106709243211700E-015, -1.000000000000000000, 0.0000000000000000000 ) ) ;
#5465 = DIRECTION ( 'NONE',  ( -0.0000000000000000000, -0.0000000000000000000, -1.000000000000000000 ) ) ;
#5466 = EDGE_LOOP ( 'NONE', ( #10867, #225, #10011, #765 ) ) ;
#5467 = ORIENTED_EDGE ( 'NONE', *, *, #589, .F. ) ;
#5468 = VERTEX_POINT ( 'NONE', #7540 ) ;
#5469 = EDGE_LOOP ( 'NONE', ( #2463, #10148, #5329, #6623 ) ) ;
#5470 = AXIS2_PLACEMENT_3D ( 'NONE', #10779, #7093, #1659 ) ;
#5471 = CARTESIAN_POINT ( 'NONE',  ( -4.907228714274736200, -29.99036512018231800, 250.0000000000000000 ) ) ;
#5472 = ORIENTED_EDGE ( 'NONE', *, *, #2488, .F. ) ;
#5473 = ADVANCED_FACE ( 'NONE', ( #960 ), #311, .T. ) ;
#5474 = DIRECTION ( 'NONE',  ( -1.000000000000000000, -0.0000000000000000000, -0.0000000000000000000 ) ) ;
#5475 = LINE ( 'NONE', #6439, #3044 ) ;
#5476 = LINE ( 'NONE', #468, #10898 ) ;
#5477 = CARTESIAN_POINT ( 'NONE',  ( -8.309999999999998700, -22.88036512018231500, 250.0000000000000000 ) ) ;
#5478 = ORIENTED_EDGE ( 'NONE', *, *, #4423, .T. ) ;
#5479 = ORIENTED_EDGE ( 'NONE', *, *, #11271, .F. ) ;
#5480 = VERTEX_POINT ( 'NONE', #5797 ) ;
#5481 = VERTEX_POINT ( 'NONE', #11144 ) ;
#5482 = CARTESIAN_POINT ( 'NONE',  ( 44.90302966803178500, -10.79034973122128200, 250.0000000000000000 ) ) ;
#5483 = CIRCLE ( 'NONE', #1242, 0.7999999999964146900 ) ;
#5484 = EDGE_CURVE ( 'NONE', #7886, #4396, #11783, .T. ) ;
#5485 = LINE ( 'NONE', #10605, #69 ) ;
#5486 = VECTOR ( 'NONE', #9223, 1000.000000000000000 ) ;
#5487 = CARTESIAN_POINT ( 'NONE',  ( 17.16956179095151900, -16.08952446469493200, 250.0000000000000000 ) ) ;
#5488 = AXIS2_PLACEMENT_3D ( 'NONE', #11279, #7554, #11322 ) ;
#5489 = ORIENTED_EDGE ( 'NONE', *, *, #7205, .F. ) ;
#5490 = DIRECTION ( 'NONE',  ( -0.0000000000000000000, -0.0000000000000000000, -1.000000000000000000 ) ) ;
#5491 = CARTESIAN_POINT ( 'NONE',  ( -8.200000000000002800, -14.50165173002494800, 250.0000000000000000 ) ) ;
#5492 = EDGE_LOOP ( 'NONE', ( #8913, #9889, #2477, #6591 ) ) ;
#5493 = FACE_OUTER_BOUND ( 'NONE', #4177, .T. ) ;
#5494 = VECTOR ( 'NONE', #11708, 1000.000000000000000 ) ;
#5495 = LINE ( 'NONE', #27, #8200 ) ;
#5496 = EDGE_CURVE ( 'NONE', #4876, #1466, #5367, .T. ) ;
#5497 = CARTESIAN_POINT ( 'NONE',  ( 64.33399082676281500, -29.75897947731955600, 250.0000000000000000 ) ) ;
#5498 = VERTEX_POINT ( 'NONE', #6574 ) ;
#5499 = EDGE_LOOP ( 'NONE', ( #50, #9175 ) ) ;
#5500 = EDGE_LOOP ( 'NONE', ( #11557, #4309, #932, #3842 ) ) ;
#5501 = VECTOR ( 'NONE', #3524, 1000.000000000000000 ) ;
#5502 = CARTESIAN_POINT ( 'NONE',  ( 15.10193239820182700, -9.990365120185229500, 250.0000000000000000 ) ) ;
#5503 = EDGE_CURVE ( 'NONE', #9977, #3737, #5074, .T. ) ;
#5504 = CARTESIAN_POINT ( 'NONE',  ( 68.19999999999419100, -26.56036512018241400, 250.0000000000000000 ) ) ;
#5505 = CARTESIAN_POINT ( 'NONE',  ( 23.90963486571973800, -17.15999999999958400, 0.0000000000000000000 ) ) ;
#5506 = VECTOR ( 'NONE', #8940, 1000.000000000000000 ) ;
#5507 = DIRECTION ( 'NONE',  ( -0.7071067811865734400, 0.7071067811865217000, 0.0000000000000000000 ) ) ;
#5508 = EDGE_CURVE ( 'NONE', #1209, #7279, #4496, .T. ) ;
#5509 = ORIENTED_EDGE ( 'NONE', *, *, #2438, .T. ) ;
#5510 = DIRECTION ( 'NONE',  ( 1.000000000000000000, -0.0000000000000000000, -0.0000000000000000000 ) ) ;
#5511 = AXIS2_PLACEMENT_3D ( 'NONE', #277, #6618, #7477 ) ;
#5512 = DIRECTION ( 'NONE',  ( 0.0000000000000000000, 0.0000000000000000000, 1.000000000000000000 ) ) ;
#5513 = ORIENTED_EDGE ( 'NONE', *, *, #5564, .F. ) ;
#5514 = VECTOR ( 'NONE', #748, 1000.000000000000000 ) ;
#5515 = VECTOR ( 'NONE', #7196, 1000.000000000000000 ) ;
#5516 = CARTESIAN_POINT ( 'NONE',  ( -9.999999999999998200, -4.904230295371562000, 250.0000000000000000 ) ) ;
#5517 = PLANE ( 'NONE',  #7355 ) ;
#5518 = EDGE_CURVE ( 'NONE', #1752, #6464, #3223, .T. ) ;
#5519 = EDGE_CURVE ( 'NONE', #4731, #10259, #10335, .T. ) ;
#5520 = DIRECTION ( 'NONE',  ( -0.0000000000000000000, 0.0000000000000000000, -1.000000000000000000 ) ) ;
#5521 = DIRECTION ( 'NONE',  ( 0.7071067811865567900, 0.7071067811865382500, 0.0000000000000000000 ) ) ;
#5522 = CARTESIAN_POINT ( 'NONE',  ( 22.84824144739257800, -16.08952446469493200, 250.0000000000000000 ) ) ;
#5523 = CIRCLE ( 'NONE', #2175, 0.7899999999999990400 ) ;
#5524 = FACE_BOUND ( 'NONE', #8305, .T. ) ;
#5525 = PLANE ( 'NONE',  #4730 ) ;
#5526 = PLANE ( 'NONE',  #10414 ) ;
#5527 = LOCAL_TIME ( 0, 21, 2.000000000000000000, #2521 ) ;
#5528 = DIRECTION ( 'NONE',  ( 1.000000000000000000, 2.846725704166561300E-014, -0.0000000000000000000 ) ) ;
#5529 = VECTOR ( 'NONE', #2263, 1000.000000000000000 ) ;
#5530 = DIRECTION ( 'NONE',  ( 1.000000000000000000, 0.0000000000000000000, -0.0000000000000000000 ) ) ;
#5531 = EDGE_CURVE ( 'NONE', #8845, #3161, #7495, .T. ) ;
#5532 = EDGE_CURVE ( 'NONE', #6735, #9828, #10777, .T. ) ;
#5533 = VECTOR ( 'NONE', #2623, 1000.000000000000000 ) ;
#5534 = LINE ( 'NONE', #7231, #6102 ) ;
#5535 = CARTESIAN_POINT ( 'NONE',  ( 60.10667384106814400, 3.907140554540114300, 0.0000000000000000000 ) ) ;
#5536 = DIRECTION ( 'NONE',  ( 0.0000000000000000000, 0.0000000000000000000, 1.000000000000000000 ) ) ;
#5537 = DIRECTION ( 'NONE',  ( -1.000000000000000000, 0.0000000000000000000, 0.0000000000000000000 ) ) ;
#5538 = CARTESIAN_POINT ( 'NONE',  ( 22.84915719303598500, -23.89285944546705000, 0.0000000000000000000 ) ) ;
#5539 = ORIENTED_EDGE ( 'NONE', *, *, #11401, .F. ) ;
#5540 = ORIENTED_EDGE ( 'NONE', *, *, #1936, .T. ) ;
#5541 = LINE ( 'NONE', #2396, #9395 ) ;
#5542 = DIRECTION ( 'NONE',  ( 0.7071067811865480200, 0.7071067811865470200, 0.0000000000000000000 ) ) ;
#5543 = VECTOR ( 'NONE', #6554, 1000.000000000000200 ) ;
#5544 = VECTOR ( 'NONE', #8860, 1000.000000000000000 ) ;
#5545 = CARTESIAN_POINT ( 'NONE',  ( -9.999999999999994700, -24.89759383445705900, 0.0000000000000000000 ) ) ;
#5546 = CARTESIAN_POINT ( 'NONE',  ( -6.559999999999963200, -25.49370204071641800, 0.0000000000000000000 ) ) ;
#5547 = PLANE ( 'NONE',  #9326 ) ;
#5548 = VERTEX_POINT ( 'NONE', #8830 ) ;
#5549 = ORIENTED_EDGE ( 'NONE', *, *, #8723, .T. ) ;
#5550 = ORIENTED_EDGE ( 'NONE', *, *, #3529, .F. ) ;
#5551 = VECTOR ( 'NONE', #10296, 1000.000000000000000 ) ;
#5552 = LINE ( 'NONE', #6781, #1162 ) ;
#5553 = DIRECTION ( 'NONE',  ( -1.000000000000000000, 0.0000000000000000000, 0.0000000000000000000 ) ) ;
#5554 = FACE_OUTER_BOUND ( 'NONE', #462, .T. ) ;
#5555 = ORIENTED_EDGE ( 'NONE', *, *, #3849, .F. ) ;
#5556 = ORIENTED_EDGE ( 'NONE', *, *, #8388, .T. ) ;
#5557 = ORIENTED_EDGE ( 'NONE', *, *, #4314, .T. ) ;
#5558 = CARTESIAN_POINT ( 'NONE',  ( 57.11731176518218700, 8.207983149782574400, 250.0000000000000000 ) ) ;
#5559 = LINE ( 'NONE', #10497, #7107 ) ;
#5560 = PLANE ( 'NONE',  #6187 ) ;
#5561 = VECTOR ( 'NONE', #3082, 1000.000000000000100 ) ;
#5562 = FACE_OUTER_BOUND ( 'NONE', #5990, .T. ) ;
#5563 = DIRECTION ( 'NONE',  ( -0.0000000000000000000, -0.0000000000000000000, -1.000000000000000000 ) ) ;
#5564 = EDGE_CURVE ( 'NONE', #6593, #11701, #3780, .T. ) ;
#5565 = ORIENTED_EDGE ( 'NONE', *, *, #8975, .F. ) ;
#5566 = VERTEX_POINT ( 'NONE', #6094 ) ;
#5567 = VERTEX_POINT ( 'NONE', #4514 ) ;
#5568 = ORIENTED_EDGE ( 'NONE', *, *, #8203, .T. ) ;
#5569 = CARTESIAN_POINT ( 'NONE',  ( 6.570000000007161700, 8.207983149782574400, 0.0000000000000000000 ) ) ;
#5570 = DIRECTION ( 'NONE',  ( -0.0000000000000000000, -0.0000000000000000000, -1.000000000000000000 ) ) ;
#5571 = DIRECTION ( 'NONE',  ( -0.0000000000000000000, -1.000000000000000000, -0.0000000000000000000 ) ) ;
#5572 = DIRECTION ( 'NONE',  ( -0.7089894245298769000, 0.7052191119820803200, 0.0000000000000000000 ) ) ;
#5573 = DIRECTION ( 'NONE',  ( 0.6839166460380582400, -0.7295601560337936500, 0.0000000000000000000 ) ) ;
#5574 = FACE_OUTER_BOUND ( 'NONE', #4996, .T. ) ;
#5575 = VECTOR ( 'NONE', #6744, 1000.000000000000000 ) ;
#5576 = DIRECTION ( 'NONE',  ( -0.0000000000000000000, -0.0000000000000000000, -1.000000000000000000 ) ) ;
#5577 = ADVANCED_FACE ( 'NONE', ( #6616 ), #2707, .F. ) ;
#5578 = CARTESIAN_POINT ( 'NONE',  ( 0.08871339017088544800, -23.89285944546705000, 0.0000000000000000000 ) ) ;
#5579 = ORIENTED_EDGE ( 'NONE', *, *, #11392, .T. ) ;
#5580 = EDGE_CURVE ( 'NONE', #3876, #6173, #5495, .T. ) ;
#5581 = EDGE_LOOP ( 'NONE', ( #10774, #5601, #9442, #9640 ) ) ;
#5582 = ORIENTED_EDGE ( 'NONE', *, *, #9613, .F. ) ;
#5583 = ORIENTED_EDGE ( 'NONE', *, *, #8594, .T. ) ;
#5584 = EDGE_LOOP ( 'NONE', ( #1202, #5718 ) ) ;
#5585 = DIRECTION ( 'NONE',  ( -0.7071067811865474600, -0.7071067811865474600, -0.0000000000000000000 ) ) ;
#5586 = EDGE_LOOP ( 'NONE', ( #794, #1874, #8719, #3241 ) ) ;
#5587 = ORIENTED_EDGE ( 'NONE', *, *, #5744, .F. ) ;
#5588 = CARTESIAN_POINT ( 'NONE',  ( 8.200000000014338000, 5.495853944692210100, 0.0000000000000000000 ) ) ;
#5589 = CARTESIAN_POINT ( 'NONE',  ( 42.88999999999419500, -28.30036512018271800, 250.0000000000000000 ) ) ;
#5590 = CIRCLE ( 'NONE', #3128, 2.099999999999999600 ) ;
#5591 = LINE ( 'NONE', #9280, #9583 ) ;
#5592 = CARTESIAN_POINT ( 'NONE',  ( 62.82907852443339900, -23.89285944546705000, 250.0000000000000000 ) ) ;
#5593 = CARTESIAN_POINT ( 'NONE',  ( 14.50996632757433800, -11.78952446469386800, 250.0000000000000000 ) ) ;
#5594 = ORIENTED_EDGE ( 'NONE', *, *, #9372, .T. ) ;
#5595 = PLANE ( 'NONE',  #8968 ) ;
#5596 = CARTESIAN_POINT ( 'NONE',  ( 57.10999999999427200, -28.19036512018228900, 250.0000000000000000 ) ) ;
#5597 = EDGE_LOOP ( 'NONE', ( #11379, #1563, #1592, #6107 ) ) ;
#5598 = ORIENTED_EDGE ( 'NONE', *, *, #4132, .F. ) ;
#5599 = ORIENTED_EDGE ( 'NONE', *, *, #4384, .T. ) ;
#5600 = VERTEX_POINT ( 'NONE', #5236 ) ;
#5601 = ORIENTED_EDGE ( 'NONE', *, *, #841, .F. ) ;
#5602 = DIRECTION ( 'NONE',  ( 0.0000000000000000000, 1.000000000000000000, 0.0000000000000000000 ) ) ;
#5603 = EDGE_CURVE ( 'NONE', #10771, #1168, #10197, .T. ) ;
#5604 = EDGE_CURVE ( 'NONE', #3476, #6004, #1386, .T. ) ;
#5605 = PLANE ( 'NONE',  #1270 ) ;
#5606 = VECTOR ( 'NONE', #544, 1000.000000000000000 ) ;
#5607 = VECTOR ( 'NONE', #415, 1000.000000000000000 ) ;
#5608 = CARTESIAN_POINT ( 'NONE',  ( 0.0000000000000000000, -19.99036512018243200, 250.0000000000000000 ) ) ;
#5609 = DIRECTION ( 'NONE',  ( 0.6636301409130585000, -0.7480608505139899600, -0.0000000000000000000 ) ) ;
#5610 = AXIS2_PLACEMENT_3D ( 'NONE', #5622, #129, #5536 ) ;
#5611 = VERTEX_POINT ( 'NONE', #5192 ) ;
#5612 = ORIENTED_EDGE ( 'NONE', *, *, #1396, .T. ) ;
#5613 = VERTEX_POINT ( 'NONE', #675 ) ;
#5614 = ORIENTED_EDGE ( 'NONE', *, *, #1769, .T. ) ;
#5615 = ORIENTED_EDGE ( 'NONE', *, *, #7094, .T. ) ;
#5616 = ADVANCED_FACE ( 'NONE', ( #8794 ), #8376, .F. ) ;
#5617 = VECTOR ( 'NONE', #11593, 1000.000000000000000 ) ;
#5618 = LINE ( 'NONE', #2317, #2484 ) ;
#5619 = LINE ( 'NONE', #245, #8481 ) ;
#5620 = CARTESIAN_POINT ( 'NONE',  ( 7.309634879817814100, -28.19036512018228900, 250.0000000000000000 ) ) ;
#5621 = CARTESIAN_POINT ( 'NONE',  ( 17.10999999999999200, -28.19036512018223600, 0.0000000000000000000 ) ) ;
#5622 = CARTESIAN_POINT ( 'NONE',  ( 59.91128660982330700, -23.89285944546705000, 250.0000000000000000 ) ) ;
#5623 = AXIS2_PLACEMENT_3D ( 'NONE', #10114, #3748, #110 ) ;
#5624 = DIRECTION ( 'NONE',  ( 1.777677119522225100E-015, 1.000000000000000000, -0.0000000000000000000 ) ) ;
#5625 = ORIENTED_EDGE ( 'NONE', *, *, #11039, .F. ) ;
#5626 = DIRECTION ( 'NONE',  ( 0.0000000000000000000, -1.000000000000000000, 0.0000000000000000000 ) ) ;
#5627 = ORIENTED_EDGE ( 'NONE', *, *, #10152, .F. ) ;
#5628 = FACE_OUTER_BOUND ( 'NONE', #9448, .T. ) ;
#5629 = CARTESIAN_POINT ( 'NONE',  ( 5.503336920534022300, -26.55128087389479300, 0.0000000000000000000 ) ) ;
#5630 = VECTOR ( 'NONE', #5, 1000.000000000000000 ) ;
#5631 = VECTOR ( 'NONE', #9040, 1000.000000000000100 ) ;
#5632 = PLANE ( 'NONE',  #3396 ) ;
#5633 = APPLICATION_CONTEXT ( 'configuration controlled 3d designs of mechanical parts and assemblies' ) ;
#5634 = DIRECTION ( 'NONE',  ( -1.000000000000000000, -1.057758217049744000E-015, -0.0000000000000000000 ) ) ;
#5635 = VERTEX_POINT ( 'NONE', #8334 ) ;
#5636 = EDGE_CURVE ( 'NONE', #6011, #6923, #9918, .T. ) ;
#5637 = ORIENTED_EDGE ( 'NONE', *, *, #146, .F. ) ;
#5638 = ORIENTED_EDGE ( 'NONE', *, *, #2459, .T. ) ;
#5639 = CARTESIAN_POINT ( 'NONE',  ( 12.69999998590111500, -28.19036512018258000, 0.0000000000000000000 ) ) ;
#5640 = LINE ( 'NONE', #10896, #10918 ) ;
#5641 = DIRECTION ( 'NONE',  ( -1.000000000000000000, 0.0000000000000000000, 0.0000000000000000000 ) ) ;
#5642 = DIRECTION ( 'NONE',  ( -0.7079921664009755100, 0.7062202859695078100, 0.0000000000000000000 ) ) ;
#5643 = CIRCLE ( 'NONE', #205, 0.7999999999974138900 ) ;
#5644 = AXIS2_PLACEMENT_3D ( 'NONE', #6778, #1437, #7709 ) ;
#5645 = ADVANCED_FACE ( 'NONE', ( #2640 ), #4582, .F. ) ;
#5646 = DIRECTION ( 'NONE',  ( 0.7071067811865474600, 0.7071067811865476800, 0.0000000000000000000 ) ) ;
#5647 = ORIENTED_EDGE ( 'NONE', *, *, #9914, .F. ) ;
#5648 = AXIS2_PLACEMENT_3D ( 'NONE', #4957, #643, #5695 ) ;
#5649 = CARTESIAN_POINT ( 'NONE',  ( 66.55999999997978000, 5.495853944692208300, 250.0000000000000000 ) ) ;
#5650 = ORIENTED_EDGE ( 'NONE', *, *, #5725, .T. ) ;
#5651 = DIRECTION ( 'NONE',  ( -0.0000000000000000000, 1.000000000000000000, -0.0000000000000000000 ) ) ;
#5652 = VERTEX_POINT ( 'NONE', #3785 ) ;
#5653 = PLANE ( 'NONE',  #3956 ) ;
#5654 = VECTOR ( 'NONE', #7103, 1000.000000000000100 ) ;
#5655 = EDGE_CURVE ( 'NONE', #1247, #751, #5782, .T. ) ;
#5656 = DIRECTION ( 'NONE',  ( 1.000000000000000000, 0.0000000000000000000, -0.0000000000000000000 ) ) ;
#5657 = CARTESIAN_POINT ( 'NONE',  ( 2.889999999999921100, -28.30036512018227400, 250.0000000000000000 ) ) ;
#5658 = EDGE_CURVE ( 'NONE', #1307, #1964, #242, .T. ) ;
#5659 = DIRECTION ( 'NONE',  ( 0.7078322512429711100, -0.7063805660550885900, 0.0000000000000000000 ) ) ;
#5660 = ORIENTED_EDGE ( 'NONE', *, *, #3273, .F. ) ;
#5661 = VECTOR ( 'NONE', #11810, 1000.000000000000000 ) ;
#5662 = DIRECTION ( 'NONE',  ( -0.0000000000000000000, -0.0000000000000000000, -1.000000000000000000 ) ) ;
#5663 = EDGE_CURVE ( 'NONE', #11669, #1231, #6338, .T. ) ;
#5664 = CARTESIAN_POINT ( 'NONE',  ( 57.10999999999427200, -28.19036512018228900, 0.0000000000000000000 ) ) ;
#5665 = FACE_BOUND ( 'NONE', #4012, .T. ) ;
#5666 = CC_DESIGN_APPROVAL ( #1989, ( #1406 ) ) ;
#5667 = CARTESIAN_POINT ( 'NONE',  ( 59.99999999999418800, 0.009634879817567443300, 0.0000000000000000000 ) ) ;
#5668 = ORIENTED_EDGE ( 'NONE', *, *, #638, .F. ) ;
#5669 = VECTOR ( 'NONE', #7000, 1000.000000000000000 ) ;
#5670 = DIRECTION ( 'NONE',  ( -0.0000000000000000000, -1.000000000000000000, -0.0000000000000000000 ) ) ;
#5671 = ADVANCED_FACE ( 'NONE', ( #3499 ), #2945, .T. ) ;
#5672 = LINE ( 'NONE', #1095, #4097 ) ;
#5673 = CARTESIAN_POINT ( 'NONE',  ( 4.911370849898591300, -29.99036512018233200, 0.0000000000000000000 ) ) ;
#5674 = EDGE_CURVE ( 'NONE', #6548, #6119, #7631, .T. ) ;
#5675 = EDGE_CURVE ( 'NONE', #1247, #1752, #11066, .T. ) ;
#5676 = LOCAL_TIME ( 0, 21, 2.000000000000000000, #8100 ) ;
#5677 = ORIENTED_EDGE ( 'NONE', *, *, #3140, .T. ) ;
#5678 = LINE ( 'NONE', #2787, #8529 ) ;
#5679 = CARTESIAN_POINT ( 'NONE',  ( -8.200000000000002800, 6.577983149782563800, 250.0000000000000000 ) ) ;
#5680 = CARTESIAN_POINT ( 'NONE',  ( 35.65563491860065400, -10.22467969523303600, 250.0000000000000000 ) ) ;
#5681 = CARTESIAN_POINT ( 'NONE',  ( 45.49003367241985500, -13.42992900131775100, 250.0000000000000000 ) ) ;
#5682 = VECTOR ( 'NONE', #863, 1000.000000000000100 ) ;
#5683 = DIRECTION ( 'NONE',  ( -1.000000000000000000, 0.0000000000000000000, 0.0000000000000000000 ) ) ;
#5684 = EDGE_CURVE ( 'NONE', #9471, #2731, #8647, .T. ) ;
#5685 = EDGE_CURVE ( 'NONE', #7271, #9851, #1658, .T. ) ;
#5686 = ORIENTED_EDGE ( 'NONE', *, *, #7092, .F. ) ;
#5687 = ORIENTED_EDGE ( 'NONE', *, *, #2995, .F. ) ;
#5688 = VECTOR ( 'NONE', #7546, 1000.000000000000000 ) ;
#5689 = VECTOR ( 'NONE', #1541, 1000.000000000000000 ) ;
#5690 = DIRECTION ( 'NONE',  ( 1.000000000000000000, 0.0000000000000000000, 0.0000000000000000000 ) ) ;
#5691 = VECTOR ( 'NONE', #7565, 1000.000000000000000 ) ;
#5692 = CARTESIAN_POINT ( 'NONE',  ( 65.49602515533275900, 8.207983149782574400, 250.0000000000000000 ) ) ;
#5693 = DIRECTION ( 'NONE',  ( 0.0000000000000000000, -0.0000000000000000000, 1.000000000000000000 ) ) ;
#5694 = ADVANCED_FACE ( 'NONE', ( #6208 ), #4015, .F. ) ;
#5695 = DIRECTION ( 'NONE',  ( 1.000000000000000000, 0.0000000000000000000, 0.0000000000000000000 ) ) ;
#5696 = ORIENTED_EDGE ( 'NONE', *, *, #3883, .T. ) ;
#5697 = ORIENTED_EDGE ( 'NONE', *, *, #8797, .T. ) ;
#5698 = VERTEX_POINT ( 'NONE', #9214 ) ;
#5699 = FACE_BOUND ( 'NONE', #9915, .T. ) ;
#5700 = EDGE_CURVE ( 'NONE', #8577, #5567, #6908, .T. ) ;
#5701 = CIRCLE ( 'NONE', #1657, 0.7900000000000033700 ) ;
#5702 = DIRECTION ( 'NONE',  ( -0.0000000000000000000, -0.0000000000000000000, -1.000000000000000000 ) ) ;
#5703 = CIRCLE ( 'NONE', #2223, 2.099999999999997900 ) ;
#5704 = CARTESIAN_POINT ( 'NONE',  ( 45.49003367241985500, -11.78952446469386800, 250.0000000000000000 ) ) ;
#5705 = AXIS2_PLACEMENT_3D ( 'NONE', #9209, #11126, #2075 ) ;
#5706 = ORIENTED_EDGE ( 'NONE', *, *, #3669, .T. ) ;
#5707 = ORIENTED_EDGE ( 'NONE', *, *, #3222, .F. ) ;
#5708 = ORIENTED_EDGE ( 'NONE', *, *, #7365, .T. ) ;
#5709 = CARTESIAN_POINT ( 'NONE',  ( -3.900000000000004400, -19.90664038059719200, 250.0000000000000000 ) ) ;
#5710 = CARTESIAN_POINT ( 'NONE',  ( -8.200000000000002800, 5.495853944692210100, 250.0000000000000000 ) ) ;
#5711 = VECTOR ( 'NONE', #2724, 1000.000000000000000 ) ;
#5712 = FACE_OUTER_BOUND ( 'NONE', #10854, .T. ) ;
#5713 = EDGE_CURVE ( 'NONE', #1565, #9690, #1521, .T. ) ;
#5714 = CARTESIAN_POINT ( 'NONE',  ( 43.89036513427498000, -17.15999998590069400, 0.0000000000000000000 ) ) ;
#5715 = DIRECTION ( 'NONE',  ( -0.7069992106520836000, 0.7072143353590415500, 0.0000000000000000000 ) ) ;
#5716 = CARTESIAN_POINT ( 'NONE',  ( 60.08871339015073700, -23.89285944546705000, 250.0000000000000000 ) ) ;
#5717 = ORIENTED_EDGE ( 'NONE', *, *, #1504, .T. ) ;
#5718 = ORIENTED_EDGE ( 'NONE', *, *, #7251, .T. ) ;
#5719 = ORIENTED_EDGE ( 'NONE', *, *, #7232, .F. ) ;
#5720 = ORIENTED_EDGE ( 'NONE', *, *, #1200, .T. ) ;
#5721 = DIRECTION ( 'NONE',  ( -0.7071067811865351400, -0.7071067811865599000, 0.0000000000000000000 ) ) ;
#5722 = ORIENTED_EDGE ( 'NONE', *, *, #7165, .F. ) ;
#5723 = EDGE_CURVE ( 'NONE', #9142, #7186, #4787, .T. ) ;
#5724 = VERTEX_POINT ( 'NONE', #7421 ) ;
#5725 = EDGE_CURVE ( 'NONE', #9194, #9302, #3922, .T. ) ;
#5726 = LINE ( 'NONE', #7639, #772 ) ;
#5728 = ADVANCED_FACE ( 'NONE', ( #10920 ), #4872, .F. ) ;
#5727 = CYLINDRICAL_SURFACE ( 'NONE', #5399, 0.8000000000000020400 ) ;
#5729 = AXIS2_PLACEMENT_3D ( 'NONE', #7007, #11683, #4310 ) ;
#5730 = VERTEX_POINT ( 'NONE', #9179 ) ;
#5731 = DIRECTION ( 'NONE',  ( 0.7460199479572217100, -0.6659235971565389300, 0.0000000000000000000 ) ) ;
#5732 = DIRECTION ( 'NONE',  ( -0.0000000000000000000, -0.0000000000000000000, -1.000000000000000000 ) ) ;
#5733 = ORIENTED_EDGE ( 'NONE', *, *, #3862, .T. ) ;
#5734 = ORIENTED_EDGE ( 'NONE', *, *, #3682, .T. ) ;
#5735 = VERTEX_POINT ( 'NONE', #11667 ) ;
#5736 = EDGE_LOOP ( 'NONE', ( #9874, #9450, #9044, #3329 ) ) ;
#5737 = ORIENTED_EDGE ( 'NONE', *, *, #7858, .F. ) ;
#5738 = CARTESIAN_POINT ( 'NONE',  ( -8.200000000000002800, -14.50165173002494800, 250.0000000000000000 ) ) ;
#5739 = ORIENTED_EDGE ( 'NONE', *, *, #6098, .F. ) ;
#5740 = DIRECTION ( 'NONE',  ( -0.7071067811865687800, -0.7071067811865263700, 0.0000000000000000000 ) ) ;
#5741 = VECTOR ( 'NONE', #4650, 1000.000000000000000 ) ;
#5742 = VECTOR ( 'NONE', #7526, 1000.000000000000100 ) ;
#5743 = EDGE_CURVE ( 'NONE', #7446, #9782, #6063, .T. ) ;
#5744 = EDGE_CURVE ( 'NONE', #9160, #2874, #11635, .T. ) ;
#5745 = CARTESIAN_POINT ( 'NONE',  ( 57.15999999999182500, -16.08952252493459100, 250.0000000000000000 ) ) ;
#5746 = ORIENTED_EDGE ( 'NONE', *, *, #3282, .T. ) ;
#5747 = ORIENTED_EDGE ( 'NONE', *, *, #11067, .T. ) ;
#5748 = ORIENTED_EDGE ( 'NONE', *, *, #9184, .F. ) ;
#5749 = ORIENTED_EDGE ( 'NONE', *, *, #7193, .T. ) ;
#5750 = AXIS2_PLACEMENT_3D ( 'NONE', #11037, #8444, #10093 ) ;
#5751 = CARTESIAN_POINT ( 'NONE',  ( 42.88999999999419500, -28.30036512018271800, 0.0000000000000000000 ) ) ;
#5752 = DIRECTION ( 'NONE',  ( -3.848691132894412300E-015, -1.000000000000000000, 0.0000000000000000000 ) ) ;
#5753 = DIRECTION ( 'NONE',  ( -0.0000000000000000000, -0.0000000000000000000, -1.000000000000000000 ) ) ;
#5754 = VERTEX_POINT ( 'NONE', #6941 ) ;
#5755 = CARTESIAN_POINT ( 'NONE',  ( 25.48871339015736100, -28.19036512018228900, 0.0000000000000000000 ) ) ;
#5756 = LINE ( 'NONE', #5136, #8908 ) ;
#5757 = FACE_OUTER_BOUND ( 'NONE', #11365, .T. ) ;
#5758 = DIRECTION ( 'NONE',  ( -1.000000000000000000, 0.0000000000000000000, 0.0000000000000000000 ) ) ;
#5759 = CARTESIAN_POINT ( 'NONE',  ( 57.15999999999182500, -16.08952252493459100, 250.0000000000000000 ) ) ;
#5760 = EDGE_LOOP ( 'NONE', ( #783, #10821, #1295, #2844 ) ) ;
#5761 = ORIENTED_EDGE ( 'NONE', *, *, #9477, .F. ) ;
#5762 = VERTEX_POINT ( 'NONE', #5371 ) ;
#5763 = ADVANCED_FACE ( 'NONE', ( #818 ), #5517, .F. ) ;
#5764 = EDGE_CURVE ( 'NONE', #3562, #4630, #8342, .T. ) ;
#5765 = EDGE_CURVE ( 'NONE', #1207, #10160, #8632, .T. ) ;
#5766 = PLANE ( 'NONE',  #5995 ) ;
#5767 = ORIENTED_EDGE ( 'NONE', *, *, #10266, .T. ) ;
#5768 = VECTOR ( 'NONE', #1230, 1000.000000000000000 ) ;
#5769 = DIRECTION ( 'NONE',  ( 1.000000000000000000, 0.0000000000000000000, 0.0000000000000000000 ) ) ;
#5770 = CARTESIAN_POINT ( 'NONE',  ( 49.99999999999418800, -4.904230295371559300, 250.0000000000000000 ) ) ;
#5771 = FACE_OUTER_BOUND ( 'NONE', #8050, .T. ) ;
#5772 = VECTOR ( 'NONE', #2326, 1000.000000000000000 ) ;
#5773 = CARTESIAN_POINT ( 'NONE',  ( -0.08871339015654969300, -23.89285944546705000, 250.0000000000000000 ) ) ;
#5774 = DIRECTION ( 'NONE',  ( -0.7063805660550888100, -0.7078322512429710000, 0.0000000000000000000 ) ) ;
#5775 = ORIENTED_EDGE ( 'NONE', *, *, #6717, .F. ) ;
#5776 = VERTEX_POINT ( 'NONE', #4675 ) ;
#5777 = VECTOR ( 'NONE', #9066, 1000.000000000000000 ) ;
#5778 = DIRECTION ( 'NONE',  ( 0.0000000000000000000, 0.0000000000000000000, -1.000000000000000000 ) ) ;
#5779 = CARTESIAN_POINT ( 'NONE',  ( 52.69036512016204200, -26.24310889209111900, 250.0000000000000000 ) ) ;
#5780 = DIRECTION ( 'NONE',  ( -1.000000000000000000, 0.0000000000000000000, 0.0000000000000000000 ) ) ;
#5781 = CARTESIAN_POINT ( 'NONE',  ( -8.309999999992822200, 2.882517024158107500, 250.0000000000000000 ) ) ;
#5782 = LINE ( 'NONE', #11049, #537 ) ;
#5783 = AXIS2_PLACEMENT_3D ( 'NONE', #7854, #583, #6088 ) ;
#5784 = DIRECTION ( 'NONE',  ( -0.0000000000000000000, -0.0000000000000000000, -1.000000000000000000 ) ) ;
#5785 = VERTEX_POINT ( 'NONE', #152 ) ;
#5786 = DIRECTION ( 'NONE',  ( 1.000000000000000000, 0.0000000000000000000, -0.0000000000000000000 ) ) ;
#5787 = ORIENTED_EDGE ( 'NONE', *, *, #6490, .F. ) ;
#5788 = ORIENTED_EDGE ( 'NONE', *, *, #7040, .T. ) ;
#5789 = EDGE_LOOP ( 'NONE', ( #1040, #10891, #1992, #8318 ) ) ;
#5790 = VECTOR ( 'NONE', #2767, 1000.000000000000000 ) ;
#5791 = VECTOR ( 'NONE', #5241, 1000.000000000000000 ) ;
#5792 = CARTESIAN_POINT ( 'NONE',  ( -6.570000000007158100, 8.207983149782574400, 250.0000000000000000 ) ) ;
#5793 = VERTEX_POINT ( 'NONE', #11102 ) ;
#5794 = ADVANCED_FACE ( 'NONE', ( #6759 ), #2009, .F. ) ;
#5795 = CARTESIAN_POINT ( 'NONE',  ( -9.765685424949234400, -4.338544870422323300, 250.0000000000000000 ) ) ;
#5796 = ORIENTED_EDGE ( 'NONE', *, *, #167, .F. ) ;
#5797 = CARTESIAN_POINT ( 'NONE',  ( 3.899999999999905800, -2.841651730025073900, 0.0000000000000000000 ) ) ;
#5798 = ORIENTED_EDGE ( 'NONE', *, *, #4992, .F. ) ;
#5799 = VECTOR ( 'NONE', #3697, 1000.000000000000000 ) ;
#5800 = LINE ( 'NONE', #807, #840 ) ;
#5801 = EDGE_CURVE ( 'NONE', #2647, #9605, #4352, .T. ) ;
#5802 = CARTESIAN_POINT ( 'NONE',  ( 51.79999999997984600, -7.297745508358056900, 250.0000000000000000 ) ) ;
#5803 = AXIS2_PLACEMENT_3D ( 'NONE', #5482, #6383, #964 ) ;
#5804 = DIRECTION ( 'NONE',  ( 0.0000000000000000000, 0.0000000000000000000, -1.000000000000000000 ) ) ;
#5805 = DIRECTION ( 'NONE',  ( -0.0000000000000000000, -0.0000000000000000000, -1.000000000000000000 ) ) ;
#5806 = VERTEX_POINT ( 'NONE', #5759 ) ;
#5807 = LINE ( 'NONE', #1590, #4949 ) ;
#5808 = LINE ( 'NONE', #3653, #1813 ) ;
#5809 = CARTESIAN_POINT ( 'NONE',  ( 49.99999999999419500, 4.899745738432866200, 250.0000000000000000 ) ) ;
#5810 = VECTOR ( 'NONE', #6258, 1000.000000000000000 ) ;
#5811 = CARTESIAN_POINT ( 'NONE',  ( 34.49216308922456200, -13.42992900131788400, 250.0000000000000000 ) ) ;
#5812 = EDGE_CURVE ( 'NONE', #7575, #4322, #10766, .T. ) ;
#5813 = AXIS2_PLACEMENT_3D ( 'NONE', #1254, #7603, #10416 ) ;
#5814 = CARTESIAN_POINT ( 'NONE',  ( -8.309999999999998700, -22.88036512018231500, 0.0000000000000000000 ) ) ;
#5815 = DIRECTION ( 'NONE',  ( 0.0000000000000000000, -1.000000000000000000, 0.0000000000000000000 ) ) ;
#5816 = CARTESIAN_POINT ( 'NONE',  ( 36.09036513427445000, -17.15999999999958400, 250.0000000000000000 ) ) ;
#5817 = EDGE_LOOP ( 'NONE', ( #10110, #10425, #3216, #10984 ) ) ;
#5818 = VECTOR ( 'NONE', #6921, 1000.000000000000100 ) ;
#5819 = ADVANCED_FACE ( 'NONE', ( #11362 ), #3087, .F. ) ;
#5820 = AXIS2_PLACEMENT_3D ( 'NONE', #6307, #4522, #7255 ) ;
#5821 = FACE_OUTER_BOUND ( 'NONE', #464, .T. ) ;
#5822 = CARTESIAN_POINT ( 'NONE',  ( 49.99999999999419500, 4.899745738432866200, 0.0000000000000000000 ) ) ;
#5823 = VECTOR ( 'NONE', #4408, 1000.000000000000000 ) ;
#5824 = PLANE ( 'NONE',  #4981 ) ;
#5825 = CARTESIAN_POINT ( 'NONE',  ( -2.835002123228811000, -3.901602146817069200, 250.0000000000000000 ) ) ;
#5826 = CARTESIAN_POINT ( 'NONE',  ( 25.50201657697738600, -11.79036512018251400, 250.0000000000000000 ) ) ;
#5827 = DIRECTION ( 'NONE',  ( 0.7071067811865475700, 0.7071067811865475700, -0.0000000000000000000 ) ) ;
#5828 = ORIENTED_EDGE ( 'NONE', *, *, #9255, .T. ) ;
#5829 = VERTEX_POINT ( 'NONE', #2879 ) ;
#5830 = LINE ( 'NONE', #6581, #7839 ) ;
#5831 = CARTESIAN_POINT ( 'NONE',  ( 34.48412836968110900, -26.55957388274415000, 0.0000000000000000000 ) ) ;
#5832 = EDGE_CURVE ( 'NONE', #3559, #516, #11054, .T. ) ;
#5833 = EDGE_CURVE ( 'NONE', #8708, #10982, #2913, .T. ) ;
#5834 = FACE_OUTER_BOUND ( 'NONE', #10925, .T. ) ;
#5835 = FACE_OUTER_BOUND ( 'NONE', #4892, .T. ) ;
#5836 = DIRECTION ( 'NONE',  ( -0.6605100048740446500, 0.7508172437159988900, 0.0000000000000000000 ) ) ;
#5837 = AXIS2_PLACEMENT_3D ( 'NONE', #8371, #10067, #982 ) ;
#5838 = CARTESIAN_POINT ( 'NONE',  ( 63.89999999999420100, -20.09619636599925100, 250.0000000000000000 ) ) ;
#5839 = ORIENTED_EDGE ( 'NONE', *, *, #4837, .F. ) ;
#5840 = EDGE_LOOP ( 'NONE', ( #8593, #6535, #6861, #9473 ) ) ;
#5841 = ORIENTED_EDGE ( 'NONE', *, *, #3832, .T. ) ;
#5842 = VECTOR ( 'NONE', #4771, 1000.000000000000000 ) ;
#5843 = DIRECTION ( 'NONE',  ( 0.0000000000000000000, 0.0000000000000000000, 1.000000000000000000 ) ) ;
#5844 = ORIENTED_EDGE ( 'NONE', *, *, #265, .F. ) ;
#5845 = CARTESIAN_POINT ( 'NONE',  ( 4.341302591949445700, 9.778249236954939900, 0.0000000000000000000 ) ) ;
#5846 = VECTOR ( 'NONE', #10519, 1000.000000000000000 ) ;
#5847 = CARTESIAN_POINT ( 'NONE',  ( 68.19999999999419100, -12.68988765921544000, 250.0000000000000000 ) ) ;
#5848 = VECTOR ( 'NONE', #4621, 1000.000000000000000 ) ;
#5849 = AXIS2_PLACEMENT_3D ( 'NONE', #789, #1674, #11612 ) ;
#5850 = PLANE ( 'NONE',  #1005 ) ;
#5851 = ADVANCED_FACE ( 'NONE', ( #9060 ), #3488, .T. ) ;
#5852 = ORIENTED_EDGE ( 'NONE', *, *, #5029, .F. ) ;
#5853 = EDGE_LOOP ( 'NONE', ( #11497, #1661, #4077, #8161 ) ) ;
#5854 = ORIENTED_EDGE ( 'NONE', *, *, #9083, .F. ) ;
#5855 = DIRECTION ( 'NONE',  ( -0.0000000000000000000, 1.000000000000000000, -0.0000000000000000000 ) ) ;
#5856 = VECTOR ( 'NONE', #3997, 1000.000000000000000 ) ;
#5857 = FACE_OUTER_BOUND ( 'NONE', #7745, .T. ) ;
#5858 = FACE_OUTER_BOUND ( 'NONE', #5409, .T. ) ;
#5859 = CARTESIAN_POINT ( 'NONE',  ( 22.09999999991255100, -19.99036512018248500, 250.0000000000000000 ) ) ;
#5860 = EDGE_CURVE ( 'NONE', #463, #1703, #7045, .T. ) ;
#5861 = ORIENTED_EDGE ( 'NONE', *, *, #1200, .F. ) ;
#5862 = ORIENTED_EDGE ( 'NONE', *, *, #5987, .T. ) ;
#5863 = EDGE_LOOP ( 'NONE', ( #2783, #11729, #1654, #6410 ) ) ;
#5864 = ORIENTED_EDGE ( 'NONE', *, *, #9809, .T. ) ;
#5865 = DIRECTION ( 'NONE',  ( 0.0000000000000000000, 0.0000000000000000000, 1.000000000000000000 ) ) ;
#5866 = CARTESIAN_POINT ( 'NONE',  ( 66.55999999997978000, 5.495853944692208300, 250.0000000000000000 ) ) ;
#5867 = LINE ( 'NONE', #2716, #5302 ) ;
#5868 = LINE ( 'NONE', #9987, #4873 ) ;
#5869 = CARTESIAN_POINT ( 'NONE',  ( 56.09999999999428200, 2.836663079479063000, 250.0000000000000000 ) ) ;
#5870 = ORIENTED_EDGE ( 'NONE', *, *, #2064, .F. ) ;
#5871 = DIRECTION ( 'NONE',  ( -1.000000000000000000, 0.0000000000000000000, 0.0000000000000000000 ) ) ;
#5872 = ORIENTED_EDGE ( 'NONE', *, *, #217, .T. ) ;
#5873 = VERTEX_POINT ( 'NONE', #8464 ) ;
#5874 = ORIENTED_EDGE ( 'NONE', *, *, #5429, .T. ) ;
#5875 = VERTEX_POINT ( 'NONE', #4706 ) ;
#5876 = ORIENTED_EDGE ( 'NONE', *, *, #5068, .F. ) ;
#5877 = ORIENTED_EDGE ( 'NONE', *, *, #6330, .T. ) ;
#5878 = EDGE_CURVE ( 'NONE', #6073, #10441, #4486, .T. ) ;
#5879 = EDGE_LOOP ( 'NONE', ( #509, #9001, #9681, #3526 ) ) ;
#5880 = ADVANCED_FACE ( 'NONE', ( #5065 ), #3916, .F. ) ;
#5881 = CARTESIAN_POINT ( 'NONE',  ( 68.49999999999418800, -29.99036512018231800, 250.0000000000000000 ) ) ;
#5882 = PLANE ( 'NONE',  #1142 ) ;
#5883 = LINE ( 'NONE', #9821, #9022 ) ;
#5884 = LINE ( 'NONE', #10714, #11166 ) ;
#5885 = CARTESIAN_POINT ( 'NONE',  ( 44.91137084989254200, -29.99036512018217600, 250.0000000000000000 ) ) ;
#5886 = DIRECTION ( 'NONE',  ( 1.000000000000000000, -0.0000000000000000000, -0.0000000000000000000 ) ) ;
#5887 = CARTESIAN_POINT ( 'NONE',  ( 22.84915719303598500, -23.89285944546705000, 250.0000000000000000 ) ) ;
#5888 = VERTEX_POINT ( 'NONE', #11189 ) ;
#5889 = EDGE_CURVE ( 'NONE', #9605, #2216, #11772, .T. ) ;
#5890 = VERTEX_POINT ( 'NONE', #2867 ) ;
#5891 = ORIENTED_EDGE ( 'NONE', *, *, #1829, .F. ) ;
#5892 = ORIENTED_EDGE ( 'NONE', *, *, #6860, .T. ) ;
#5893 = EDGE_LOOP ( 'NONE', ( #1765, #2730, #8033, #2357 ) ) ;
#5894 = VERTEX_POINT ( 'NONE', #7466 ) ;
#5895 = CARTESIAN_POINT ( 'NONE',  ( 62.82907852443339900, -23.89285944546705000, 0.0000000000000000000 ) ) ;
#5896 = EDGE_CURVE ( 'NONE', #1618, #6844, #2343, .T. ) ;
#5897 = ORIENTED_EDGE ( 'NONE', *, *, #8842, .T. ) ;
#5898 = DIRECTION ( 'NONE',  ( 0.0000000000000000000, 0.0000000000000000000, 1.000000000000000000 ) ) ;
#5899 = AXIS2_PLACEMENT_3D ( 'NONE', #7296, #1690, #5330 ) ;
#5900 = VECTOR ( 'NONE', #5062, 1000.000000000000000 ) ;
#5901 = VECTOR ( 'NONE', #6874, 1000.000000000000100 ) ;
#5902 = PLANE ( 'NONE',  #2735 ) ;
#5903 = PLANE ( 'NONE',  #963 ) ;
#5904 = CARTESIAN_POINT ( 'NONE',  ( 16.10963486571920800, -17.15999998590069400, 0.0000000000000000000 ) ) ;
#5905 = ORIENTED_EDGE ( 'NONE', *, *, #7705, .T. ) ;
#5906 = ORIENTED_EDGE ( 'NONE', *, *, #217, .F. ) ;
#5907 = ORIENTED_EDGE ( 'NONE', *, *, #6932, .T. ) ;
#5908 = VERTEX_POINT ( 'NONE', #7937 ) ;
#5909 = VECTOR ( 'NONE', #9824, 1000.000000000000000 ) ;
#5910 = DIRECTION ( 'NONE',  ( -0.0000000000000000000, -0.0000000000000000000, -1.000000000000000000 ) ) ;
#5911 = EDGE_CURVE ( 'NONE', #3423, #1178, #5927, .T. ) ;
#5912 = EDGE_CURVE ( 'NONE', #11314, #6423, #3913, .T. ) ;
#5913 = VECTOR ( 'NONE', #8214, 1000.000000000000000 ) ;
#5914 = VECTOR ( 'NONE', #7877, 1000.000000000000000 ) ;
#5915 = DIRECTION ( 'NONE',  ( 1.000000000000000000, 0.0000000000000000000, 0.0000000000000000000 ) ) ;
#5916 = CARTESIAN_POINT ( 'NONE',  ( 7.660000000007168600, 6.577983149782563800, 250.0000000000000000 ) ) ;
#5917 = CARTESIAN_POINT ( 'NONE',  ( 60.08871339015073700, -23.89285944546705000, 250.0000000000000000 ) ) ;
#5918 = PLANE ( 'NONE',  #3388 ) ;
#5919 = ADVANCED_FACE ( 'NONE', ( #525 ), #7973, .F. ) ;
#5920 = CARTESIAN_POINT ( 'NONE',  ( 54.49666307946017000, -26.55128087389479300, 0.0000000000000000000 ) ) ;
#5921 = ORIENTED_EDGE ( 'NONE', *, *, #5256, .F. ) ;
#5922 = DIRECTION ( 'NONE',  ( -2.832201593431446400E-014, 1.000000000000000000, 0.0000000000000000000 ) ) ;
#5923 = ORIENTED_EDGE ( 'NONE', *, *, #974, .F. ) ;
#5924 = VECTOR ( 'NONE', #7683, 1000.000000000000100 ) ;
#5925 = CARTESIAN_POINT ( 'NONE',  ( 4.345685424949175000, -29.75605054513152900, 0.0000000000000000000 ) ) ;
#5926 = VECTOR ( 'NONE', #4109, 1000.000000000000100 ) ;
#5927 = LINE ( 'NONE', #3417, #10185 ) ;
#5928 = DIRECTION ( 'NONE',  ( -0.0000000000000000000, -0.0000000000000000000, -1.000000000000000000 ) ) ;
#5929 = EDGE_CURVE ( 'NONE', #7588, #2345, #6896, .T. ) ;
#5930 = EDGE_CURVE ( 'NONE', #9972, #8563, #8063, .T. ) ;
#5931 = CARTESIAN_POINT ( 'NONE',  ( 56.20084259524218600, 0.009634879817567443300, 0.0000000000000000000 ) ) ;
#5932 = ORIENTED_EDGE ( 'NONE', *, *, #9167, .T. ) ;
#5933 = VERTEX_POINT ( 'NONE', #307 ) ;
#5934 = VERTEX_POINT ( 'NONE', #3043 ) ;
#5935 = DIRECTION ( 'NONE',  ( 0.0000000000000000000, -1.000000000000000000, 0.0000000000000000000 ) ) ;
#5936 = CIRCLE ( 'NONE', #58, 2.099999999999997900 ) ;
#5937 = VECTOR ( 'NONE', #4803, 1000.000000000000000 ) ;
#5938 = DIRECTION ( 'NONE',  ( 0.7071067811865491300, -0.7071067811865459100, 0.0000000000000000000 ) ) ;
#5939 = DIRECTION ( 'NONE',  ( -1.000000000000000000, -0.0000000000000000000, -0.0000000000000000000 ) ) ;
#5940 = ORIENTED_EDGE ( 'NONE', *, *, #9637, .T. ) ;
#5941 = CARTESIAN_POINT ( 'NONE',  ( 51.79999999997984600, -5.496196365999258800, 250.0000000000000000 ) ) ;
#5942 = CARTESIAN_POINT ( 'NONE',  ( 17.16956179095151900, -16.08952446469493200, 0.0000000000000000000 ) ) ;
#5943 = ORIENTED_EDGE ( 'NONE', *, *, #11468, .T. ) ;
#5944 = ORIENTED_EDGE ( 'NONE', *, *, #4083, .T. ) ;
#5945 = VECTOR ( 'NONE', #5145, 1000.000000000000000 ) ;
#5946 = ADVANCED_FACE ( 'NONE', ( #6329 ), #9276, .F. ) ;
#5947 = PLANE ( 'NONE',  #8194 ) ;
#5948 = ORIENTED_EDGE ( 'NONE', *, *, #5118, .F. ) ;
#5949 = VECTOR ( 'NONE', #5939, 1000.000000000000000 ) ;
#5950 = DIRECTION ( 'NONE',  ( -0.7071067811865474600, -0.7071067811865474600, 0.0000000000000000000 ) ) ;
#5951 = DIRECTION ( 'NONE',  ( 0.7071067811865685600, 0.7071067811865264800, 0.0000000000000000000 ) ) ;
#5952 = CARTESIAN_POINT ( 'NONE',  ( 68.19999999999419100, -26.56036512018241400, 250.0000000000000000 ) ) ;
#5953 = VECTOR ( 'NONE', #6293, 1000.000000000000000 ) ;
#5954 = PLANE ( 'NONE',  #6845 ) ;
#5955 = EDGE_CURVE ( 'NONE', #7837, #1001, #5353, .T. ) ;
#5956 = CARTESIAN_POINT ( 'NONE',  ( 62.87537646962544400, -28.30036512018218900, 0.0000000000000000000 ) ) ;
#5957 = DIRECTION ( 'NONE',  ( 0.7071067811865500200, -0.7071067811865451300, 0.0000000000000000000 ) ) ;
#5958 = EDGE_CURVE ( 'NONE', #6342, #6166, #2208, .T. ) ;
#5959 = CARTESIAN_POINT ( 'NONE',  ( 37.15084280695820200, -23.89285944546705000, 0.0000000000000000000 ) ) ;
#5960 = VERTEX_POINT ( 'NONE', #5375 ) ;
#5961 = VECTOR ( 'NONE', #7906, 1000.000000000000000 ) ;
#5962 = DIRECTION ( 'NONE',  ( -0.0000000000000000000, -0.0000000000000000000, -1.000000000000000000 ) ) ;
#5963 = EDGE_CURVE ( 'NONE', #406, #4929, #2062, .T. ) ;
#5964 = CYLINDRICAL_SURFACE ( 'NONE', #10479, 0.7999999999974138900 ) ;
#5965 = DIRECTION ( 'NONE',  ( -5.485612931425163500E-012, 1.000000000000000000, 0.0000000000000000000 ) ) ;
#5966 = AXIS2_PLACEMENT_3D ( 'NONE', #2883, #7267, #1815 ) ;
#5967 = DIRECTION ( 'NONE',  ( -7.360691681704703100E-012, -1.000000000000000000, 0.0000000000000000000 ) ) ;
#5968 = CARTESIAN_POINT ( 'NONE',  ( 42.82952246339918600, -23.89285944546705000, 250.0000000000000000 ) ) ;
#5969 = ADVANCED_FACE ( 'NONE', ( #7482 ), #10862, .T. ) ;
#5970 = ORIENTED_EDGE ( 'NONE', *, *, #7592, .F. ) ;
#5971 = LINE ( 'NONE', #7184, #1965 ) ;
#5972 = CARTESIAN_POINT ( 'NONE',  ( -0.08871339015654969300, -23.89285944546705000, 250.0000000000000000 ) ) ;
#5973 = CYLINDRICAL_SURFACE ( 'NONE', #6632, 0.7899999999999990400 ) ;
#5974 = CARTESIAN_POINT ( 'NONE',  ( 51.79999999999418500, 6.577983149782563800, 0.0000000000000000000 ) ) ;
#5975 = DIRECTION ( 'NONE',  ( 0.0000000000000000000, -1.000000000000000000, 0.0000000000000000000 ) ) ;
#5976 = EDGE_CURVE ( 'NONE', #5548, #6287, #233, .T. ) ;
#5977 = EDGE_CURVE ( 'NONE', #6564, #8563, #2627, .T. ) ;
#5978 = DIRECTION ( 'NONE',  ( -1.000000000000000000, 0.0000000000000000000, 0.0000000000000000000 ) ) ;
#5979 = VECTOR ( 'NONE', #9047, 1000.000000000000000 ) ;
#5980 = EDGE_LOOP ( 'NONE', ( #3407, #7398, #4333, #10711 ) ) ;
#5981 = EDGE_LOOP ( 'NONE', ( #7314, #2042, #10338, #77, #6619 ) ) ;
#5982 = VECTOR ( 'NONE', #3169, 1000.000000000000000 ) ;
#5983 = CARTESIAN_POINT ( 'NONE',  ( -8.309999999992822200, 2.882517024158107500, 250.0000000000000000 ) ) ;
#5984 = LINE ( 'NONE', #3274, #11697 ) ;
#5985 = DIRECTION ( 'NONE',  ( -1.000000000000000000, 0.0000000000000000000, 0.0000000000000000000 ) ) ;
#5986 = CARTESIAN_POINT ( 'NONE',  ( 54.50397484464128400, 6.565966396540218000, 0.0000000000000000000 ) ) ;
#5987 = EDGE_CURVE ( 'NONE', #4455, #7914, #8928, .T. ) ;
#5988 = EDGE_CURVE ( 'NONE', #9443, #9010, #9480, .T. ) ;
#5989 = CARTESIAN_POINT ( 'NONE',  ( 27.31926974553797300, -11.79036512018218900, 0.0000000000000000000 ) ) ;
#5990 = EDGE_LOOP ( 'NONE', ( #585, #603, #11440, #1627 ) ) ;
#5991 = EDGE_LOOP ( 'NONE', ( #5650, #332, #8147, #8255, #7399, #5171, #6766, #8197, #9257, #7153, #11717, #4605, #2132, #2597, #7200, #10388, #6472, #10279, #6261, #3879, #10254, #142, #6155, #11020, #3481, #6095, #9547, #11369, #6863, #8760, #5071, #6285, #8439, #9781, #8018, #3168, #4306, #1926, #11583, #9458, #1842, #4115, #10135, #7427, #7740, #10363, #3339, #770, #4320, #2644, #6030, #1334, #10750, #4844, #6753, #10445, #1480, #2743, #11692, #880, #11452, #10427, #1750, #8057, #2163, #3219, #9966, #3805, #1432, #11581, #5720, #3870, #7873, #9668, #5583, #1864, #4627, #8578, #53, #5336, #8312, #299, #5788, #10054, #11051, #6336, #4994, #5872, #3519, #8291, #2501, #1898, #4958, #3735, #2821, #4587, #5310, #5454, #355, #11724, #3840, #8627, #172, #5614, #4629, #6437, #1443, #9034, #2159, #7137, #729, #4922, #632, #11689, #10147, #5022, #7154, #4572, #2258, #2971, #10531, #11455, #8400, #198, #1736, #10315, #10576, #6848, #1712, #939, #2283, #11451, #4208, #3484, #3567, #6108, #2599, #1527, #10269, #9890, #11663, #9271, #1615, #8461, #4719, #3861, #658, #2741, #6202, #4372, #6386, #6283, #5540, #5284, #11131, #4221, #7134, #5892, #5445, #10454, #1268, #8253, #5435, #1464, #7001, #2760, #1503, #2666, #7574, #6315, #7722, #9457, #9729, #308, #1841, #7452, #298, #11175, #7900, #16, #3195, #8066, #2834, #1493, #1070, #11325, #8164, #5328, #5170, #11473, #6262, #1531, #331, #6042, #8896, #8452, #8324, #7342, #301, #967, #5943, #1468, #1204, #5146, #6772, #11060, #5932, #1865, #9122, #7204, #8579, #9693, #977, #5557, #4367, #4078, #11070, #4832, #6577, #1444, #5599, #6306, #9305, #1604, #7151, #4158, #9827, #4299, #8048, #7259, #7390, #1594, #3948, #2984, #6820, #6694, #6118, #5419, #9288, #3023, #187, #10438, #1085, #3766, #3496, #5314, #8694, #6145, #8029, #1518, #7697, #11367 ) ) ;
#5992 = ORIENTED_EDGE ( 'NONE', *, *, #251, .T. ) ;
#5993 = VECTOR ( 'NONE', #175, 1000.000000000000000 ) ;
#5994 = VECTOR ( 'NONE', #6495, 1000.000000000000000 ) ;
#5995 = AXIS2_PLACEMENT_3D ( 'NONE', #314, #7707, #8596 ) ;
#5996 = LINE ( 'NONE', #9014, #8865 ) ;
#5997 = ADVANCED_FACE ( 'NONE', ( #6197 ), #8470, .T. ) ;
#5998 = CARTESIAN_POINT ( 'NONE',  ( 3.900000000014339600, -22.83451117550332300, 0.0000000000000000000 ) ) ;
#5999 = CARTESIAN_POINT ( 'NONE',  ( 37.15175855260161300, -16.08952446469493200, 250.0000000000000000 ) ) ;
#6000 = ORIENTED_EDGE ( 'NONE', *, *, #11433, .T. ) ;
#6001 = EDGE_LOOP ( 'NONE', ( #5828, #246, #6273, #1455 ) ) ;
#6002 = ORIENTED_EDGE ( 'NONE', *, *, #1278, .F. ) ;
#6003 = CARTESIAN_POINT ( 'NONE',  ( -9.999999999999994700, -24.89759383445705900, 0.0000000000000000000 ) ) ;
#6004 = VERTEX_POINT ( 'NONE', #9902 ) ;
#6005 = LINE ( 'NONE', #2960, #1588 ) ;
#6006 = CYLINDRICAL_SURFACE ( 'NONE', #4413, 0.7999999999974173300 ) ;
#6007 = CARTESIAN_POINT ( 'NONE',  ( 14.49666307946589100, -28.19036512018228900, 250.0000000000000000 ) ) ;
#6008 = DIRECTION ( 'NONE',  ( -0.7071067811865450200, 0.7071067811865500200, -0.0000000000000000000 ) ) ;
#6009 = DIRECTION ( 'NONE',  ( 0.0000000000000000000, 0.0000000000000000000, 1.000000000000000000 ) ) ;
#6010 = VERTEX_POINT ( 'NONE', #9136 ) ;
#6011 = VERTEX_POINT ( 'NONE', #11069 ) ;
#6012 = VERTEX_POINT ( 'NONE', #8315 ) ;
#6013 = ORIENTED_EDGE ( 'NONE', *, *, #10266, .F. ) ;
#6014 = ORIENTED_EDGE ( 'NONE', *, *, #10204, .T. ) ;
#6015 = CARTESIAN_POINT ( 'NONE',  ( -4.899916949086816400, 10.00963487981756800, 250.0000000000000000 ) ) ;
#6016 = VECTOR ( 'NONE', #8041, 1000.000000000000000 ) ;
#6017 = FACE_OUTER_BOUND ( 'NONE', #7291, .T. ) ;
#6018 = DIRECTION ( 'NONE',  ( -0.0000000000000000000, -0.0000000000000000000, -1.000000000000000000 ) ) ;
#6019 = EDGE_CURVE ( 'NONE', #11508, #7710, #4774, .T. ) ;
#6020 = DIRECTION ( 'NONE',  ( -1.000000000000000000, 3.179095945533918700E-016, -0.0000000000000000000 ) ) ;
#6021 = ORIENTED_EDGE ( 'NONE', *, *, #8365, .F. ) ;
#6022 = ORIENTED_EDGE ( 'NONE', *, *, #3060, .F. ) ;
#6023 = ORIENTED_EDGE ( 'NONE', *, *, #3263, .F. ) ;
#6024 = ORIENTED_EDGE ( 'NONE', *, *, #8189, .T. ) ;
#6025 = EDGE_LOOP ( 'NONE', ( #7769, #7874, #2307, #8643 ) ) ;
#6026 = VERTEX_POINT ( 'NONE', #11107 ) ;
#6027 = CARTESIAN_POINT ( 'NONE',  ( 40.00000000008163400, -19.99036512018248500, 250.0000000000000000 ) ) ;
#6028 = DIRECTION ( 'NONE',  ( 0.0000000000000000000, 0.0000000000000000000, -1.000000000000000000 ) ) ;
#6029 = CARTESIAN_POINT ( 'NONE',  ( 49.99999999999419500, -4.904230295371559300, 250.0000000000000000 ) ) ;
#6030 = ORIENTED_EDGE ( 'NONE', *, *, #4607, .T. ) ;
#6031 = AXIS2_PLACEMENT_3D ( 'NONE', #10258, #2122, #6651 ) ;
#6032 = VECTOR ( 'NONE', #5254, 1000.000000000000000 ) ;
#6033 = FACE_OUTER_BOUND ( 'NONE', #3276, .T. ) ;
#6034 = EDGE_LOOP ( 'NONE', ( #8990, #9996, #6454, #6313 ) ) ;
#6035 = ORIENTED_EDGE ( 'NONE', *, *, #4066, .F. ) ;
#6036 = EDGE_LOOP ( 'NONE', ( #10852, #10010, #3424, #4458 ) ) ;
#6037 = EDGE_CURVE ( 'NONE', #7105, #10409, #6606, .T. ) ;
#6038 = EDGE_LOOP ( 'NONE', ( #1421, #9932, #6703, #18 ) ) ;
#6039 = DIRECTION ( 'NONE',  ( 1.000000000000000000, 0.0000000000000000000, -0.0000000000000000000 ) ) ;
#6040 = CARTESIAN_POINT ( 'NONE',  ( 57.11731176518218700, 8.207983149782574400, 250.0000000000000000 ) ) ;
#6041 = VERTEX_POINT ( 'NONE', #7516 ) ;
#6042 = ORIENTED_EDGE ( 'NONE', *, *, #9530, .T. ) ;
#6043 = FACE_OUTER_BOUND ( 'NONE', #5448, .T. ) ;
#6044 = LINE ( 'NONE', #7213, #3608 ) ;
#6045 = DIRECTION ( 'NONE',  ( 1.000000000000000000, 0.0000000000000000000, 0.0000000000000000000 ) ) ;
#6046 = EDGE_CURVE ( 'NONE', #1537, #4404, #11205, .T. ) ;
#6047 = AXIS2_PLACEMENT_3D ( 'NONE', #1839, #6421, #10051 ) ;
#6048 = ORIENTED_EDGE ( 'NONE', *, *, #1161, .F. ) ;
#6049 = CARTESIAN_POINT ( 'NONE',  ( 51.79999999997984600, 5.495853944692210100, 250.0000000000000000 ) ) ;
#6050 = AXIS2_PLACEMENT_3D ( 'NONE', #3556, #1707, #2567 ) ;
#6051 = ORIENTED_EDGE ( 'NONE', *, *, #2091, .F. ) ;
#6052 = LINE ( 'NONE', #3225, #8926 ) ;
#6053 = DIRECTION ( 'NONE',  ( -1.000000000000000000, 0.0000000000000000000, 0.0000000000000000000 ) ) ;
#6054 = CARTESIAN_POINT ( 'NONE',  ( 53.43999999999424200, -5.496196365999260500, 0.0000000000000000000 ) ) ;
#6055 = VECTOR ( 'NONE', #4561, 1000.000000000000000 ) ;
#6056 = VECTOR ( 'NONE', #10337, 1000.000000000000000 ) ;
#6057 = ADVANCED_FACE ( 'NONE', ( #1378 ), #5605, .F. ) ;
#6058 = VERTEX_POINT ( 'NONE', #8433 ) ;
#6059 = EDGE_CURVE ( 'NONE', #8637, #4172, #2494, .T. ) ;
#6060 = EDGE_CURVE ( 'NONE', #8031, #10190, #5619, .T. ) ;
#6061 = ORIENTED_EDGE ( 'NONE', *, *, #483, .T. ) ;
#6062 = VECTOR ( 'NONE', #9284, 1000.000000000000000 ) ;
#6063 = LINE ( 'NONE', #9748, #3626 ) ;
#6064 = DIRECTION ( 'NONE',  ( 0.0000000000000000000, -1.000000000000000000, 0.0000000000000000000 ) ) ;
#6065 = CARTESIAN_POINT ( 'NONE',  ( 1.734723475976807100E-015, -16.08952252493459100, 250.0000000000000000 ) ) ;
#6066 = PLANE ( 'NONE',  #11 ) ;
#6067 = CARTESIAN_POINT ( 'NONE',  ( 50.73036512016554400, -11.79869069127881800, 250.0000000000000000 ) ) ;
#6068 = CARTESIAN_POINT ( 'NONE',  ( -3.899999999985570600, 0.09834826997499368500, 250.0000000000000000 ) ) ;
#6069 = ORIENTED_EDGE ( 'NONE', *, *, #1174, .T. ) ;
#6070 = DIRECTION ( 'NONE',  ( 0.7071067811865486800, 0.7071067811865464600, 0.0000000000000000000 ) ) ;
#6071 = CARTESIAN_POINT ( 'NONE',  ( -8.310000000000002300, -17.11498865055904900, 0.0000000000000000000 ) ) ;
#6072 = ORIENTED_EDGE ( 'NONE', *, *, #1651, .F. ) ;
#6073 = VERTEX_POINT ( 'NONE', #2930 ) ;
#6074 = LINE ( 'NONE', #9948, #1929 ) ;
#6075 = VECTOR ( 'NONE', #7978, 1000.000000000000000 ) ;
#6076 = CARTESIAN_POINT ( 'NONE',  ( 15.66761782315117400, -10.22967028555615500, 250.0000000000000000 ) ) ;
#6077 = ORIENTED_EDGE ( 'NONE', *, *, #8467, .F. ) ;
#6078 = DIRECTION ( 'NONE',  ( 0.0000000000000000000, -0.0000000000000000000, -1.000000000000000000 ) ) ;
#6079 = ORIENTED_EDGE ( 'NONE', *, *, #8546, .F. ) ;
#6080 = LINE ( 'NONE', #6049, #397 ) ;
#6081 = ADVANCED_FACE ( 'NONE', ( #11352 ), #157, .F. ) ;
#6082 = VECTOR ( 'NONE', #11710, 1000.000000000000100 ) ;
#6083 = DIRECTION ( 'NONE',  ( -1.000000000000000000, -2.124148279354379300E-014, -0.0000000000000000000 ) ) ;
#6084 = CARTESIAN_POINT ( 'NONE',  ( 57.89999999999419300, 0.009634879817567443300, 250.0000000000000000 ) ) ;
#6085 = CARTESIAN_POINT ( 'NONE',  ( 68.49999999999418800, -29.99036512018231800, 250.0000000000000000 ) ) ;
#6086 = CARTESIAN_POINT ( 'NONE',  ( 2.889999999999921100, -28.19036512018228900, 250.0000000000000000 ) ) ;
#6087 = EDGE_CURVE ( 'NONE', #3000, #1247, #2621, .T. ) ;
#6088 = DIRECTION ( 'NONE',  ( -1.000000000000000000, 0.0000000000000000000, 0.0000000000000000000 ) ) ;
#6089 = LINE ( 'NONE', #4092, #8373 ) ;
#6090 = FACE_OUTER_BOUND ( 'NONE', #1326, .T. ) ;
#6091 = AXIS2_PLACEMENT_3D ( 'NONE', #7986, #4473, #10807 ) ;
#6092 = LINE ( 'NONE', #758, #4819 ) ;
#6093 = AXIS2_PLACEMENT_3D ( 'NONE', #6199, #768, #3448 ) ;
#6094 = CARTESIAN_POINT ( 'NONE',  ( 43.89036513427484500, -22.83073024036426800, 250.0000000000000000 ) ) ;
#6095 = ORIENTED_EDGE ( 'NONE', *, *, #11076, .T. ) ;
#6096 = FACE_OUTER_BOUND ( 'NONE', #9971, .T. ) ;
#6097 = CARTESIAN_POINT ( 'NONE',  ( -9.999999999992834200, 8.505591811452930500, 250.0000000000000000 ) ) ;
#6098 = EDGE_CURVE ( 'NONE', #7290, #10994, #2758, .T. ) ;
#6099 = DIRECTION ( 'NONE',  ( -1.000000000000000000, 0.0000000000000000000, 0.0000000000000000000 ) ) ;
#6100 = PLANE ( 'NONE',  #8703 ) ;
#6101 = LINE ( 'NONE', #7518, #3667 ) ;
#6102 = VECTOR ( 'NONE', #1783, 1000.000000000000100 ) ;
#6103 = EDGE_CURVE ( 'NONE', #4736, #4016, #8327, .T. ) ;
#6104 = ADVANCED_FACE ( 'NONE', ( #6746 ), #2093, .F. ) ;
#6105 = CARTESIAN_POINT ( 'NONE',  ( -8.199999999999999300, -26.56036512018241400, 250.0000000000000000 ) ) ;
#6106 = EDGE_CURVE ( 'NONE', #4630, #5934, #944, .T. ) ;
#6107 = ORIENTED_EDGE ( 'NONE', *, *, #5519, .T. ) ;
#6108 = ORIENTED_EDGE ( 'NONE', *, *, #8212, .T. ) ;
#6109 = FACE_OUTER_BOUND ( 'NONE', #11606, .T. ) ;
#6110 = DIRECTION ( 'NONE',  ( 1.000000000000000000, 0.0000000000000000000, 0.0000000000000000000 ) ) ;
#6111 = AXIS2_PLACEMENT_3D ( 'NONE', #1954, #190, #4705 ) ;
#6112 = CARTESIAN_POINT ( 'NONE',  ( -0.1066738410739513600, 3.907140554540114300, 0.0000000000000000000 ) ) ;
#6113 = VECTOR ( 'NONE', #7457, 1000.000000000000000 ) ;
#6114 = LINE ( 'NONE', #1560, #5544 ) ;
#6115 = CARTESIAN_POINT ( 'NONE',  ( 53.42999999998703200, 7.667983149782571700, 0.0000000000000000000 ) ) ;
#6116 = CARTESIAN_POINT ( 'NONE',  ( -2.875376469631258900, -28.19036512018228900, 0.0000000000000000000 ) ) ;
#6117 = ORIENTED_EDGE ( 'NONE', *, *, #4914, .F. ) ;
#6118 = ORIENTED_EDGE ( 'NONE', *, *, #9775, .T. ) ;
#6119 = VERTEX_POINT ( 'NONE', #9193 ) ;
#6120 = VECTOR ( 'NONE', #9998, 1000.000000000000000 ) ;
#6121 = DIRECTION ( 'NONE',  ( 0.0000000000000000000, -1.000000000000000000, 0.0000000000000000000 ) ) ;
#6122 = EDGE_CURVE ( 'NONE', #5908, #2454, #2195, .T. ) ;
#6123 = EDGE_CURVE ( 'NONE', #10566, #10723, #4344, .T. ) ;
#6124 = EDGE_LOOP ( 'NONE', ( #1830, #10578, #5787, #3614 ) ) ;
#6125 = DIRECTION ( 'NONE',  ( -0.7071067811865567900, -0.7071067811865382500, 0.0000000000000000000 ) ) ;
#6126 = VECTOR ( 'NONE', #8757, 1000.000000000000100 ) ;
#6127 = CARTESIAN_POINT ( 'NONE',  ( 20.11084238353197400, -23.89285944546705000, 250.0000000000000000 ) ) ;
#6128 = FACE_OUTER_BOUND ( 'NONE', #1482, .T. ) ;
#6129 = ORIENTED_EDGE ( 'NONE', *, *, #9580, .T. ) ;
#6130 = ORIENTED_EDGE ( 'NONE', *, *, #10538, .T. ) ;
#6131 = ORIENTED_EDGE ( 'NONE', *, *, #842, .T. ) ;
#6132 = VECTOR ( 'NONE', #6539, 1000.000000000000000 ) ;
#6133 = DIRECTION ( 'NONE',  ( 0.7071067811865470200, 0.7071067811865479100, -0.0000000000000000000 ) ) ;
#6134 = DIRECTION ( 'NONE',  ( -5.484285338750569400E-012, -1.000000000000000000, -0.0000000000000000000 ) ) ;
#6135 = CARTESIAN_POINT ( 'NONE',  ( 7.167877051065232000E-012, -3.901602146817069200, 250.0000000000000000 ) ) ;
#6136 = CIRCLE ( 'NONE', #28, 1.504043068364644000 ) ;
#6138 = ADVANCED_FACE ( 'NONE', ( #7622 ), #8636, .T. ) ;
#6137 = VECTOR ( 'NONE', #7064, 1000.000000000000000 ) ;
#6139 = EDGE_CURVE ( 'NONE', #4843, #7896, #8920, .T. ) ;
#6140 = EDGE_CURVE ( 'NONE', #6707, #9194, #6468, .T. ) ;
#6141 = CARTESIAN_POINT ( 'NONE',  ( 37.15175855260161300, -16.08952446469493200, 250.0000000000000000 ) ) ;
#6142 = PLANE ( 'NONE',  #6091 ) ;
#6143 = VERTEX_POINT ( 'NONE', #9532 ) ;
#6144 = VERTEX_POINT ( 'NONE', #5838 ) ;
#6145 = ORIENTED_EDGE ( 'NONE', *, *, #6059, .T. ) ;
#6146 = VERTEX_POINT ( 'NONE', #401 ) ;
#6147 = AXIS2_PLACEMENT_3D ( 'NONE', #4222, #5978, #11525 ) ;
#6148 = DIRECTION ( 'NONE',  ( 1.000000000000000000, 0.0000000000000000000, 0.0000000000000000000 ) ) ;
#6149 = VECTOR ( 'NONE', #8420, 1000.000000000000000 ) ;
#6150 = LINE ( 'NONE', #1670, #3439 ) ;
#6151 = CARTESIAN_POINT ( 'NONE',  ( -3.899999999985570600, -0.1033369205210043500, 0.0000000000000000000 ) ) ;
#6152 = DIRECTION ( 'NONE',  ( -0.0000000000000000000, -0.0000000000000000000, -1.000000000000000000 ) ) ;
#6153 = ORIENTED_EDGE ( 'NONE', *, *, #9961, .F. ) ;
#6154 = ORIENTED_EDGE ( 'NONE', *, *, #8248, .T. ) ;
#6155 = ORIENTED_EDGE ( 'NONE', *, *, #177, .T. ) ;
#6156 = ORIENTED_EDGE ( 'NONE', *, *, #10719, .F. ) ;
#6157 = ORIENTED_EDGE ( 'NONE', *, *, #117, .F. ) ;
#6158 = CARTESIAN_POINT ( 'NONE',  ( -6.559999999999963200, -25.49370204071641800, 0.0000000000000000000 ) ) ;
#6159 = ORIENTED_EDGE ( 'NONE', *, *, #3049, .T. ) ;
#6160 = CARTESIAN_POINT ( 'NONE',  ( 17.16956179095151900, -16.08952446469493200, 250.0000000000000000 ) ) ;
#6161 = LINE ( 'NONE', #10858, #3730 ) ;
#6162 = FACE_OUTER_BOUND ( 'NONE', #2288, .T. ) ;
#6163 = DIRECTION ( 'NONE',  ( 0.7072143353591016100, -0.7069992106520233100, -0.0000000000000000000 ) ) ;
#6164 = ORIENTED_EDGE ( 'NONE', *, *, #2316, .F. ) ;
#6165 = CARTESIAN_POINT ( 'NONE',  ( 64.34130259194363100, 9.778249236954939900, 250.0000000000000000 ) ) ;
#6166 = VERTEX_POINT ( 'NONE', #5931 ) ;
#6167 = EDGE_LOOP ( 'NONE', ( #5854, #4657, #10616, #11040 ) ) ;
#6168 = ORIENTED_EDGE ( 'NONE', *, *, #4817, .T. ) ;
#6170 = ORIENTED_EDGE ( 'NONE', *, *, #1901, .T. ) ;
#6169 = DIRECTION ( 'NONE',  ( -4.823982726541860400E-016, -1.000000000000000000, 0.0000000000000000000 ) ) ;
#6171 = EDGE_LOOP ( 'NONE', ( #4697, #3863, #10386, #7083 ) ) ;
#6172 = ADVANCED_FACE ( 'NONE', ( #10909 ), #6649, .F. ) ;
#6173 = VERTEX_POINT ( 'NONE', #9462 ) ;
#6174 = PLANE ( 'NONE',  #1921 ) ;
#6175 = FACE_OUTER_BOUND ( 'NONE', #5060, .T. ) ;
#6176 = VECTOR ( 'NONE', #11574, 1000.000000000000000 ) ;
#6177 = PLANE ( 'NONE',  #4118 ) ;
#6178 = DIRECTION ( 'NONE',  ( 1.000000000000000000, -0.0000000000000000000, -0.0000000000000000000 ) ) ;
#6179 = CARTESIAN_POINT ( 'NONE',  ( 57.10999999999427200, -28.30036512018227400, 250.0000000000000000 ) ) ;
#6180 = EDGE_LOOP ( 'NONE', ( #3820, #8007, #6691, #11716 ) ) ;
#6181 = VERTEX_POINT ( 'NONE', #4040 ) ;
#6182 = ORIENTED_EDGE ( 'NONE', *, *, #738, .F. ) ;
#6183 = CARTESIAN_POINT ( 'NONE',  ( 56.09999999999428200, -2.841651730025073900, 0.0000000000000000000 ) ) ;
#6184 = EDGE_CURVE ( 'NONE', #1466, #85, #10464, .T. ) ;
#6185 = ORIENTED_EDGE ( 'NONE', *, *, #1901, .F. ) ;
#6186 = VECTOR ( 'NONE', #1524, 1000.000000000000000 ) ;
#6187 = AXIS2_PLACEMENT_3D ( 'NONE', #4814, #11206, #5721 ) ;
#6188 = VECTOR ( 'NONE', #588, 1000.000000000000000 ) ;
#6189 = LINE ( 'NONE', #5998, #3758 ) ;
#6190 = EDGE_LOOP ( 'NONE', ( #6185, #5472 ) ) ;
#6191 = ORIENTED_EDGE ( 'NONE', *, *, #824, .F. ) ;
#6192 = CARTESIAN_POINT ( 'NONE',  ( -7.660000000007165100, 6.577983149782563800, 250.0000000000000000 ) ) ;
#6193 = LINE ( 'NONE', #9516, #9904 ) ;
#6194 = EDGE_CURVE ( 'NONE', #898, #9744, #3199, .T. ) ;
#6195 = AXIS2_PLACEMENT_3D ( 'NONE', #6679, #10243, #5752 ) ;
#6196 = VECTOR ( 'NONE', #4674, 1000.000000000000000 ) ;
#6197 = FACE_OUTER_BOUND ( 'NONE', #9873, .T. ) ;
#6198 = PLANE ( 'NONE',  #3462 ) ;
#6199 = CARTESIAN_POINT ( 'NONE',  ( 9.199999999999997500, -4.904230295371559300, 0.0000000000000000000 ) ) ;
#6200 = ADVANCED_FACE ( 'NONE', ( #7917 ), #5766, .F. ) ;
#6201 = ORIENTED_EDGE ( 'NONE', *, *, #9093, .F. ) ;
#6202 = ORIENTED_EDGE ( 'NONE', *, *, #10682, .T. ) ;
#6203 = DIRECTION ( 'NONE',  ( -0.0000000000000000000, -0.0000000000000000000, -1.000000000000000000 ) ) ;
#6204 = ORIENTED_EDGE ( 'NONE', *, *, #10780, .F. ) ;
#6205 = VERTEX_POINT ( 'NONE', #1246 ) ;
#6206 = LINE ( 'NONE', #11510, #10775 ) ;
#6207 = PLANE ( 'NONE',  #10598 ) ;
#6208 = FACE_OUTER_BOUND ( 'NONE', #9178, .T. ) ;
#6209 = EDGE_CURVE ( 'NONE', #9741, #6955, #9467, .T. ) ;
#6210 = EDGE_CURVE ( 'NONE', #905, #4984, #10612, .T. ) ;
#6211 = CARTESIAN_POINT ( 'NONE',  ( 51.68999999999778100, 2.882517024154526400, 0.0000000000000000000 ) ) ;
#6212 = ORIENTED_EDGE ( 'NONE', *, *, #10368, .F. ) ;
#6213 = AXIS2_PLACEMENT_3D ( 'NONE', #426, #1347, #4027 ) ;
#6214 = CARTESIAN_POINT ( 'NONE',  ( 45.50333692052829800, -26.55245490884332000, 250.0000000000000000 ) ) ;
#6215 = CARTESIAN_POINT ( 'NONE',  ( 22.88867965644328400, -11.79036512018251400, 250.0000000000000000 ) ) ;
#6216 = CARTESIAN_POINT ( 'NONE',  ( -2.875376469631258900, -28.30036512018218900, 0.0000000000000000000 ) ) ;
#6217 = VECTOR ( 'NONE', #10113, 1000.000000000000000 ) ;
#6218 = CARTESIAN_POINT ( 'NONE',  ( 40.09043820904360400, -16.08952446469493200, 250.0000000000000000 ) ) ;
#6219 = CARTESIAN_POINT ( 'NONE',  ( 65.48871339015163100, -28.19036512018228900, 250.0000000000000000 ) ) ;
#6220 = CARTESIAN_POINT ( 'NONE',  ( 63.89999999999420100, -20.09619636599925100, 250.0000000000000000 ) ) ;
#6221 = ORIENTED_EDGE ( 'NONE', *, *, #9946, .F. ) ;
#6222 = VECTOR ( 'NONE', #5351, 1000.000000000000000 ) ;
#6223 = ADVANCED_FACE ( 'NONE', ( #10323 ), #5882, .T. ) ;
#6224 = AXIS2_PLACEMENT_3D ( 'NONE', #2862, #2083, #7379 ) ;
#6225 = FACE_BOUND ( 'NONE', #11179, .T. ) ;
#6226 = DIRECTION ( 'NONE',  ( -0.0000000000000000000, -0.0000000000000000000, -1.000000000000000000 ) ) ;
#6227 = ORIENTED_EDGE ( 'NONE', *, *, #3655, .T. ) ;
#6228 = LINE ( 'NONE', #10355, #2801 ) ;
#6229 = LINE ( 'NONE', #10017, #5104 ) ;
#6230 = ADVANCED_FACE ( 'NONE', ( #8192 ), #3051, .F. ) ;
#6231 = CARTESIAN_POINT ( 'NONE',  ( 40.00000000008163400, -19.99036512018248500, 0.0000000000000000000 ) ) ;
#6232 = DIRECTION ( 'NONE',  ( 1.000000000000000000, 4.823982726541860400E-016, 0.0000000000000000000 ) ) ;
#6233 = DIRECTION ( 'NONE',  ( -0.0000000000000000000, -0.0000000000000000000, -1.000000000000000000 ) ) ;
#6234 = EDGE_CURVE ( 'NONE', #11439, #5480, #10172, .T. ) ;
#6235 = FACE_OUTER_BOUND ( 'NONE', #2893, .T. ) ;
#6236 = DIRECTION ( 'NONE',  ( 1.000000000000000000, 0.0000000000000000000, 0.0000000000000000000 ) ) ;
#6237 = ORIENTED_EDGE ( 'NONE', *, *, #278, .T. ) ;
#6238 = LINE ( 'NONE', #11698, #9103 ) ;
#6239 = CARTESIAN_POINT ( 'NONE',  ( 55.65431457504502800, -29.75605054513154700, 250.0000000000000000 ) ) ;
#6240 = LINE ( 'NONE', #132, #6113 ) ;
#6241 = DIRECTION ( 'NONE',  ( -0.0000000000000000000, -0.0000000000000000000, -1.000000000000000000 ) ) ;
#6242 = AXIS2_PLACEMENT_3D ( 'NONE', #4034, #562, #7833 ) ;
#6243 = VECTOR ( 'NONE', #4904, 1000.000000000000100 ) ;
#6244 = CARTESIAN_POINT ( 'NONE',  ( 44.34568542494296400, -29.75605054513145500, 250.0000000000000000 ) ) ;
#6245 = CARTESIAN_POINT ( 'NONE',  ( 62.87537646962544400, -28.30036512018218900, 250.0000000000000000 ) ) ;
#6246 = ADVANCED_FACE ( 'NONE', ( #4620 ), #11394, .F. ) ;
#6247 = EDGE_CURVE ( 'NONE', #610, #11591, #11625, .T. ) ;
#6248 = EDGE_LOOP ( 'NONE', ( #1879, #11413, #6671, #4555 ) ) ;
#6249 = CARTESIAN_POINT ( 'NONE',  ( 68.19999999999419100, -5.496196365999258800, 250.0000000000000000 ) ) ;
#6250 = EDGE_LOOP ( 'NONE', ( #7619, #2810, #8462, #6878 ) ) ;
#6251 = ORIENTED_EDGE ( 'NONE', *, *, #1174, .F. ) ;
#6252 = CARTESIAN_POINT ( 'NONE',  ( 47.30000001409307200, -28.19036512018258000, 0.0000000000000000000 ) ) ;
#6253 = FACE_OUTER_BOUND ( 'NONE', #965, .T. ) ;
#6254 = EDGE_CURVE ( 'NONE', #7271, #4325, #361, .T. ) ;
#6255 = FACE_OUTER_BOUND ( 'NONE', #7975, .T. ) ;
#6256 = DIRECTION ( 'NONE',  ( -0.0000000000000000000, -0.0000000000000000000, -1.000000000000000000 ) ) ;
#6257 = EDGE_CURVE ( 'NONE', #8592, #741, #10757, .T. ) ;
#6258 = DIRECTION ( 'NONE',  ( -2.941907609485902000E-014, 1.000000000000000000, -0.0000000000000000000 ) ) ;
#6259 = CARTESIAN_POINT ( 'NONE',  ( -4.907228714274736200, -29.99036512018231800, 250.0000000000000000 ) ) ;
#6260 = ORIENTED_EDGE ( 'NONE', *, *, #1821, .F. ) ;
#6261 = ORIENTED_EDGE ( 'NONE', *, *, #8144, .T. ) ;
#6262 = ORIENTED_EDGE ( 'NONE', *, *, #9947, .T. ) ;
#6263 = CARTESIAN_POINT ( 'NONE',  ( 65.48871339015163100, -28.19036512018228900, 250.0000000000000000 ) ) ;
#6264 = VECTOR ( 'NONE', #6552, 1000.000000000000000 ) ;
#6265 = CIRCLE ( 'NONE', #2578, 0.8000000000000827600 ) ;
#6266 = PLANE ( 'NONE',  #1419 ) ;
#6267 = LINE ( 'NONE', #7048, #304 ) ;
#6268 = DIRECTION ( 'NONE',  ( -7.653841565949624300E-017, -1.000000000000000000, -0.0000000000000000000 ) ) ;
#6269 = EDGE_CURVE ( 'NONE', #11691, #11162, #667, .T. ) ;
#6270 = EDGE_CURVE ( 'NONE', #7550, #3446, #9763, .T. ) ;
#6271 = DIRECTION ( 'NONE',  ( 0.7072143353590416600, 0.7069992106520833800, 0.0000000000000000000 ) ) ;
#6272 = ORIENTED_EDGE ( 'NONE', *, *, #4434, .T. ) ;
#6273 = ORIENTED_EDGE ( 'NONE', *, *, #689, .F. ) ;
#6274 = ORIENTED_EDGE ( 'NONE', *, *, #6867, .F. ) ;
#6275 = ORIENTED_EDGE ( 'NONE', *, *, #10831, .F. ) ;
#6276 = DIRECTION ( 'NONE',  ( -1.000000000000000000, 0.0000000000000000000, 0.0000000000000000000 ) ) ;
#6277 = ADVANCED_FACE ( 'NONE', ( #8623 ), #607, .F. ) ;
#6278 = LINE ( 'NONE', #2001, #43 ) ;
#6279 = VECTOR ( 'NONE', #11536, 1000.000000000000000 ) ;
#6280 = CARTESIAN_POINT ( 'NONE',  ( -6.240000000007161600, -12.68988765921544000, 250.0000000000000000 ) ) ;
#6281 = CARTESIAN_POINT ( 'NONE',  ( 66.57000000000135700, 8.207983149782574400, 0.0000000000000000000 ) ) ;
#6282 = ORIENTED_EDGE ( 'NONE', *, *, #8042, .T. ) ;
#6283 = ORIENTED_EDGE ( 'NONE', *, *, #10391, .T. ) ;
#6284 = VERTEX_POINT ( 'NONE', #2365 ) ;
#6285 = ORIENTED_EDGE ( 'NONE', *, *, #3122, .T. ) ;
#6286 = VERTEX_POINT ( 'NONE', #6853 ) ;
#6287 = VERTEX_POINT ( 'NONE', #8809 ) ;
#6288 = CARTESIAN_POINT ( 'NONE',  ( 42.87669675189366100, -11.68535571050550600, 0.0000000000000000000 ) ) ;
#6289 = CARTESIAN_POINT ( 'NONE',  ( 32.68073025445621500, -11.79036512018218900, 250.0000000000000000 ) ) ;
#6290 = ORIENTED_EDGE ( 'NONE', *, *, #8768, .F. ) ;
#6291 = EDGE_CURVE ( 'NONE', #1470, #6916, #4916, .T. ) ;
#6292 = EDGE_CURVE ( 'NONE', #4016, #2697, #7324, .T. ) ;
#6293 = DIRECTION ( 'NONE',  ( 0.0000000000000000000, -1.000000000000000000, 0.0000000000000000000 ) ) ;
#6294 = DIRECTION ( 'NONE',  ( 0.0000000000000000000, 0.0000000000000000000, -1.000000000000000000 ) ) ;
#6295 = DIRECTION ( 'NONE',  ( 1.000000000000000000, 0.0000000000000000000, 0.0000000000000000000 ) ) ;
#6296 = VECTOR ( 'NONE', #8849, 1000.000000000000100 ) ;
#6297 = VECTOR ( 'NONE', #8735, 1000.000000000000000 ) ;
#6298 = ADVANCED_FACE ( 'NONE', ( #5343 ), #3057, .F. ) ;
#6299 = DIRECTION ( 'NONE',  ( -0.0000000000000000000, 0.0000000000000000000, -1.000000000000000000 ) ) ;
#6300 = ORIENTED_EDGE ( 'NONE', *, *, #1710, .F. ) ;
#6301 = ORIENTED_EDGE ( 'NONE', *, *, #2825, .F. ) ;
#6302 = EDGE_LOOP ( 'NONE', ( #490, #6316, #2481, #1221 ) ) ;
#6303 = ORIENTED_EDGE ( 'NONE', *, *, #10719, .T. ) ;
#6304 = ORIENTED_EDGE ( 'NONE', *, *, #7591, .F. ) ;
#6305 = CARTESIAN_POINT ( 'NONE',  ( 17.17047753659499800, -23.89285944546705000, 0.0000000000000000000 ) ) ;
#6306 = ORIENTED_EDGE ( 'NONE', *, *, #7817, .T. ) ;
#6307 = CARTESIAN_POINT ( 'NONE',  ( 35.66893810541392200, -29.75605054513136600, 250.0000000000000000 ) ) ;
#6308 = VECTOR ( 'NONE', #8440, 1000.000000000000000 ) ;
#6309 = LINE ( 'NONE', #11213, #8167 ) ;
#6310 = EDGE_CURVE ( 'NONE', #3742, #6447, #6189, .T. ) ;
#6311 = DIRECTION ( 'NONE',  ( -0.0000000000000000000, -0.0000000000000000000, -1.000000000000000000 ) ) ;
#6312 = DIRECTION ( 'NONE',  ( -1.000000000000000000, 0.0000000000000000000, 0.0000000000000000000 ) ) ;
#6313 = ORIENTED_EDGE ( 'NONE', *, *, #4822, .T. ) ;
#6314 = ORIENTED_EDGE ( 'NONE', *, *, #10473, .T. ) ;
#6315 = ORIENTED_EDGE ( 'NONE', *, *, #550, .T. ) ;
#6316 = ORIENTED_EDGE ( 'NONE', *, *, #5089, .F. ) ;
#6317 = ORIENTED_EDGE ( 'NONE', *, *, #8669, .F. ) ;
#6318 = DIRECTION ( 'NONE',  ( -1.000000000000000000, 0.0000000000000000000, 0.0000000000000000000 ) ) ;
#6319 = CARTESIAN_POINT ( 'NONE',  ( -9.999999999999994700, -28.49036512018231400, 0.0000000000000000000 ) ) ;
#6320 = FACE_OUTER_BOUND ( 'NONE', #9887, .T. ) ;
#6321 = VECTOR ( 'NONE', #5465, 1000.000000000000000 ) ;
#6322 = ORIENTED_EDGE ( 'NONE', *, *, #4484, .T. ) ;
#6323 = EDGE_CURVE ( 'NONE', #7262, #7699, #9186, .T. ) ;
#6324 = VERTEX_POINT ( 'NONE', #4113 ) ;
#6325 = CARTESIAN_POINT ( 'NONE',  ( -2.099999999999999600, -19.99036512018243200, 250.0000000000000000 ) ) ;
#6326 = ORIENTED_EDGE ( 'NONE', *, *, #174, .F. ) ;
#6327 = LINE ( 'NONE', #4969, #3615 ) ;
#6328 = VECTOR ( 'NONE', #4076, 1000.000000000000000 ) ;
#6329 = FACE_OUTER_BOUND ( 'NONE', #4895, .T. ) ;
#6330 = EDGE_CURVE ( 'NONE', #4879, #8693, #10038, .T. ) ;
#6331 = PLANE ( 'NONE',  #5261 ) ;
#6332 = DIRECTION ( 'NONE',  ( -0.7071067811865734400, -0.7071067811865217000, 0.0000000000000000000 ) ) ;
#6333 = EDGE_CURVE ( 'NONE', #3279, #4735, #805, .T. ) ;
#6334 = VERTEX_POINT ( 'NONE', #9493 ) ;
#6335 = CARTESIAN_POINT ( 'NONE',  ( -9.768614357137366300, -24.33897947731968300, 250.0000000000000000 ) ) ;
#6336 = ORIENTED_EDGE ( 'NONE', *, *, #9015, .T. ) ;
#6337 = LINE ( 'NONE', #182, #5072 ) ;
#6338 = LINE ( 'NONE', #11005, #9631 ) ;
#6339 = ADVANCED_FACE ( 'NONE', ( #3479 ), #8664, .T. ) ;
#6340 = PLANE ( 'NONE',  #335 ) ;
#6341 = CARTESIAN_POINT ( 'NONE',  ( 14.50996632757433800, -11.78952446469386800, 0.0000000000000000000 ) ) ;
#6342 = VERTEX_POINT ( 'NONE', #11466 ) ;
#6343 = EDGE_CURVE ( 'NONE', #5894, #10982, #511, .T. ) ;
#6344 = EDGE_CURVE ( 'NONE', #10109, #3468, #5051, .T. ) ;
#6345 = ORIENTED_EDGE ( 'NONE', *, *, #10510, .T. ) ;
#6346 = ORIENTED_EDGE ( 'NONE', *, *, #7519, .F. ) ;
#6347 = CARTESIAN_POINT ( 'NONE',  ( 68.19999999999419100, -5.496196365999258800, 250.0000000000000000 ) ) ;
#6348 = LINE ( 'NONE', #1816, #10055 ) ;
#6349 = PLANE ( 'NONE',  #10764 ) ;
#6350 = FACE_OUTER_BOUND ( 'NONE', #1603, .T. ) ;
#6351 = AXIS2_PLACEMENT_3D ( 'NONE', #11564, #2536, #3681 ) ;
#6352 = ADVANCED_BREP_SHAPE_REPRESENTATION ( 'V-Slot C-Beam', ( #4606, #10540 ), #181 ) ;
#6353 = ADVANCED_FACE ( 'NONE', ( #1368 ), #5918, .T. ) ;
#6354 = DIRECTION ( 'NONE',  ( 0.0000000000000000000, 0.0000000000000000000, 1.000000000000000000 ) ) ;
#6355 = VERTEX_POINT ( 'NONE', #9649 ) ;
#6356 = CARTESIAN_POINT ( 'NONE',  ( 22.84915719303598500, -23.89285944546705000, 250.0000000000000000 ) ) ;
#6357 = DIRECTION ( 'NONE',  ( 0.7072143353590419900, -0.7069992106520830400, 0.0000000000000000000 ) ) ;
#6358 = VERTEX_POINT ( 'NONE', #7747 ) ;
#6359 = CARTESIAN_POINT ( 'NONE',  ( -4.341302591949443000, 9.778249236954939900, 0.0000000000000000000 ) ) ;
#6360 = FACE_OUTER_BOUND ( 'NONE', #7476, .T. ) ;
#6361 = VECTOR ( 'NONE', #4140, 1000.000000000000000 ) ;
#6362 = EDGE_CURVE ( 'NONE', #10285, #9924, #5476, .T. ) ;
#6363 = EDGE_CURVE ( 'NONE', #2216, #9922, #2049, .T. ) ;
#6364 = AXIS2_PLACEMENT_3D ( 'NONE', #10964, #4664, #6456 ) ;
#6365 = CARTESIAN_POINT ( 'NONE',  ( 22.88867965644328400, -11.79036512018251400, 250.0000000000000000 ) ) ;
#6366 = CARTESIAN_POINT ( 'NONE',  ( -6.569999999999968300, -27.65036512018244600, 250.0000000000000000 ) ) ;
#6367 = CARTESIAN_POINT ( 'NONE',  ( -0.08871339015654969300, -23.89285944546705000, 0.0000000000000000000 ) ) ;
#6368 = ORIENTED_EDGE ( 'NONE', *, *, #5977, .F. ) ;
#6369 = FACE_OUTER_BOUND ( 'NONE', #9013, .T. ) ;
#6370 = DIRECTION ( 'NONE',  ( -0.0000000000000000000, -0.0000000000000000000, -1.000000000000000000 ) ) ;
#6371 = CARTESIAN_POINT ( 'NONE',  ( 57.11731176518218700, 8.207983149782574400, 0.0000000000000000000 ) ) ;
#6372 = CARTESIAN_POINT ( 'NONE',  ( 22.09999999991255100, -19.99036512018248500, 0.0000000000000000000 ) ) ;
#6373 = FACE_OUTER_BOUND ( 'NONE', #7712, .T. ) ;
#6374 = VECTOR ( 'NONE', #9900, 1000.000000000000000 ) ;
#6375 = EDGE_LOOP ( 'NONE', ( #3723, #11414, #2162, #1890 ) ) ;
#6376 = CARTESIAN_POINT ( 'NONE',  ( 53.42999999998703200, 8.207983149782574400, 250.0000000000000000 ) ) ;
#6377 = DIRECTION ( 'NONE',  ( 2.935685882421766200E-014, 1.000000000000000000, 0.0000000000000000000 ) ) ;
#6378 = AXIS2_PLACEMENT_3D ( 'NONE', #913, #3621, #4625 ) ;
#6379 = ORIENTED_EDGE ( 'NONE', *, *, #11491, .F. ) ;
#6380 = LINE ( 'NONE', #10967, #3527 ) ;
#6381 = DIRECTION ( 'NONE',  ( 1.000000000000000000, 0.0000000000000000000, -0.0000000000000000000 ) ) ;
#6382 = LINE ( 'NONE', #7485, #11537 ) ;
#6383 = DIRECTION ( 'NONE',  ( 0.0000000000000000000, 0.0000000000000000000, 1.000000000000000000 ) ) ;
#6384 = LINE ( 'NONE', #8963, #5823 ) ;
#6385 = CARTESIAN_POINT ( 'NONE',  ( -9.999999999992832400, 4.899745738432866200, 250.0000000000000000 ) ) ;
#6386 = ORIENTED_EDGE ( 'NONE', *, *, #4608, .T. ) ;
#6387 = EDGE_LOOP ( 'NONE', ( #9067, #2299, #2249, #1554 ) ) ;
#6388 = VECTOR ( 'NONE', #10404, 1000.000000000000000 ) ;
#6389 = DIRECTION ( 'NONE',  ( 0.0000000000000000000, 0.0000000000000000000, 1.000000000000000000 ) ) ;
#6390 = DIRECTION ( 'NONE',  ( 1.000000000000000000, -0.0000000000000000000, -0.0000000000000000000 ) ) ;
#6391 = LINE ( 'NONE', #5431, #7680 ) ;
#6392 = VECTOR ( 'NONE', #6873, 1000.000000000000000 ) ;
#6393 = EDGE_CURVE ( 'NONE', #4173, #3700, #4194, .T. ) ;
#6394 = ORIENTED_EDGE ( 'NONE', *, *, #5256, .T. ) ;
#6395 = ORIENTED_EDGE ( 'NONE', *, *, #7086, .T. ) ;
#6396 = ORIENTED_EDGE ( 'NONE', *, *, #5744, .T. ) ;
#6397 = LINE ( 'NONE', #4656, #2559 ) ;
#6398 = AXIS2_PLACEMENT_3D ( 'NONE', #7157, #6203, #92 ) ;
#6399 = ORIENTED_EDGE ( 'NONE', *, *, #11684, .T. ) ;
#6400 = FACE_OUTER_BOUND ( 'NONE', #5597, .T. ) ;
#6401 = DIRECTION ( 'NONE',  ( -0.0000000000000000000, -1.000000000000000000, -0.0000000000000000000 ) ) ;
#6402 = DIRECTION ( 'NONE',  ( 0.0000000000000000000, 0.0000000000000000000, 1.000000000000000000 ) ) ;
#6403 = CARTESIAN_POINT ( 'NONE',  ( 9.768614357137373400, 4.341131381295492800, 250.0000000000000000 ) ) ;
#6404 = VECTOR ( 'NONE', #3201, 1000.000000000000100 ) ;
#6405 = DIRECTION ( 'NONE',  ( -0.0000000000000000000, -0.0000000000000000000, -1.000000000000000000 ) ) ;
#6406 = DIRECTION ( 'NONE',  ( -0.0000000000000000000, -0.0000000000000000000, -1.000000000000000000 ) ) ;
#6407 = DIRECTION ( 'NONE',  ( 1.000000000000000000, -3.179095945533921600E-016, 0.0000000000000000000 ) ) ;
#6408 = DIRECTION ( 'NONE',  ( 0.7071067811865450200, -0.7071067811865500200, 0.0000000000000000000 ) ) ;
#6409 = ADVANCED_FACE ( 'NONE', ( #9050 ), #1388, .F. ) ;
#6410 = ORIENTED_EDGE ( 'NONE', *, *, #2414, .T. ) ;
#6411 = VERTEX_POINT ( 'NONE', #4195 ) ;
#6412 = ORIENTED_EDGE ( 'NONE', *, *, #5532, .F. ) ;
#6413 = EDGE_CURVE ( 'NONE', #2895, #9849, #5190, .T. ) ;
#6414 = DIRECTION ( 'NONE',  ( -0.7071067811865475700, 0.7071067811865474600, 0.0000000000000000000 ) ) ;
#6415 = AXIS2_PLACEMENT_3D ( 'NONE', #2268, #8587, #11469 ) ;
#6416 = LINE ( 'NONE', #5814, #6815 ) ;
#6417 = CARTESIAN_POINT ( 'NONE',  ( 7.309634879832146700, -26.24310889209111900, 250.0000000000000000 ) ) ;
#6418 = CIRCLE ( 'NONE', #1476, 2.099999999999997900 ) ;
#6419 = VECTOR ( 'NONE', #11654, 1000.000000000000000 ) ;
#6420 = AXIS2_PLACEMENT_3D ( 'NONE', #10588, #2340, #10630 ) ;
#6421 = DIRECTION ( 'NONE',  ( -1.000000000000000000, -1.408956491735679000E-012, 0.0000000000000000000 ) ) ;
#6422 = CARTESIAN_POINT ( 'NONE',  ( 53.42999999998703200, 8.207983149782574400, 0.0000000000000000000 ) ) ;
#6423 = VERTEX_POINT ( 'NONE', #555 ) ;
#6424 = EDGE_LOOP ( 'NONE', ( #9046, #836, #10482, #6621 ) ) ;
#6425 = EDGE_LOOP ( 'NONE', ( #652, #3584, #2634, #5717 ) ) ;
#6427 = VERTEX_POINT ( 'NONE', #6838 ) ;
#6426 = CARTESIAN_POINT ( 'NONE',  ( 22.84824144739257800, -16.08952446469493200, 250.0000000000000000 ) ) ;
#6428 = CARTESIAN_POINT ( 'NONE',  ( 42.83043820904266900, -16.08952446469493200, 0.0000000000000000000 ) ) ;
#6429 = CARTESIAN_POINT ( 'NONE',  ( 3.899999999999906200, 0.09834826997499368500, 0.0000000000000000000 ) ) ;
#6430 = VECTOR ( 'NONE', #78, 1000.000000000000000 ) ;
#6431 = VECTOR ( 'NONE', #11368, 1000.000000000000000 ) ;
#6432 = EDGE_CURVE ( 'NONE', #7105, #5481, #7312, .T. ) ;
#6433 = EDGE_CURVE ( 'NONE', #4274, #7358, #4760, .T. ) ;
#6434 = DIRECTION ( 'NONE',  ( -0.0000000000000000000, -0.0000000000000000000, -1.000000000000000000 ) ) ;
#6435 = ORIENTED_EDGE ( 'NONE', *, *, #5053, .T. ) ;
#6436 = VERTEX_POINT ( 'NONE', #9609 ) ;
#6437 = ORIENTED_EDGE ( 'NONE', *, *, #3558, .T. ) ;
#6438 = ORIENTED_EDGE ( 'NONE', *, *, #3558, .F. ) ;
#6439 = CARTESIAN_POINT ( 'NONE',  ( -8.309999999996403400, -2.882859445469490500, 0.0000000000000000000 ) ) ;
#6440 = EDGE_LOOP ( 'NONE', ( #47, #3300, #10747, #8277 ) ) ;
#6441 = AXIS2_PLACEMENT_3D ( 'NONE', #793, #3504, #10887 ) ;
#6442 = VECTOR ( 'NONE', #8812, 1000.000000000000000 ) ;
#6443 = VECTOR ( 'NONE', #10235, 1000.000000000000000 ) ;
#6444 = ORIENTED_EDGE ( 'NONE', *, *, #7519, .T. ) ;
#6445 = DIRECTION ( 'NONE',  ( -0.0000000000000000000, -0.0000000000000000000, -1.000000000000000000 ) ) ;
#6446 = VERTEX_POINT ( 'NONE', #6889 ) ;
#6447 = VERTEX_POINT ( 'NONE', #4920 ) ;
#6448 = VERTEX_POINT ( 'NONE', #11302 ) ;
#6449 = VERTEX_POINT ( 'NONE', #8758 ) ;
#6450 = AXIS2_PLACEMENT_3D ( 'NONE', #7785, #10554, #11500 ) ;
#6451 = CARTESIAN_POINT ( 'NONE',  ( 8.309999999996406900, 2.882517024154526400, 250.0000000000000000 ) ) ;
#6452 = DIRECTION ( 'NONE',  ( -0.7071067811865474600, -0.7071067811865474600, 0.0000000000000000000 ) ) ;
#6453 = DIRECTION ( 'NONE',  ( -0.0000000000000000000, -0.0000000000000000000, -1.000000000000000000 ) ) ;
#6454 = ORIENTED_EDGE ( 'NONE', *, *, #2975, .T. ) ;
#6455 = DIRECTION ( 'NONE',  ( 0.7071067811865687800, -0.7071067811865263700, -0.0000000000000000000 ) ) ;
#6456 = DIRECTION ( 'NONE',  ( 0.0000000000000000000, 0.0000000000000000000, 1.000000000000000000 ) ) ;
#6457 = VECTOR ( 'NONE', #4130, 1000.000000000000000 ) ;
#6458 = VECTOR ( 'NONE', #10556, 1000.000000000000000 ) ;
#6459 = ORIENTED_EDGE ( 'NONE', *, *, #7269, .F. ) ;
#6460 = ORIENTED_EDGE ( 'NONE', *, *, #5055, .T. ) ;
#6461 = VERTEX_POINT ( 'NONE', #7660 ) ;
#6462 = DIRECTION ( 'NONE',  ( 1.000000000000000000, 0.0000000000000000000, 0.0000000000000000000 ) ) ;
#6463 = PLANE ( 'NONE',  #6047 ) ;
#6464 = VERTEX_POINT ( 'NONE', #595 ) ;
#6465 = CARTESIAN_POINT ( 'NONE',  ( 10.00000000000000000, 4.899745738432866200, 250.0000000000000000 ) ) ;
#6466 = FACE_OUTER_BOUND ( 'NONE', #11330, .T. ) ;
#6467 = EDGE_CURVE ( 'NONE', #10973, #2785, #11611, .T. ) ;
#6468 = LINE ( 'NONE', #10369, #9897 ) ;
#6469 = DIRECTION ( 'NONE',  ( -0.0000000000000000000, -0.0000000000000000000, -1.000000000000000000 ) ) ;
#6470 = DIRECTION ( 'NONE',  ( 0.0000000000000000000, -0.0000000000000000000, -1.000000000000000000 ) ) ;
#6471 = AXIS2_PLACEMENT_3D ( 'NONE', #7525, #4785, #8405 ) ;
#6472 = ORIENTED_EDGE ( 'NONE', *, *, #11540, .T. ) ;
#6473 = ADVANCED_FACE ( 'NONE', ( #11031 ), #8021, .F. ) ;
#6474 = CARTESIAN_POINT ( 'NONE',  ( 45.50333692052829800, -26.55245490884332000, 0.0000000000000000000 ) ) ;
#6475 = ORIENTED_EDGE ( 'NONE', *, *, #869, .T. ) ;
#6476 = EDGE_LOOP ( 'NONE', ( #6669, #186, #6022, #3038 ) ) ;
#6477 = LINE ( 'NONE', #8559, #1643 ) ;
#6478 = VECTOR ( 'NONE', #2086, 1000.000000000000000 ) ;
#6479 = CARTESIAN_POINT ( 'NONE',  ( 65.49602515533275900, 6.565966396540218000, 250.0000000000000000 ) ) ;
#6480 = EDGE_CURVE ( 'NONE', #8438, #11209, #2746, .T. ) ;
#6481 = EDGE_LOOP ( 'NONE', ( #8412, #5083, #5844, #5370 ) ) ;
#6482 = ORIENTED_EDGE ( 'NONE', *, *, #2695, .T. ) ;
#6483 = ORIENTED_EDGE ( 'NONE', *, *, #8797, .F. ) ;
#6484 = LINE ( 'NONE', #9913, #5790 ) ;
#6485 = EDGE_CURVE ( 'NONE', #87, #9876, #350, .T. ) ;
#6486 = CARTESIAN_POINT ( 'NONE',  ( 47.30000001409301500, -26.24036512018223300, 250.0000000000000000 ) ) ;
#6487 = CARTESIAN_POINT ( 'NONE',  ( 19.99999999991255400, -19.99036512018248500, 250.0000000000000000 ) ) ;
#6488 = VECTOR ( 'NONE', #11609, 1000.000000000000000 ) ;
#6489 = CARTESIAN_POINT ( 'NONE',  ( 17.16956179095151900, -16.08952446469493200, 250.0000000000000000 ) ) ;
#6490 = EDGE_CURVE ( 'NONE', #10409, #9077, #9749, .T. ) ;
#6491 = CARTESIAN_POINT ( 'NONE',  ( 4.911370849898591300, -29.99036512018233200, 250.0000000000000000 ) ) ;
#6492 = ORIENTED_EDGE ( 'NONE', *, *, #2003, .F. ) ;
#6493 = ORIENTED_EDGE ( 'NONE', *, *, #10169, .F. ) ;
#6494 = CIRCLE ( 'NONE', #10023, 2.099999999999997900 ) ;
#6495 = DIRECTION ( 'NONE',  ( -0.7078322512429711100, -0.7063805660550885900, 0.0000000000000000000 ) ) ;
#6496 = EDGE_CURVE ( 'NONE', #5273, #84, #3333, .T. ) ;
#6497 = EDGE_CURVE ( 'NONE', #5458, #9683, #1768, .T. ) ;
#6498 = CARTESIAN_POINT ( 'NONE',  ( 68.19999999999419100, -7.297745508358056900, 250.0000000000000000 ) ) ;
#6499 = CARTESIAN_POINT ( 'NONE',  ( 51.79999999999418500, -2.882859445469489600, 250.0000000000000000 ) ) ;
#6500 = VERTEX_POINT ( 'NONE', #6179 ) ;
#6501 = LINE ( 'NONE', #6211, #8520 ) ;
#6502 = AXIS2_PLACEMENT_3D ( 'NONE', #786, #9880, #11566 ) ;
#6503 = FACE_OUTER_BOUND ( 'NONE', #2502, .T. ) ;
#6504 = CARTESIAN_POINT ( 'NONE',  ( 59.99999999999418800, -19.99036512018243200, 0.0000000000000000000 ) ) ;
#6505 = DIRECTION ( 'NONE',  ( 1.000000000000000000, 0.0000000000000000000, 0.0000000000000000000 ) ) ;
#6506 = VERTEX_POINT ( 'NONE', #5150 ) ;
#6507 = ORIENTED_EDGE ( 'NONE', *, *, #5281, .F. ) ;
#6508 = VECTOR ( 'NONE', #4917, 1000.000000000000100 ) ;
#6509 = EDGE_CURVE ( 'NONE', #384, #1209, #8611, .T. ) ;
#6510 = EDGE_CURVE ( 'NONE', #6181, #6561, #2330, .T. ) ;
#6511 = LINE ( 'NONE', #3672, #8523 ) ;
#6512 = VECTOR ( 'NONE', #1808, 1000.000000000000000 ) ;
#6513 = CARTESIAN_POINT ( 'NONE',  ( 20.00974421441958700, -16.18970688816392900, 250.0000000000000000 ) ) ;
#6514 = CARTESIAN_POINT ( 'NONE',  ( 51.79999999999418500, 6.577983149782563800, 250.0000000000000000 ) ) ;
#6515 = ORIENTED_EDGE ( 'NONE', *, *, #5603, .T. ) ;
#6516 = LINE ( 'NONE', #2948, #4105 ) ;
#6517 = DIRECTION ( 'NONE',  ( -0.7071067811865500200, -0.7071067811865450200, 0.0000000000000000000 ) ) ;
#6518 = ADVANCED_FACE ( 'NONE', ( #936 ), #4237, .T. ) ;
#6519 = CARTESIAN_POINT ( 'NONE',  ( 27.31926974553747900, -28.19036512018301400, 250.0000000000000000 ) ) ;
#6520 = VECTOR ( 'NONE', #7131, 1000.000000000000000 ) ;
#6521 = LINE ( 'NONE', #327, #3404 ) ;
#6522 = EDGE_LOOP ( 'NONE', ( #9176, #4171, #10431, #1342 ) ) ;
#6523 = VERTEX_POINT ( 'NONE', #8795 ) ;
#6524 = EDGE_LOOP ( 'NONE', ( #10289, #5706, #7292, #4686 ) ) ;
#6525 = DIRECTION ( 'NONE',  ( 0.0000000000000000000, 0.0000000000000000000, -1.000000000000000000 ) ) ;
#6526 = LINE ( 'NONE', #7635, #8270 ) ;
#6527 = VECTOR ( 'NONE', #5156, 1000.000000000000000 ) ;
#6528 = CARTESIAN_POINT ( 'NONE',  ( 17.12330324810052700, -11.78952446469386800, 250.0000000000000000 ) ) ;
#6529 = DIRECTION ( 'NONE',  ( 0.0000000000000000000, 0.0000000000000000000, 1.000000000000000000 ) ) ;
#6530 = CARTESIAN_POINT ( 'NONE',  ( 2.882688234812009800, 8.207983149782574400, 250.0000000000000000 ) ) ;
#6531 = VECTOR ( 'NONE', #2736, 1000.000000000000000 ) ;
#6532 = EDGE_CURVE ( 'NONE', #1216, #10530, #8909, .T. ) ;
#6533 = CARTESIAN_POINT ( 'NONE',  ( 24.89674731952995400, -29.99036512018231400, 0.0000000000000000000 ) ) ;
#6534 = CARTESIAN_POINT ( 'NONE',  ( 68.19999999999419100, 2.882517024154526400, 250.0000000000000000 ) ) ;
#6535 = ORIENTED_EDGE ( 'NONE', *, *, #3911, .F. ) ;
#6536 = ORIENTED_EDGE ( 'NONE', *, *, #3238, .F. ) ;
#6537 = ORIENTED_EDGE ( 'NONE', *, *, #3436, .F. ) ;
#6538 = LINE ( 'NONE', #5621, #5993 ) ;
#6539 = DIRECTION ( 'NONE',  ( -0.7071067811865352500, -0.7071067811865597900, 0.0000000000000000000 ) ) ;
#6540 = DIRECTION ( 'NONE',  ( 1.000000000000000000, 0.0000000000000000000, 0.0000000000000000000 ) ) ;
#6541 = LINE ( 'NONE', #2993, #7853 ) ;
#6542 = DIRECTION ( 'NONE',  ( 0.0000000000000000000, 1.000000000000000000, 0.0000000000000000000 ) ) ;
#6543 = EDGE_CURVE ( 'NONE', #11591, #7985, #4032, .T. ) ;
#6544 = VECTOR ( 'NONE', #1387, 1000.000000000000000 ) ;
#6545 = EDGE_CURVE ( 'NONE', #9576, #4467, #3745, .T. ) ;
#6546 = ADVANCED_FACE ( 'NONE', ( #7905 ), #636, .T. ) ;
#6547 = ORIENTED_EDGE ( 'NONE', *, *, #10615, .F. ) ;
#6548 = VERTEX_POINT ( 'NONE', #11502 ) ;
#6549 = ORIENTED_EDGE ( 'NONE', *, *, #2192, .F. ) ;
#6550 = ORIENTED_EDGE ( 'NONE', *, *, #8746, .T. ) ;
#6551 = CARTESIAN_POINT ( 'NONE',  ( 62.09999999999419600, -19.99036512018243200, 0.0000000000000000000 ) ) ;
#6552 = DIRECTION ( 'NONE',  ( -0.0000000000000000000, -0.0000000000000000000, -1.000000000000000000 ) ) ;
#6553 = PLANE ( 'NONE',  #5610 ) ;
#6554 = DIRECTION ( 'NONE',  ( 0.7508172437160144400, -0.6605100048740268900, 0.0000000000000000000 ) ) ;
#6555 = DIRECTION ( 'NONE',  ( 0.0000000000000000000, 1.000000000000000000, 0.0000000000000000000 ) ) ;
#6556 = LINE ( 'NONE', #4836, #4580 ) ;
#6557 = LINE ( 'NONE', #6962, #7569 ) ;
#6558 = VERTEX_POINT ( 'NONE', #678 ) ;
#6559 = EDGE_CURVE ( 'NONE', #5776, #1394, #11196, .T. ) ;
#6560 = EDGE_CURVE ( 'NONE', #10961, #1357, #9456, .T. ) ;
#6561 = VERTEX_POINT ( 'NONE', #4465 ) ;
#6562 = ORIENTED_EDGE ( 'NONE', *, *, #218, .F. ) ;
#6563 = VERTEX_POINT ( 'NONE', #9999 ) ;
#6564 = VERTEX_POINT ( 'NONE', #6367 ) ;
#6565 = VERTEX_POINT ( 'NONE', #2389 ) ;
#6566 = CARTESIAN_POINT ( 'NONE',  ( 69.99999999999418800, -24.89759383445705900, 250.0000000000000000 ) ) ;
#6567 = EDGE_LOOP ( 'NONE', ( #5864, #3125, #5209, #3164 ) ) ;
#6568 = DIRECTION ( 'NONE',  ( 0.7063805660550888100, -0.7078322512429710000, 0.0000000000000000000 ) ) ;
#6569 = LINE ( 'NONE', #4331, #4166 ) ;
#6570 = VECTOR ( 'NONE', #9085, 1000.000000000000000 ) ;
#6571 = CARTESIAN_POINT ( 'NONE',  ( 15.08862915010164400, -29.99036512018207300, 250.0000000000000000 ) ) ;
#6572 = PLANE ( 'NONE',  #2527 ) ;
#6573 = ORIENTED_EDGE ( 'NONE', *, *, #9708, .T. ) ;
#6574 = CARTESIAN_POINT ( 'NONE',  ( 2.840000000002357100, -16.08952252493459100, 0.0000000000000000000 ) ) ;
#6575 = CARTESIAN_POINT ( 'NONE',  ( 3.899999999999906200, -0.1033369205210043500, 250.0000000000000000 ) ) ;
#6576 = ORIENTED_EDGE ( 'NONE', *, *, #5373, .F. ) ;
#6577 = ORIENTED_EDGE ( 'NONE', *, *, #5700, .T. ) ;
#6578 = ORIENTED_EDGE ( 'NONE', *, *, #10974, .F. ) ;
#6579 = ORIENTED_EDGE ( 'NONE', *, *, #776, .F. ) ;
#6580 = ADVANCED_FACE ( 'NONE', ( #1623 ), #3651, .T. ) ;
#6581 = CARTESIAN_POINT ( 'NONE',  ( -3.900000000000004800, -20.09619636599925100, 250.0000000000000000 ) ) ;
#6582 = EDGE_CURVE ( 'NONE', #8177, #4490, #3045, .T. ) ;
#6583 = EDGE_CURVE ( 'NONE', #6334, #3178, #70, .T. ) ;
#6584 = DIRECTION ( 'NONE',  ( -0.0000000000000000000, -0.0000000000000000000, -1.000000000000000000 ) ) ;
#6585 = CIRCLE ( 'NONE', #4812, 0.8000000000006335400 ) ;
#6586 = LINE ( 'NONE', #4734, #788 ) ;
#6587 = CARTESIAN_POINT ( 'NONE',  ( 59.89332615890590000, 3.907140554540114300, 0.0000000000000000000 ) ) ;
#6588 = PLANE ( 'NONE',  #11320 ) ;
#6589 = VERTEX_POINT ( 'NONE', #1827 ) ;
#6590 = EDGE_LOOP ( 'NONE', ( #367, #6483, #5852, #7884 ) ) ;
#6591 = ORIENTED_EDGE ( 'NONE', *, *, #5896, .T. ) ;
#6592 = EDGE_CURVE ( 'NONE', #1060, #7499, #6044, .T. ) ;
#6593 = VERTEX_POINT ( 'NONE', #4508 ) ;
#6594 = VECTOR ( 'NONE', #2566, 1000.000000000000000 ) ;
#6595 = VECTOR ( 'NONE', #2313, 1000.000000000000000 ) ;
#6596 = PLANE ( 'NONE',  #3419 ) ;
#6597 = DIRECTION ( 'NONE',  ( 1.000000000000000000, 0.0000000000000000000, -0.0000000000000000000 ) ) ;
#6598 = AXIS2_PLACEMENT_3D ( 'NONE', #1249, #3958, #11203 ) ;
#6599 = CARTESIAN_POINT ( 'NONE',  ( 25.51587163031308600, -26.55957388274415000, 0.0000000000000000000 ) ) ;
#6600 = VERTEX_POINT ( 'NONE', #5357 ) ;
#6601 = CARTESIAN_POINT ( 'NONE',  ( 68.19999999999419100, 8.207983149782574400, 0.0000000000000000000 ) ) ;
#6602 = VERTEX_POINT ( 'NONE', #8065 ) ;
#6603 = VECTOR ( 'NONE', #1451, 1000.000000000000000 ) ;
#6604 = CARTESIAN_POINT ( 'NONE',  ( 62.87537646962544400, -28.19036512018228900, 250.0000000000000000 ) ) ;
#6605 = LINE ( 'NONE', #1131, #11771 ) ;
#6606 = LINE ( 'NONE', #11029, #4204 ) ;
#6607 = CARTESIAN_POINT ( 'NONE',  ( 63.89999999999420100, -22.83451117550332300, 250.0000000000000000 ) ) ;
#6608 = DIRECTION ( 'NONE',  ( 0.0000000000000000000, 1.000000000000000000, 0.0000000000000000000 ) ) ;
#6609 = ADVANCED_FACE ( 'NONE', ( #6731 ), #1718, .F. ) ;
#6610 = CARTESIAN_POINT ( 'NONE',  ( 37.15084280695820200, -23.89285944546705000, 250.0000000000000000 ) ) ;
#6611 = VERTEX_POINT ( 'NONE', #6245 ) ;
#6612 = EDGE_CURVE ( 'NONE', #1193, #7504, #1224, .T. ) ;
#6613 = ORIENTED_EDGE ( 'NONE', *, *, #4434, .F. ) ;
#6614 = LINE ( 'NONE', #8338, #3221 ) ;
#6615 = CARTESIAN_POINT ( 'NONE',  ( 1.734723475976807100E-015, -23.79285944546526100, 0.0000000000000000000 ) ) ;
#6616 = FACE_OUTER_BOUND ( 'NONE', #6567, .T. ) ;
#6617 = AXIS2_PLACEMENT_3D ( 'NONE', #1477, #4169, #5843 ) ;
#6618 = DIRECTION ( 'NONE',  ( 0.0000000000000000000, -1.000000000000000000, 0.0000000000000000000 ) ) ;
#6619 = ORIENTED_EDGE ( 'NONE', *, *, #825, .F. ) ;
#6620 = AXIS2_PLACEMENT_3D ( 'NONE', #10534, #7842, #4288 ) ;
#6621 = ORIENTED_EDGE ( 'NONE', *, *, #6950, .T. ) ;
#6622 = DIRECTION ( 'NONE',  ( -0.7071067811865685600, 0.7071067811865264800, -0.0000000000000000000 ) ) ;
#6623 = ORIENTED_EDGE ( 'NONE', *, *, #1747, .T. ) ;
#6624 = DIRECTION ( 'NONE',  ( 1.000000000000000000, -2.761305597428294600E-014, -0.0000000000000000000 ) ) ;
#6625 = LINE ( 'NONE', #7055, #1788 ) ;
#6626 = VECTOR ( 'NONE', #199, 1000.000000000000100 ) ;
#6627 = EDGE_CURVE ( 'NONE', #7808, #5480, #2471, .T. ) ;
#6628 = EDGE_LOOP ( 'NONE', ( #2949, #1702, #3028, #9459 ) ) ;
#6629 = DIRECTION ( 'NONE',  ( -0.7295601560337651200, 0.6839166460380887700, -0.0000000000000000000 ) ) ;
#6630 = PLANE ( 'NONE',  #576 ) ;
#6631 = EDGE_CURVE ( 'NONE', #10878, #5033, #8180, .T. ) ;
#6632 = AXIS2_PLACEMENT_3D ( 'NONE', #2942, #10959, #9166 ) ;
#6633 = CARTESIAN_POINT ( 'NONE',  ( 69.99999999999060700, -15.09361780066056700, 250.0000000000000000 ) ) ;
#6634 = CARTESIAN_POINT ( 'NONE',  ( 57.16499787675104500, -3.901602146817069200, 0.0000000000000000000 ) ) ;
#6635 = LINE ( 'NONE', #10071, #1805 ) ;
#6636 = CARTESIAN_POINT ( 'NONE',  ( 12.69999998590111900, -11.79869069127881800, 0.0000000000000000000 ) ) ;
#6637 = FACE_OUTER_BOUND ( 'NONE', #11328, .T. ) ;
#6638 = ADVANCED_FACE ( 'NONE', ( #5757 ), #10842, .F. ) ;
#6639 = DIRECTION ( 'NONE',  ( -0.7071067811865475700, -0.7071067811865475700, 0.0000000000000000000 ) ) ;
#6640 = ORIENTED_EDGE ( 'NONE', *, *, #810, .F. ) ;
#6641 = VECTOR ( 'NONE', #3227, 1000.000000000000100 ) ;
#6642 = DIRECTION ( 'NONE',  ( -0.7071067811865474600, -0.7071067811865474600, -0.0000000000000000000 ) ) ;
#6643 = LINE ( 'NONE', #6426, #3522 ) ;
#6644 = EDGE_CURVE ( 'NONE', #1029, #3569, #4902, .T. ) ;
#6645 = EDGE_CURVE ( 'NONE', #10432, #1168, #4330, .T. ) ;
#6646 = DATE_AND_TIME ( #11532, #4531 ) ;
#6647 = DIRECTION ( 'NONE',  ( -0.7072143353590439900, 0.7069992106520809300, 0.0000000000000000000 ) ) ;
#6648 = CYLINDRICAL_SURFACE ( 'NONE', #1220, 0.7999999999999951600 ) ;
#6649 = PLANE ( 'NONE',  #1355 ) ;
#6650 = VECTOR ( 'NONE', #2980, 1000.000000000000000 ) ;
#6651 = DIRECTION ( 'NONE',  ( -1.000000000000000000, 0.0000000000000000000, 0.0000000000000000000 ) ) ;
#6652 = VECTOR ( 'NONE', #9912, 1000.000000000000000 ) ;
#6653 = CARTESIAN_POINT ( 'NONE',  ( -6.559999999999963200, -25.49370204071641800, 250.0000000000000000 ) ) ;
#6654 = AXIS2_PLACEMENT_3D ( 'NONE', #2642, #6256, #4592 ) ;
#6655 = DIRECTION ( 'NONE',  ( 0.7078322512429708900, -0.7063805660550887000, 0.0000000000000000000 ) ) ;
#6656 = VERTEX_POINT ( 'NONE', #6216 ) ;
#6657 = ADVANCED_FACE ( 'NONE', ( #4610 ), #3536, .T. ) ;
#6658 = ORIENTED_EDGE ( 'NONE', *, *, #5120, .F. ) ;
#6659 = LINE ( 'NONE', #2553, #2811 ) ;
#6660 = LINE ( 'NONE', #912, #4399 ) ;
#6661 = CARTESIAN_POINT ( 'NONE',  ( 4.341302591949445700, 9.778249236954939900, 250.0000000000000000 ) ) ;
#6662 = CARTESIAN_POINT ( 'NONE',  ( 59.99999999999418100, -23.79285944546526100, 250.0000000000000000 ) ) ;
#6663 = CARTESIAN_POINT ( 'NONE',  ( -9.768614357137366300, -24.33897947731968300, 250.0000000000000000 ) ) ;
#6664 = DIRECTION ( 'NONE',  ( -1.000000000000000000, 4.810863916118015400E-016, 0.0000000000000000000 ) ) ;
#6665 = VECTOR ( 'NONE', #11712, 1000.000000000000000 ) ;
#6666 = CARTESIAN_POINT ( 'NONE',  ( 47.30000001409307200, -13.75036510608260100, 250.0000000000000000 ) ) ;
#6667 = CARTESIAN_POINT ( 'NONE',  ( 55.08862915009573400, -29.19036512018225000, 250.0000000000000000 ) ) ;
#6668 = DIRECTION ( 'NONE',  ( 0.0000000000000000000, 0.0000000000000000000, 1.000000000000000000 ) ) ;
#6669 = ORIENTED_EDGE ( 'NONE', *, *, #8836, .T. ) ;
#6670 = VERTEX_POINT ( 'NONE', #1069 ) ;
#6671 = ORIENTED_EDGE ( 'NONE', *, *, #9237, .F. ) ;
#6672 = LINE ( 'NONE', #9205, #9694 ) ;
#6673 = ORIENTED_EDGE ( 'NONE', *, *, #5044, .F. ) ;
#6674 = EDGE_CURVE ( 'NONE', #268, #11358, #3900, .T. ) ;
#6675 = FACE_OUTER_BOUND ( 'NONE', #6440, .T. ) ;
#6676 = DIRECTION ( 'NONE',  ( -0.7078322512429708900, 0.7063805660550887000, -0.0000000000000000000 ) ) ;
#6677 = LINE ( 'NONE', #9415, #5428 ) ;
#6678 = CARTESIAN_POINT ( 'NONE',  ( 8.309999999996406900, -2.882859445469489600, 250.0000000000000000 ) ) ;
#6679 = CARTESIAN_POINT ( 'NONE',  ( 69.99999999998701100, 4.899745738432866200, 250.0000000000000000 ) ) ;
#6680 = ORIENTED_EDGE ( 'NONE', *, *, #2290, .F. ) ;
#6681 = VERTEX_POINT ( 'NONE', #10768 ) ;
#6682 = EDGE_LOOP ( 'NONE', ( #3942, #4197, #2212, #7278 ) ) ;
#6683 = FACE_OUTER_BOUND ( 'NONE', #7684, .T. ) ;
#6684 = LINE ( 'NONE', #8642, #2012 ) ;
#6685 = EDGE_CURVE ( 'NONE', #9730, #10639, #5462, .T. ) ;
#6686 = ADVANCED_FACE ( 'NONE', ( #11761 ), #9162, .F. ) ;
#6687 = DIRECTION ( 'NONE',  ( 0.0000000000000000000, 1.000000000000000000, -0.0000000000000000000 ) ) ;
#6688 = CARTESIAN_POINT ( 'NONE',  ( 40.09043820904360400, -16.08952446469493200, 0.0000000000000000000 ) ) ;
#6689 = CARTESIAN_POINT ( 'NONE',  ( 8.200000000000008200, -10.72952252493693900, 250.0000000000000000 ) ) ;
#6690 = ORIENTED_EDGE ( 'NONE', *, *, #1547, .T. ) ;
#6691 = ORIENTED_EDGE ( 'NONE', *, *, #1826, .T. ) ;
#6692 = ORIENTED_EDGE ( 'NONE', *, *, #2695, .F. ) ;
#6693 = DIRECTION ( 'NONE',  ( -0.0000000000000000000, -0.0000000000000000000, -1.000000000000000000 ) ) ;
#6694 = ORIENTED_EDGE ( 'NONE', *, *, #11688, .T. ) ;
#6695 = EDGE_CURVE ( 'NONE', #5960, #10160, #209, .T. ) ;
#6696 = DIRECTION ( 'NONE',  ( -0.0000000000000000000, 1.000000000000000000, -0.0000000000000000000 ) ) ;
#6697 = EDGE_CURVE ( 'NONE', #3409, #9755, #4462, .T. ) ;
#6698 = DIRECTION ( 'NONE',  ( 0.9999936990650145600, 0.003549905670444936900, -0.0000000000000000000 ) ) ;
#6699 = LINE ( 'NONE', #3630, #2576 ) ;
#6700 = LINE ( 'NONE', #2657, #5450 ) ;
#6701 = DIRECTION ( 'NONE',  ( 1.000000000000000000, 0.0000000000000000000, 0.0000000000000000000 ) ) ;
#6702 = AXIS2_PLACEMENT_3D ( 'NONE', #112, #1922, #1880 ) ;
#6703 = ORIENTED_EDGE ( 'NONE', *, *, #2053, .F. ) ;
#6704 = DIRECTION ( 'NONE',  ( 1.000000000000000000, -0.0000000000000000000, -0.0000000000000000000 ) ) ;
#6705 = CARTESIAN_POINT ( 'NONE',  ( 56.20084259524218600, 0.009634879817567443300, 250.0000000000000000 ) ) ;
#6706 = CARTESIAN_POINT ( 'NONE',  ( 17.12330324810052700, -11.68535571050550600, 0.0000000000000000000 ) ) ;
#6707 = VERTEX_POINT ( 'NONE', #7369 ) ;
#6708 = EDGE_LOOP ( 'NONE', ( #10399, #7898, #4893, #95 ) ) ;
#6709 = EDGE_LOOP ( 'NONE', ( #6170, #2614, #3153, #9629 ) ) ;
#6710 = ORIENTED_EDGE ( 'NONE', *, *, #3090, .F. ) ;
#6711 = CARTESIAN_POINT ( 'NONE',  ( 68.19999999999419100, 2.882517024154526400, 250.0000000000000000 ) ) ;
#6712 = CARTESIAN_POINT ( 'NONE',  ( 5.496025155352902500, 8.207983149782574400, 0.0000000000000000000 ) ) ;
#6713 = LINE ( 'NONE', #5887, #7168 ) ;
#6714 = LINE ( 'NONE', #6127, #5027 ) ;
#6715 = CARTESIAN_POINT ( 'NONE',  ( 63.89999999997976200, 0.09834826997499368500, 250.0000000000000000 ) ) ;
#6716 = EDGE_CURVE ( 'NONE', #9131, #3580, #9313, .T. ) ;
#6717 = EDGE_CURVE ( 'NONE', #7279, #8618, #5332, .T. ) ;
#6718 = VERTEX_POINT ( 'NONE', #11045 ) ;
#6719 = ORIENTED_EDGE ( 'NONE', *, *, #10949, .F. ) ;
#6720 = ORIENTED_EDGE ( 'NONE', *, *, #1430, .F. ) ;
#6721 = ORIENTED_EDGE ( 'NONE', *, *, #3473, .T. ) ;
#6722 = ORIENTED_EDGE ( 'NONE', *, *, #7128, .F. ) ;
#6723 = AXIS2_PLACEMENT_3D ( 'NONE', #3673, #7301, #5641 ) ;
#6724 = CARTESIAN_POINT ( 'NONE',  ( 19.91047753659498900, -23.89285944546705000, 250.0000000000000000 ) ) ;
#6725 = CARTESIAN_POINT ( 'NONE',  ( -3.900000000000004800, -20.09619636599925100, 0.0000000000000000000 ) ) ;
#6726 = DIRECTION ( 'NONE',  ( 1.000000000000000000, -0.0000000000000000000, -0.0000000000000000000 ) ) ;
#6727 = VERTEX_POINT ( 'NONE', #1020 ) ;
#6728 = ADVANCED_FACE ( 'NONE', ( #7461 ), #2939, .F. ) ;
#6729 = CARTESIAN_POINT ( 'NONE',  ( -9.199999999999995700, -4.904230295371562000, 250.0000000000000000 ) ) ;
#6730 = CIRCLE ( 'NONE', #7634, 1.500000000000001300 ) ;
#6731 = FACE_OUTER_BOUND ( 'NONE', #759, .T. ) ;
#6732 = CARTESIAN_POINT ( 'NONE',  ( 4.911370849898591300, -29.99036512018235400, 0.0000000000000000000 ) ) ;
#6733 = VERTEX_POINT ( 'NONE', #6403 ) ;
#6734 = ORIENTED_EDGE ( 'NONE', *, *, #1061, .T. ) ;
#6735 = VERTEX_POINT ( 'NONE', #1118 ) ;
#6736 = CARTESIAN_POINT ( 'NONE',  ( 10.00000000000000000, 4.899745738432866200, 250.0000000000000000 ) ) ;
#6737 = EDGE_CURVE ( 'NONE', #2407, #1466, #6872, .T. ) ;
#6738 = EDGE_CURVE ( 'NONE', #3492, #2044, #6586, .T. ) ;
#6739 = DIRECTION ( 'NONE',  ( 0.7071067811865459100, -0.7071067811865491300, -0.0000000000000000000 ) ) ;
#6740 = ORIENTED_EDGE ( 'NONE', *, *, #590, .T. ) ;
#6741 = VECTOR ( 'NONE', #7068, 1000.000000000000100 ) ;
#6742 = CARTESIAN_POINT ( 'NONE',  ( 66.57000000000135700, 8.207983149782574400, 250.0000000000000000 ) ) ;
#6743 = CARTESIAN_POINT ( 'NONE',  ( 4.911370849898455400, -29.19036512018225000, 250.0000000000000000 ) ) ;
#6744 = DIRECTION ( 'NONE',  ( -0.0000000000000000000, -0.0000000000000000000, -1.000000000000000000 ) ) ;
#6745 = LINE ( 'NONE', #6890, #2897 ) ;
#6746 = FACE_OUTER_BOUND ( 'NONE', #1847, .T. ) ;
#6747 = DIRECTION ( 'NONE',  ( 0.6636301409130349600, 0.7480608505140109400, 0.0000000000000000000 ) ) ;
#6748 = AXIS2_PLACEMENT_3D ( 'NONE', #4243, #3394, #5116 ) ;
#6749 = ORIENTED_EDGE ( 'NONE', *, *, #4717, .F. ) ;
#6750 = CARTESIAN_POINT ( 'NONE',  ( 25.50201657697738600, -11.79036512018251400, 250.0000000000000000 ) ) ;
#6751 = ORIENTED_EDGE ( 'NONE', *, *, #5200, .F. ) ;
#6752 = CARTESIAN_POINT ( 'NONE',  ( 8.200000000000006400, 8.207983149782574400, 250.0000000000000000 ) ) ;
#6753 = ORIENTED_EDGE ( 'NONE', *, *, #9519, .T. ) ;
#6754 = VECTOR ( 'NONE', #10480, 1000.000000000000100 ) ;
#6755 = CARTESIAN_POINT ( 'NONE',  ( -8.200000000000002800, -12.68988765921544000, 0.0000000000000000000 ) ) ;
#6756 = DIRECTION ( 'NONE',  ( -0.0000000000000000000, -0.0000000000000000000, -1.000000000000000000 ) ) ;
#6757 = DIRECTION ( 'NONE',  ( -1.000000000000000000, 0.0000000000000000000, 0.0000000000000000000 ) ) ;
#6758 = FACE_OUTER_BOUND ( 'NONE', #8085, .T. ) ;
#6759 = FACE_OUTER_BOUND ( 'NONE', #1586, .T. ) ;
#6760 = DIRECTION ( 'NONE',  ( -1.000000000000000000, 7.885106709243211700E-015, -0.0000000000000000000 ) ) ;
#6761 = ADVANCED_FACE ( 'NONE', ( #10451 ), #9232, .T. ) ;
#6762 = ORIENTED_EDGE ( 'NONE', *, *, #5318, .F. ) ;
#6763 = DIRECTION ( 'NONE',  ( -0.0000000000000000000, -0.0000000000000000000, -1.000000000000000000 ) ) ;
#6764 = ORIENTED_EDGE ( 'NONE', *, *, #3089, .T. ) ;
#6765 = CARTESIAN_POINT ( 'NONE',  ( 69.20999999999418200, -24.89759383445705900, 250.0000000000000000 ) ) ;
#6766 = ORIENTED_EDGE ( 'NONE', *, *, #437, .T. ) ;
#6767 = ORIENTED_EDGE ( 'NONE', *, *, #11567, .T. ) ;
#6768 = VECTOR ( 'NONE', #9944, 1000.000000000000000 ) ;
#6769 = PLANE ( 'NONE',  #8402 ) ;
#6770 = DIRECTION ( 'NONE',  ( 0.0000000000000000000, 0.0000000000000000000, 1.000000000000000000 ) ) ;
#6771 = DIRECTION ( 'NONE',  ( -0.7069992106520813800, 0.7072143353590436600, 0.0000000000000000000 ) ) ;
#6772 = ORIENTED_EDGE ( 'NONE', *, *, #11795, .T. ) ;
#6773 = ORIENTED_EDGE ( 'NONE', *, *, #723, .F. ) ;
#6774 = LINE ( 'NONE', #2010, #8656 ) ;
#6775 = CARTESIAN_POINT ( 'NONE',  ( 8.200000000014338000, -7.297745508358056900, 0.0000000000000000000 ) ) ;
#6776 = EDGE_CURVE ( 'NONE', #8195, #3470, #3031, .T. ) ;
#6777 = AXIS2_PLACEMENT_3D ( 'NONE', #10708, #8052, #2799 ) ;
#6778 = CARTESIAN_POINT ( 'NONE',  ( 19.91047753659498900, -23.89285944546705000, 250.0000000000000000 ) ) ;
#6779 = ORIENTED_EDGE ( 'NONE', *, *, #5232, .T. ) ;
#6780 = LINE ( 'NONE', #9593, #1401 ) ;
#6781 = CARTESIAN_POINT ( 'NONE',  ( 69.99999999999418800, -28.49036512018231400, 250.0000000000000000 ) ) ;
#6782 = CARTESIAN_POINT ( 'NONE',  ( 60.08871339015073700, -23.89285944546705000, 0.0000000000000000000 ) ) ;
#6783 = ADVANCED_FACE ( 'NONE', ( #9595 ), #6553, .F. ) ;
#6784 = VECTOR ( 'NONE', #8745, 1000.000000000000000 ) ;
#6785 = DIRECTION ( 'NONE',  ( -0.7071067811865470200, -0.7071067811865479100, 0.0000000000000000000 ) ) ;
#6786 = DIRECTION ( 'NONE',  ( 2.832201593431446400E-014, -1.000000000000000000, 0.0000000000000000000 ) ) ;
#6787 = CARTESIAN_POINT ( 'NONE',  ( 20.01092704871308600, -23.79294411064816100, 250.0000000000000000 ) ) ;
#6788 = CARTESIAN_POINT ( 'NONE',  ( 66.57000000000135700, 8.207983149782574400, 250.0000000000000000 ) ) ;
#6789 = EDGE_CURVE ( 'NONE', #1964, #2021, #4183, .T. ) ;
#6790 = FACE_OUTER_BOUND ( 'NONE', #6025, .T. ) ;
#6791 = AXIS2_PLACEMENT_3D ( 'NONE', #10058, #2761, #10945 ) ;
#6792 = CARTESIAN_POINT ( 'NONE',  ( 23.90963486571957100, -22.82073024036478900, 250.0000000000000000 ) ) ;
#6793 = LINE ( 'NONE', #1043, #987 ) ;
#6794 = CARTESIAN_POINT ( 'NONE',  ( 39.89007336210561000, -16.08952446469493200, 0.0000000000000000000 ) ) ;
#6795 = CIRCLE ( 'NONE', #8107, 0.7999999999999951600 ) ;
#6796 = DIRECTION ( 'NONE',  ( -1.000000000000000000, -0.0000000000000000000, -0.0000000000000000000 ) ) ;
#6797 = DIRECTION ( 'NONE',  ( -0.7071067811865474600, 0.7071067811865474600, 0.0000000000000000000 ) ) ;
#6798 = ORIENTED_EDGE ( 'NONE', *, *, #7129, .T. ) ;
#6799 = LINE ( 'NONE', #5243, #4534 ) ;
#6800 = DIRECTION ( 'NONE',  ( 1.000000000000000000, 7.885106709243460900E-015, 0.0000000000000000000 ) ) ;
#6801 = EDGE_CURVE ( 'NONE', #906, #4584, #11749, .T. ) ;
#6802 = EDGE_CURVE ( 'NONE', #2451, #7039, #1757, .T. ) ;
#6803 = DIRECTION ( 'NONE',  ( 1.000000000000000000, 0.0000000000000000000, 0.0000000000000000000 ) ) ;
#6804 = FACE_OUTER_BOUND ( 'NONE', #8614, .T. ) ;
#6805 = CARTESIAN_POINT ( 'NONE',  ( 47.30000001409307200, -13.75036510608260100, 0.0000000000000000000 ) ) ;
#6806 = LINE ( 'NONE', #11337, #2818 ) ;
#6807 = AXIS2_PLACEMENT_3D ( 'NONE', #2242, #3008, #1362 ) ;
#6808 = ADVANCED_FACE ( 'NONE', ( #6033 ), #3856, .F. ) ;
#6809 = CARTESIAN_POINT ( 'NONE',  ( -9.199999999999995700, -4.904230295371562000, 0.0000000000000000000 ) ) ;
#6810 = DIRECTION ( 'NONE',  ( -1.000000000000000000, -0.0000000000000000000, -0.0000000000000000000 ) ) ;
#6811 = ORIENTED_EDGE ( 'NONE', *, *, #9652, .F. ) ;
#6812 = ORIENTED_EDGE ( 'NONE', *, *, #5713, .F. ) ;
#6813 = VERTEX_POINT ( 'NONE', #10234 ) ;
#6814 = DIRECTION ( 'NONE',  ( 0.0000000000000000000, -1.000000000000000000, 0.0000000000000000000 ) ) ;
#6815 = VECTOR ( 'NONE', #7608, 1000.000000000000100 ) ;
#6816 = CARTESIAN_POINT ( 'NONE',  ( 2.829078524453536600, -23.89285944546705000, 250.0000000000000000 ) ) ;
#6817 = LINE ( 'NONE', #5113, #6527 ) ;
#6818 = FACE_OUTER_BOUND ( 'NONE', #8511, .T. ) ;
#6819 = CARTESIAN_POINT ( 'NONE',  ( 57.10999999999427200, -28.30036512018227400, 0.0000000000000000000 ) ) ;
#6820 = ORIENTED_EDGE ( 'NONE', *, *, #6194, .T. ) ;
#6821 = ORIENTED_EDGE ( 'NONE', *, *, #2669, .T. ) ;
#6822 = VERTEX_POINT ( 'NONE', #11252 ) ;
#6823 = DIRECTION ( 'NONE',  ( 0.7089894245298819000, -0.7052191119820753200, 0.0000000000000000000 ) ) ;
#6824 = FACE_BOUND ( 'NONE', #2149, .T. ) ;
#6825 = CARTESIAN_POINT ( 'NONE',  ( 1.734723475976807100E-015, 3.807140554534739000, 250.0000000000000000 ) ) ;
#6826 = DIRECTION ( 'NONE',  ( 0.7071067811865474600, 0.7071067811865474600, 0.0000000000000000000 ) ) ;
#6827 = CARTESIAN_POINT ( 'NONE',  ( 51.50404306835882600, 8.505591811452930500, 0.0000000000000000000 ) ) ;
#6828 = LINE ( 'NONE', #2619, #7250 ) ;
#6829 = CYLINDRICAL_SURFACE ( 'NONE', #11631, 1.500000000000001300 ) ;
#6830 = CARTESIAN_POINT ( 'NONE',  ( 49.99999999999419500, 4.899745738432866200, 250.0000000000000000 ) ) ;
#6831 = CARTESIAN_POINT ( 'NONE',  ( 51.68999999999778100, -2.882859445469489600, 250.0000000000000000 ) ) ;
#6832 = EDGE_CURVE ( 'NONE', #1076, #6558, #4886, .T. ) ;
#6833 = ORIENTED_EDGE ( 'NONE', *, *, #10087, .T. ) ;
#6834 = ORIENTED_EDGE ( 'NONE', *, *, #9881, .T. ) ;
#6835 = VERTEX_POINT ( 'NONE', #3103 ) ;
#6836 = ORIENTED_EDGE ( 'NONE', *, *, #10934, .F. ) ;
#6837 = CARTESIAN_POINT ( 'NONE',  ( 66.55999999997980900, -5.496196365999260500, 250.0000000000000000 ) ) ;
#6838 = CARTESIAN_POINT ( 'NONE',  ( -3.900000000000004400, -17.16832557109312100, 250.0000000000000000 ) ) ;
#6839 = VECTOR ( 'NONE', #9342, 1000.000000000000000 ) ;
#6841 = ADVANCED_FACE ( 'NONE', ( #11471 ), #2073, .F. ) ;
#6840 = VECTOR ( 'NONE', #8838, 999.9999999999998900 ) ;
#6842 = CARTESIAN_POINT ( 'NONE',  ( 62.88268823480619600, 8.319634879817504800, 250.0000000000000000 ) ) ;
#6843 = DIRECTION ( 'NONE',  ( -0.0000000000000000000, -0.0000000000000000000, -1.000000000000000000 ) ) ;
#6844 = VERTEX_POINT ( 'NONE', #6706 ) ;
#6845 = AXIS2_PLACEMENT_3D ( 'NONE', #515, #3985, #3116 ) ;
#6846 = DIRECTION ( 'NONE',  ( 0.7071067811865451300, 0.7071067811865500200, 0.0000000000000000000 ) ) ;
#6847 = ORIENTED_EDGE ( 'NONE', *, *, #2003, .T. ) ;
#6848 = ORIENTED_EDGE ( 'NONE', *, *, #10846, .T. ) ;
#6849 = ORIENTED_EDGE ( 'NONE', *, *, #7664, .F. ) ;
#6850 = ORIENTED_EDGE ( 'NONE', *, *, #1959, .T. ) ;
#6851 = ORIENTED_EDGE ( 'NONE', *, *, #11356, .T. ) ;
#6852 = EDGE_CURVE ( 'NONE', #4752, #670, #2886, .T. ) ;
#6853 = CARTESIAN_POINT ( 'NONE',  ( 27.31926974553797300, -11.79036512018218900, 250.0000000000000000 ) ) ;
#6854 = LINE ( 'NONE', #1439, #1198 ) ;
#6855 = LINE ( 'NONE', #11341, #1611 ) ;
#6856 = DIRECTION ( 'NONE',  ( -0.0000000000000000000, -0.0000000000000000000, -1.000000000000000000 ) ) ;
#6857 = DIRECTION ( 'NONE',  ( -1.000000000000000000, 0.0000000000000000000, 0.0000000000000000000 ) ) ;
#6858 = CARTESIAN_POINT ( 'NONE',  ( 2.882688234812009800, 8.207983149782574400, 0.0000000000000000000 ) ) ;
#6859 = ORIENTED_EDGE ( 'NONE', *, *, #1349, .F. ) ;
#6860 = EDGE_CURVE ( 'NONE', #4094, #9418, #9739, .T. ) ;
#6861 = ORIENTED_EDGE ( 'NONE', *, *, #2040, .T. ) ;
#6862 = EDGE_LOOP ( 'NONE', ( #6836, #3975, #8037, #11739 ) ) ;
#6863 = ORIENTED_EDGE ( 'NONE', *, *, #1201, .T. ) ;
#6864 = ORIENTED_EDGE ( 'NONE', *, *, #10631, .F. ) ;
#6865 = ORIENTED_EDGE ( 'NONE', *, *, #1018, .T. ) ;
#6866 = DIRECTION ( 'NONE',  ( 0.0000000000000000000, 0.0000000000000000000, 1.000000000000000000 ) ) ;
#6867 = EDGE_CURVE ( 'NONE', #1726, #7914, #10014, .T. ) ;
#6868 = CARTESIAN_POINT ( 'NONE',  ( 15.66761782315117400, -10.22967028555615500, 250.0000000000000000 ) ) ;
#6869 = ORIENTED_EDGE ( 'NONE', *, *, #7109, .F. ) ;
#6870 = DIRECTION ( 'NONE',  ( -0.0000000000000000000, -0.0000000000000000000, -1.000000000000000000 ) ) ;
#6871 = AXIS2_PLACEMENT_3D ( 'NONE', #7447, #3779, #4691 ) ;
#6872 = LINE ( 'NONE', #11122, #9036 ) ;
#6873 = DIRECTION ( 'NONE',  ( -1.000000000000000000, -0.0000000000000000000, -0.0000000000000000000 ) ) ;
#6874 = DIRECTION ( 'NONE',  ( -0.7071067811865474600, 0.7071067811865474600, -0.0000000000000000000 ) ) ;
#6875 = DIRECTION ( 'NONE',  ( -1.000000000000000000, 4.823982726551475700E-016, -0.0000000000000000000 ) ) ;
#6876 = ORIENTED_EDGE ( 'NONE', *, *, #824, .T. ) ;
#6877 = ORIENTED_EDGE ( 'NONE', *, *, #1809, .F. ) ;
#6878 = ORIENTED_EDGE ( 'NONE', *, *, #7957, .T. ) ;
#6879 = ADVANCED_FACE ( 'NONE', ( #5038 ), #4010, .F. ) ;
#6880 = ORIENTED_EDGE ( 'NONE', *, *, #10144, .T. ) ;
#6881 = EDGE_CURVE ( 'NONE', #9787, #6611, #1213, .T. ) ;
#6882 = EDGE_CURVE ( 'NONE', #9564, #5481, #1487, .T. ) ;
#6883 = LINE ( 'NONE', #8796, #10322 ) ;
#6884 = VECTOR ( 'NONE', #8092, 1000.000000000000000 ) ;
#6885 = DIRECTION ( 'NONE',  ( -0.0000000000000000000, -0.0000000000000000000, -1.000000000000000000 ) ) ;
#6886 = AXIS2_PLACEMENT_3D ( 'NONE', #2000, #7506, #8504 ) ;
#6887 = CARTESIAN_POINT ( 'NONE',  ( -8.200000000000002800, 6.577983149782563800, 250.0000000000000000 ) ) ;
#6888 = CARTESIAN_POINT ( 'NONE',  ( 56.20084259524218600, 0.009634879817567443300, 0.0000000000000000000 ) ) ;
#6889 = CARTESIAN_POINT ( 'NONE',  ( 68.19999999999419100, -17.11498865055904900, 0.0000000000000000000 ) ) ;
#6890 = CARTESIAN_POINT ( 'NONE',  ( 63.89999999997976200, -0.1033369205210043500, 0.0000000000000000000 ) ) ;
#6891 = VERTEX_POINT ( 'NONE', #10312 ) ;
#6892 = DIRECTION ( 'NONE',  ( -0.0000000000000000000, -0.0000000000000000000, -1.000000000000000000 ) ) ;
#6893 = ORIENTED_EDGE ( 'NONE', *, *, #518, .T. ) ;
#6894 = VECTOR ( 'NONE', #2256, 1000.000000000000000 ) ;
#6895 = DIRECTION ( 'NONE',  ( -0.0000000000000000000, -0.0000000000000000000, -1.000000000000000000 ) ) ;
#6896 = LINE ( 'NONE', #9680, #9906 ) ;
#6897 = PLANE ( 'NONE',  #9241 ) ;
#6898 = ORIENTED_EDGE ( 'NONE', *, *, #1121, .F. ) ;
#6899 = EDGE_CURVE ( 'NONE', #4546, #6718, #7169, .T. ) ;
#6900 = EDGE_CURVE ( 'NONE', #6670, #10493, #6309, .T. ) ;
#6901 = ORIENTED_EDGE ( 'NONE', *, *, #1279, .T. ) ;
#6902 = ORIENTED_EDGE ( 'NONE', *, *, #11271, .T. ) ;
#6903 = DIRECTION ( 'NONE',  ( -0.0000000000000000000, -0.0000000000000000000, -1.000000000000000000 ) ) ;
#6904 = DIRECTION ( 'NONE',  ( -0.0000000000000000000, -0.0000000000000000000, -1.000000000000000000 ) ) ;
#6905 = ORIENTED_EDGE ( 'NONE', *, *, #7244, .T. ) ;
#6906 = CARTESIAN_POINT ( 'NONE',  ( 55.10008305090737200, 10.00963487981757000, 0.0000000000000000000 ) ) ;
#6907 = FACE_OUTER_BOUND ( 'NONE', #6171, .T. ) ;
#6908 = LINE ( 'NONE', #3665, #11501 ) ;
#6909 = DIRECTION ( 'NONE',  ( -1.000000000000000000, 0.0000000000000000000, 0.0000000000000000000 ) ) ;
#6910 = ORIENTED_EDGE ( 'NONE', *, *, #1430, .T. ) ;
#6911 = CARTESIAN_POINT ( 'NONE',  ( 24.34436508139353700, -10.22467969523303600, 250.0000000000000000 ) ) ;
#6912 = EDGE_CURVE ( 'NONE', #5259, #9564, #8762, .T. ) ;
#6913 = CARTESIAN_POINT ( 'NONE',  ( 49.99999999998702500, -9.990365120182433500, 250.0000000000000000 ) ) ;
#6914 = CARTESIAN_POINT ( 'NONE',  ( 19.90956179095059000, -16.08952446469493200, 0.0000000000000000000 ) ) ;
#6915 = EDGE_CURVE ( 'NONE', #2819, #7163, #3887, .T. ) ;
#6916 = VERTEX_POINT ( 'NONE', #329 ) ;
#6917 = ORIENTED_EDGE ( 'NONE', *, *, #5414, .F. ) ;
#6918 = LINE ( 'NONE', #3495, #4641 ) ;
#6919 = VECTOR ( 'NONE', #7472, 1000.000000000000000 ) ;
#6920 = ORIENTED_EDGE ( 'NONE', *, *, #10188, .T. ) ;
#6921 = DIRECTION ( 'NONE',  ( 0.7071067811865483500, -0.7071067811865465700, -0.0000000000000000000 ) ) ;
#6922 = AXIS2_PLACEMENT_3D ( 'NONE', #8224, #3714, #1045 ) ;
#6923 = VERTEX_POINT ( 'NONE', #2978 ) ;
#6924 = LINE ( 'NONE', #3784, #7943 ) ;
#6925 = CARTESIAN_POINT ( 'NONE',  ( -8.310000000000002300, -17.11498865055904900, 250.0000000000000000 ) ) ;
#6926 = DIRECTION ( 'NONE',  ( -0.0000000000000000000, 1.000000000000000000, -0.0000000000000000000 ) ) ;
#6927 = LINE ( 'NONE', #6715, #4091 ) ;
#6928 = EDGE_CURVE ( 'NONE', #798, #10111, #2605, .T. ) ;
#6929 = CARTESIAN_POINT ( 'NONE',  ( 64.89273806157649500, -29.20049802947366400, 250.0000000000000000 ) ) ;
#6930 = CARTESIAN_POINT ( 'NONE',  ( 15.09697033196240100, -10.79034973122128200, 250.0000000000000000 ) ) ;
#6931 = CARTESIAN_POINT ( 'NONE',  ( 68.19999999999419100, -7.297745508358056900, 250.0000000000000000 ) ) ;
#6932 = EDGE_CURVE ( 'NONE', #8475, #4867, #57, .T. ) ;
#6933 = LINE ( 'NONE', #5972, #11806 ) ;
#6934 = ADVANCED_FACE ( 'NONE', ( #3323 ), #8568, .F. ) ;
#6935 = DIRECTION ( 'NONE',  ( 1.000000000000000000, 0.0000000000000000000, 0.0000000000000000000 ) ) ;
#6936 = EDGE_CURVE ( 'NONE', #4327, #7818, #926, .T. ) ;
#6937 = LINE ( 'NONE', #8133, #1273 ) ;
#6938 = PLANE ( 'NONE',  #11555 ) ;
#6939 = AXIS2_PLACEMENT_3D ( 'NONE', #9416, #2154, #9379 ) ;
#6940 = SHAPE_DEFINITION_REPRESENTATION ( #2997, #6352 ) ;
#6941 = CARTESIAN_POINT ( 'NONE',  ( 68.30999999999419000, -22.88036512018231500, 0.0000000000000000000 ) ) ;
#6942 = CARTESIAN_POINT ( 'NONE',  ( 63.89999999997976200, 0.09834826997499368500, 0.0000000000000000000 ) ) ;
#6943 = DIRECTION ( 'NONE',  ( 1.000000000000000000, 0.0000000000000000000, 0.0000000000000000000 ) ) ;
#6944 = LINE ( 'NONE', #8294, #1820 ) ;
#6945 = DIRECTION ( 'NONE',  ( 0.0000000000000000000, 0.0000000000000000000, 1.000000000000000000 ) ) ;
#6946 = VECTOR ( 'NONE', #11443, 1000.000000000000000 ) ;
#6947 = DIRECTION ( 'NONE',  ( 0.0000000000000000000, 0.0000000000000000000, 1.000000000000000000 ) ) ;
#6948 = CARTESIAN_POINT ( 'NONE',  ( -3.899999999985570100, -2.841651730025073900, 250.0000000000000000 ) ) ;
#6949 = EDGE_CURVE ( 'NONE', #8673, #7988, #642, .T. ) ;
#6950 = EDGE_CURVE ( 'NONE', #2171, #8661, #338, .T. ) ;
#6951 = DIRECTION ( 'NONE',  ( -1.000000000000000000, -2.941907609485902000E-014, 0.0000000000000000000 ) ) ;
#6952 = VECTOR ( 'NONE', #8810, 1000.000000000000000 ) ;
#6953 = DIRECTION ( 'NONE',  ( 0.7078322512429712200, -0.7063805660550885900, 0.0000000000000000000 ) ) ;
#6954 = AXIS2_PLACEMENT_3D ( 'NONE', #1721, #64, #10844 ) ;
#6955 = VERTEX_POINT ( 'NONE', #10474 ) ;
#6956 = VERTEX_POINT ( 'NONE', #5904 ) ;
#6957 = VECTOR ( 'NONE', #4246, 1000.000000000000000 ) ;
#6958 = VECTOR ( 'NONE', #5662, 1000.000000000000000 ) ;
#6959 = DIRECTION ( 'NONE',  ( 0.0000000000000000000, 0.0000000000000000000, 1.000000000000000000 ) ) ;
#6960 = FACE_OUTER_BOUND ( 'NONE', #5879, .T. ) ;
#6961 = CARTESIAN_POINT ( 'NONE',  ( 68.19999999999419100, 5.495853944692210100, 250.0000000000000000 ) ) ;
#6962 = CARTESIAN_POINT ( 'NONE',  ( 51.68999999999778100, 2.882517024154526400, 250.0000000000000000 ) ) ;
#6963 = DIRECTION ( 'NONE',  ( -0.0000000000000000000, -0.0000000000000000000, -1.000000000000000000 ) ) ;
#6964 = ADVANCED_FACE ( 'NONE', ( #8457 ), #7725, .F. ) ;
#6965 = CARTESIAN_POINT ( 'NONE',  ( 65.49602515533275900, 6.565966396540218000, 250.0000000000000000 ) ) ;
#6966 = EDGE_CURVE ( 'NONE', #7423, #8673, #8317, .T. ) ;
#6967 = EDGE_CURVE ( 'NONE', #3470, #219, #3465, .T. ) ;
#6968 = CARTESIAN_POINT ( 'NONE',  ( 14.49666307946589100, -28.19036512018228900, 250.0000000000000000 ) ) ;
#6969 = ORIENTED_EDGE ( 'NONE', *, *, #1121, .T. ) ;
#6970 = VERTEX_POINT ( 'NONE', #2254 ) ;
#6971 = ORIENTED_EDGE ( 'NONE', *, *, #1980, .T. ) ;
#6972 = CARTESIAN_POINT ( 'NONE',  ( -9.768614357130205800, 4.341131381295492800, 250.0000000000000000 ) ) ;
#6973 = LINE ( 'NONE', #223, #6264 ) ;
#6974 = ORIENTED_EDGE ( 'NONE', *, *, #5675, .F. ) ;
#6975 = CARTESIAN_POINT ( 'NONE',  ( 14.50996632757433800, -11.78952446469386800, 250.0000000000000000 ) ) ;
#6976 = VECTOR ( 'NONE', #8370, 1000.000000000000000 ) ;
#6977 = DIRECTION ( 'NONE',  ( -0.0000000000000000000, 1.000000000000000000, -0.0000000000000000000 ) ) ;
#6978 = EDGE_CURVE ( 'NONE', #5212, #8693, #10744, .T. ) ;
#6979 = DIRECTION ( 'NONE',  ( 0.7072143353590419900, 0.7069992106520830400, -0.0000000000000000000 ) ) ;
#6980 = EDGE_LOOP ( 'NONE', ( #9453, #1616, #5133, #9983 ) ) ;
#6981 = ORIENTED_EDGE ( 'NONE', *, *, #4283, .F. ) ;
#6982 = ORIENTED_EDGE ( 'NONE', *, *, #6716, .F. ) ;
#6983 = CARTESIAN_POINT ( 'NONE',  ( -5.488713390157446500, -26.55168528746671400, 250.0000000000000000 ) ) ;
#6984 = DIRECTION ( 'NONE',  ( -0.0000000000000000000, -0.0000000000000000000, -1.000000000000000000 ) ) ;
#6985 = LINE ( 'NONE', #10127, #2143 ) ;
#6986 = LINE ( 'NONE', #11730, #2144 ) ;
#6987 = CARTESIAN_POINT ( 'NONE',  ( 45.49003367241985500, -11.78952446469386800, 0.0000000000000000000 ) ) ;
#6988 = DIRECTION ( 'NONE',  ( -0.0000000000000000000, -0.0000000000000000000, -1.000000000000000000 ) ) ;
#6989 = DIRECTION ( 'NONE',  ( -0.0000000000000000000, -0.0000000000000000000, -1.000000000000000000 ) ) ;
#6990 = ORIENTED_EDGE ( 'NONE', *, *, #5452, .T. ) ;
#6991 = EDGE_LOOP ( 'NONE', ( #5457, #3882, #4141, #9353 ) ) ;
#6992 = ORIENTED_EDGE ( 'NONE', *, *, #6738, .F. ) ;
#6993 = ORIENTED_EDGE ( 'NONE', *, *, #243, .F. ) ;
#6994 = CARTESIAN_POINT ( 'NONE',  ( 25.48871339015736100, -28.19036512018228900, 250.0000000000000000 ) ) ;
#6995 = CARTESIAN_POINT ( 'NONE',  ( 4.899916949086820000, 10.00963487981757000, 250.0000000000000000 ) ) ;
#6996 = ADVANCED_FACE ( 'NONE', ( #2286 ), #3188, .F. ) ;
#6997 = LINE ( 'NONE', #9106, #6430 ) ;
#6998 = VECTOR ( 'NONE', #6622, 1000.000000000000200 ) ;
#6999 = DIRECTION ( 'NONE',  ( -0.7071067811865484600, 0.7071067811865466800, 0.0000000000000000000 ) ) ;
#7000 = DIRECTION ( 'NONE',  ( 0.0000000000000000000, -1.000000000000000000, 0.0000000000000000000 ) ) ;
#7001 = ORIENTED_EDGE ( 'NONE', *, *, #8165, .T. ) ;
#7002 = ORIENTED_EDGE ( 'NONE', *, *, #9300, .F. ) ;
#7003 = ORIENTED_EDGE ( 'NONE', *, *, #11089, .T. ) ;
#7004 = ORIENTED_EDGE ( 'NONE', *, *, #5685, .F. ) ;
#7005 = ORIENTED_EDGE ( 'NONE', *, *, #8415, .F. ) ;
#7006 = DIRECTION ( 'NONE',  ( 0.0000000000000000000, -0.0000000000000000000, -1.000000000000000000 ) ) ;
#7007 = CARTESIAN_POINT ( 'NONE',  ( 24.91005050634261400, -10.79036512018242500, 250.0000000000000000 ) ) ;
#7008 = DIRECTION ( 'NONE',  ( 0.7071067811865474600, 0.7071067811865474600, 0.0000000000000000000 ) ) ;
#7009 = DIRECTION ( 'NONE',  ( 1.000000000000000000, 0.0000000000000000000, 0.0000000000000000000 ) ) ;
#7010 = EDGE_CURVE ( 'NONE', #3929, #5829, #11704, .T. ) ;
#7011 = VECTOR ( 'NONE', #404, 1000.000000000000000 ) ;
#7012 = VECTOR ( 'NONE', #8862, 1000.000000000000000 ) ;
#7013 = CARTESIAN_POINT ( 'NONE',  ( 63.80522200729316000, -20.00141837329822200, 0.0000000000000000000 ) ) ;
#7014 = ORIENTED_EDGE ( 'NONE', *, *, #3238, .T. ) ;
#7015 = ORIENTED_EDGE ( 'NONE', *, *, #974, .T. ) ;
#7016 = ORIENTED_EDGE ( 'NONE', *, *, #11073, .F. ) ;
#7017 = DIRECTION ( 'NONE',  ( 0.0000000000000000000, -1.000000000000000000, 0.0000000000000000000 ) ) ;
#7018 = ORIENTED_EDGE ( 'NONE', *, *, #1137, .F. ) ;
#7019 = CARTESIAN_POINT ( 'NONE',  ( 57.16499787675104500, -3.901602146817069200, 250.0000000000000000 ) ) ;
#7020 = LINE ( 'NONE', #3100, #10156 ) ;
#7021 = VECTOR ( 'NONE', #7283, 1000.000000000000100 ) ;
#7022 = DIRECTION ( 'NONE',  ( -1.000000000000000000, 0.0000000000000000000, 0.0000000000000000000 ) ) ;
#7023 = EDGE_CURVE ( 'NONE', #8320, #4444, #5701, .T. ) ;
#7024 = AXIS2_PLACEMENT_3D ( 'NONE', #9498, #472, #6803 ) ;
#7025 = CARTESIAN_POINT ( 'NONE',  ( -8.200000000000002800, -17.11498865055904900, 0.0000000000000000000 ) ) ;
#7026 = ORIENTED_EDGE ( 'NONE', *, *, #797, .F. ) ;
#7027 = ADVANCED_FACE ( 'NONE', ( #9536 ), #4059, .T. ) ;
#7028 = ORIENTED_EDGE ( 'NONE', *, *, #606, .T. ) ;
#7029 = ORIENTED_EDGE ( 'NONE', *, *, #7903, .F. ) ;
#7030 = DIRECTION ( 'NONE',  ( 0.0000000000000000000, -0.0000000000000000000, 1.000000000000000000 ) ) ;
#7031 = AXIS2_PLACEMENT_3D ( 'NONE', #9856, #3515, #8142 ) ;
#7032 = EDGE_LOOP ( 'NONE', ( #7305, #8362, #1578, #2891 ) ) ;
#7033 = VECTOR ( 'NONE', #5220, 1000.000000000000000 ) ;
#7034 = DIRECTION ( 'NONE',  ( 0.0000000000000000000, 1.000000000000000000, 0.0000000000000000000 ) ) ;
#7035 = CARTESIAN_POINT ( 'NONE',  ( -6.569999999999968300, -28.19036512018242000, 250.0000000000000000 ) ) ;
#7036 = VECTOR ( 'NONE', #3210, 1000.000000000000000 ) ;
#7037 = VECTOR ( 'NONE', #11364, 1000.000000000000000 ) ;
#7038 = PLANE ( 'NONE',  #924 ) ;
#7039 = VERTEX_POINT ( 'NONE', #11449 ) ;
#7040 = EDGE_CURVE ( 'NONE', #10345, #441, #9517, .T. ) ;
#7041 = EDGE_CURVE ( 'NONE', #6602, #505, #10360, .T. ) ;
#7042 = ORIENTED_EDGE ( 'NONE', *, *, #11177, .F. ) ;
#7043 = VECTOR ( 'NONE', #2855, 1000.000000000000000 ) ;
#7044 = VECTOR ( 'NONE', #3335, 1000.000000000000100 ) ;
#7045 = LINE ( 'NONE', #3871, #6478 ) ;
#7046 = DIRECTION ( 'NONE',  ( 1.000000000000000000, -0.0000000000000000000, -0.0000000000000000000 ) ) ;
#7047 = AXIS2_PLACEMENT_3D ( 'NONE', #1290, #6664, #4906 ) ;
#7048 = CARTESIAN_POINT ( 'NONE',  ( -3.899999999985570600, -0.1033369205210043500, 250.0000000000000000 ) ) ;
#7049 = CARTESIAN_POINT ( 'NONE',  ( 54.50397484464128400, 8.207983149782574400, 250.0000000000000000 ) ) ;
#7050 = DIRECTION ( 'NONE',  ( -0.0000000000000000000, 1.000000000000000000, -0.0000000000000000000 ) ) ;
#7051 = VERTEX_POINT ( 'NONE', #1408 ) ;
#7052 = CARTESIAN_POINT ( 'NONE',  ( 67.66000000000136100, 6.577983149782563800, 250.0000000000000000 ) ) ;
#7053 = DIRECTION ( 'NONE',  ( -0.0000000000000000000, -0.0000000000000000000, -1.000000000000000000 ) ) ;
#7054 = EDGE_LOOP ( 'NONE', ( #7410, #739, #921, #3016 ) ) ;
#7055 = CARTESIAN_POINT ( 'NONE',  ( -8.200000000000002800, -17.11498865055904900, 0.0000000000000000000 ) ) ;
#7056 = EDGE_LOOP ( 'NONE', ( #4024, #4323, #4737, #5708 ) ) ;
#7057 = ORIENTED_EDGE ( 'NONE', *, *, #7969, .F. ) ;
#7058 = LINE ( 'NONE', #895, #4504 ) ;
#7059 = LINE ( 'NONE', #6428, #11647 ) ;
#7060 = ADVANCED_FACE ( 'NONE', ( #7514 ), #11492, .T. ) ;
#7061 = CARTESIAN_POINT ( 'NONE',  ( 59.99999999999418800, 0.009634879817567443300, 250.0000000000000000 ) ) ;
#7062 = CARTESIAN_POINT ( 'NONE',  ( 68.19999999999419100, -2.882859445469489600, 250.0000000000000000 ) ) ;
#7063 = DIRECTION ( 'NONE',  ( -0.0000000000000000000, 1.000000000000000000, -0.0000000000000000000 ) ) ;
#7064 = DIRECTION ( 'NONE',  ( -0.0000000000000000000, -0.0000000000000000000, -1.000000000000000000 ) ) ;
#7065 = CARTESIAN_POINT ( 'NONE',  ( 37.11132034355090800, -11.79036512018251400, 0.0000000000000000000 ) ) ;
#7066 = ORIENTED_EDGE ( 'NONE', *, *, #8594, .F. ) ;
#7067 = LINE ( 'NONE', #4661, #693 ) ;
#7068 = DIRECTION ( 'NONE',  ( -0.7072143353590416600, -0.7069992106520833800, -0.0000000000000000000 ) ) ;
#7069 = VECTOR ( 'NONE', #6018, 1000.000000000000000 ) ;
#7070 = DIRECTION ( 'NONE',  ( -0.0000000000000000000, -0.0000000000000000000, -1.000000000000000000 ) ) ;
#7071 = PLANE ( 'NONE',  #9714 ) ;
#7072 = DIRECTION ( 'NONE',  ( 0.7072143353591022800, 0.7069992106520227600, 0.0000000000000000000 ) ) ;
#7073 = EDGE_CURVE ( 'NONE', #7148, #4995, #5095, .T. ) ;
#7074 = ORIENTED_EDGE ( 'NONE', *, *, #5929, .F. ) ;
#7075 = LINE ( 'NONE', #3935, #1546 ) ;
#7076 = VECTOR ( 'NONE', #9094, 1000.000000000000000 ) ;
#7077 = AXIS2_PLACEMENT_3D ( 'NONE', #6068, #3321, #5080 ) ;
#7078 = CALENDAR_DATE ( 2015, 31, 3 ) ;
#7079 = DIRECTION ( 'NONE',  ( -0.0000000000000000000, -0.0000000000000000000, -1.000000000000000000 ) ) ;
#7080 = AXIS2_PLACEMENT_3D ( 'NONE', #8958, #9041, #3490 ) ;
#7081 = PLANE ( 'NONE',  #5125 ) ;
#7082 = PLANE ( 'NONE',  #9689 ) ;
#7083 = ORIENTED_EDGE ( 'NONE', *, *, #10453, .T. ) ;
#7084 = ADVANCED_FACE ( 'NONE', ( #9794 ), #10423, .F. ) ;
#7085 = FACE_OUTER_BOUND ( 'NONE', #4645, .T. ) ;
#7086 = EDGE_CURVE ( 'NONE', #2877, #1029, #1790, .T. ) ;
#7087 = CARTESIAN_POINT ( 'NONE',  ( 20.01092704871308600, -23.79294411064816100, 0.0000000000000000000 ) ) ;
#7088 = DIRECTION ( 'NONE',  ( -1.000000000000000000, 0.0000000000000000000, 0.0000000000000000000 ) ) ;
#7089 = FACE_OUTER_BOUND ( 'NONE', #9290, .T. ) ;
#7090 = CARTESIAN_POINT ( 'NONE',  ( 62.88268823480619600, 8.207983149782574400, 0.0000000000000000000 ) ) ;
#7091 = VECTOR ( 'NONE', #2520, 1000.000000000000000 ) ;
#7092 = EDGE_CURVE ( 'NONE', #7550, #9131, #9770, .T. ) ;
#7093 = DIRECTION ( 'NONE',  ( 0.0000000000000000000, 0.0000000000000000000, 1.000000000000000000 ) ) ;
#7094 = EDGE_CURVE ( 'NONE', #7411, #5776, #7595, .T. ) ;
#7095 = EDGE_LOOP ( 'NONE', ( #2880, #1927, #10336, #6971 ) ) ;
#7096 = LINE ( 'NONE', #8458, #1422 ) ;
#7097 = CARTESIAN_POINT ( 'NONE',  ( 56.09999999997984300, -17.16832557109312100, 250.0000000000000000 ) ) ;
#7098 = CC_DESIGN_PERSON_AND_ORGANIZATION_ASSIGNMENT ( #1416, #139, ( #10428 ) ) ;
#7099 = LINE ( 'NONE', #7950, #10675 ) ;
#7100 = CARTESIAN_POINT ( 'NONE',  ( 51.68999999999778100, 2.882517024154526400, 250.0000000000000000 ) ) ;
#7101 = LINE ( 'NONE', #2289, #10966 ) ;
#7102 = CARTESIAN_POINT ( 'NONE',  ( -2.875376469631258900, -28.19036512018228900, 0.0000000000000000000 ) ) ;
#7103 = DIRECTION ( 'NONE',  ( -0.7073987682501935400, -0.7068146735022619000, 0.0000000000000000000 ) ) ;
#7104 = ORIENTED_EDGE ( 'NONE', *, *, #4838, .F. ) ;
#7105 = VERTEX_POINT ( 'NONE', #4342 ) ;
#7106 = ORIENTED_EDGE ( 'NONE', *, *, #681, .F. ) ;
#7107 = VECTOR ( 'NONE', #9465, 1000.000000000000000 ) ;
#7108 = CARTESIAN_POINT ( 'NONE',  ( 47.30000001409307200, -11.79869069127881800, 250.0000000000000000 ) ) ;
#7109 = EDGE_CURVE ( 'NONE', #1762, #7179, #9990, .T. ) ;
#7110 = EDGE_CURVE ( 'NONE', #3338, #5184, #6828, .T. ) ;
#7111 = CARTESIAN_POINT ( 'NONE',  ( 69.99999999999418800, -4.904230295371562000, 250.0000000000000000 ) ) ;
#7112 = CIRCLE ( 'NONE', #7024, 0.8000000000000020400 ) ;
#7113 = CARTESIAN_POINT ( 'NONE',  ( 8.200000000014338000, -5.496196365999258800, 0.0000000000000000000 ) ) ;
#7114 = LINE ( 'NONE', #5502, #5848 ) ;
#7115 = ADVANCED_FACE ( 'NONE', ( #9820 ), #3379, .F. ) ;
#7116 = AXIS2_PLACEMENT_3D ( 'NONE', #82, #7387, #1930 ) ;
#7117 = CARTESIAN_POINT ( 'NONE',  ( 68.30999999999419000, -17.11498865055904900, 250.0000000000000000 ) ) ;
#7118 = VERTEX_POINT ( 'NONE', #7931 ) ;
#7119 = ORIENTED_EDGE ( 'NONE', *, *, #5532, .T. ) ;
#7120 = ORIENTED_EDGE ( 'NONE', *, *, #5508, .F. ) ;
#7121 = LINE ( 'NONE', #7448, #1577 ) ;
#7122 = FACE_OUTER_BOUND ( 'NONE', #2514, .T. ) ;
#7123 = CARTESIAN_POINT ( 'NONE',  ( 17.17047753659499800, -23.89285944546705000, 250.0000000000000000 ) ) ;
#7124 = DIRECTION ( 'NONE',  ( 0.0000000000000000000, 0.0000000000000000000, -1.000000000000000000 ) ) ;
#7125 = DIRECTION ( 'NONE',  ( 2.832201593432359000E-014, -1.000000000000000000, 0.0000000000000000000 ) ) ;
#7126 = VECTOR ( 'NONE', #7908, 1000.000000000000000 ) ;
#7127 = LINE ( 'NONE', #792, #3146 ) ;
#7128 = EDGE_CURVE ( 'NONE', #9704, #8075, #2402, .T. ) ;
#7129 = EDGE_CURVE ( 'NONE', #8708, #10150, #8210, .T. ) ;
#7130 = CARTESIAN_POINT ( 'NONE',  ( 63.89999999999420100, -20.09619636599925100, 250.0000000000000000 ) ) ;
#7131 = DIRECTION ( 'NONE',  ( 1.000000000000000000, 0.0000000000000000000, 0.0000000000000000000 ) ) ;
#7132 = CARTESIAN_POINT ( 'NONE',  ( 69.99999999999418800, -4.904230295371562000, 0.0000000000000000000 ) ) ;
#7133 = ADVANCED_FACE ( 'NONE', ( #10659 ), #5225, .F. ) ;
#7134 = ORIENTED_EDGE ( 'NONE', *, *, #9006, .T. ) ;
#7135 = EDGE_LOOP ( 'NONE', ( #6227, #4573, #10564, #11509 ) ) ;
#7136 = ORIENTED_EDGE ( 'NONE', *, *, #5099, .F. ) ;
#7137 = ORIENTED_EDGE ( 'NONE', *, *, #10392, .T. ) ;
#7138 = DIRECTION ( 'NONE',  ( -0.0000000000000000000, -0.0000000000000000000, -1.000000000000000000 ) ) ;
#7139 = VECTOR ( 'NONE', #1238, 1000.000000000000000 ) ;
#7140 = VECTOR ( 'NONE', #8120, 1000.000000000000000 ) ;
#7141 = CARTESIAN_POINT ( 'NONE',  ( -3.900000000000003900, -22.83451117550332300, 250.0000000000000000 ) ) ;
#7142 = ORIENTED_EDGE ( 'NONE', *, *, #2630, .F. ) ;
#7143 = CARTESIAN_POINT ( 'NONE',  ( 62.83500212322299900, 3.907140554540113400, 250.0000000000000000 ) ) ;
#7144 = CARTESIAN_POINT ( 'NONE',  ( 47.30000001409307200, -13.75036510608260100, 0.0000000000000000000 ) ) ;
#7145 = CARTESIAN_POINT ( 'NONE',  ( 53.76187508903273500, -7.297745508358056900, 0.0000000000000000000 ) ) ;
#7146 = ORIENTED_EDGE ( 'NONE', *, *, #8508, .T. ) ;
#7147 = EDGE_CURVE ( 'NONE', #5890, #1231, #9134, .T. ) ;
#7148 = VERTEX_POINT ( 'NONE', #6086 ) ;
#7149 = ORIENTED_EDGE ( 'NONE', *, *, #5318, .T. ) ;
#7150 = VERTEX_POINT ( 'NONE', #4378 ) ;
#7151 = ORIENTED_EDGE ( 'NONE', *, *, #9227, .T. ) ;
#7153 = ORIENTED_EDGE ( 'NONE', *, *, #4066, .T. ) ;
#7152 = DIRECTION ( 'NONE',  ( 0.0000000000000000000, 0.0000000000000000000, 1.000000000000000000 ) ) ;
#7154 = ORIENTED_EDGE ( 'NONE', *, *, #5832, .T. ) ;
#7155 = LINE ( 'NONE', #6858, #2025 ) ;
#7156 = LINE ( 'NONE', #8937, #11459 ) ;
#7157 = CARTESIAN_POINT ( 'NONE',  ( 69.19999999999419100, -15.09361780066056700, 250.0000000000000000 ) ) ;
#7158 = DIRECTION ( 'NONE',  ( 0.7071067811865474600, 0.7071067811865474600, -0.0000000000000000000 ) ) ;
#7159 = ORIENTED_EDGE ( 'NONE', *, *, #6344, .T. ) ;
#7160 = CARTESIAN_POINT ( 'NONE',  ( 8.200000000000006400, 8.207983149782574400, 0.0000000000000000000 ) ) ;
#7161 = ORIENTED_EDGE ( 'NONE', *, *, #11643, .T. ) ;
#7162 = ORIENTED_EDGE ( 'NONE', *, *, #8084, .F. ) ;
#7163 = VERTEX_POINT ( 'NONE', #9799 ) ;
#7164 = ORIENTED_EDGE ( 'NONE', *, *, #6037, .F. ) ;
#7165 = EDGE_CURVE ( 'NONE', #631, #2407, #2180, .T. ) ;
#7166 = CARTESIAN_POINT ( 'NONE',  ( 44.91137084989234300, -29.19036512018207900, 250.0000000000000000 ) ) ;
#7167 = CARTESIAN_POINT ( 'NONE',  ( 14.50996632757433800, -11.78952446469386800, 250.0000000000000000 ) ) ;
#7168 = VECTOR ( 'NONE', #8644, 1000.000000000000000 ) ;
#7169 = LINE ( 'NONE', #4824, #7892 ) ;
#7170 = EDGE_CURVE ( 'NONE', #9605, #5908, #2771, .T. ) ;
#7171 = CARTESIAN_POINT ( 'NONE',  ( -6.569999999999968300, -27.65036512018244600, 0.0000000000000000000 ) ) ;
#7172 = CARTESIAN_POINT ( 'NONE',  ( 57.10999999999427200, -28.19036512018228900, 0.0000000000000000000 ) ) ;
#7173 = ORIENTED_EDGE ( 'NONE', *, *, #3160, .F. ) ;
#7174 = ORIENTED_EDGE ( 'NONE', *, *, #8132, .F. ) ;
#7175 = ORIENTED_EDGE ( 'NONE', *, *, #3160, .T. ) ;
#7176 = ORIENTED_EDGE ( 'NONE', *, *, #10406, .F. ) ;
#7177 = EDGE_CURVE ( 'NONE', #1071, #9849, #10357, .T. ) ;
#7178 = DIRECTION ( 'NONE',  ( 0.0000000000000000000, 0.0000000000000000000, 1.000000000000000000 ) ) ;
#7179 = VERTEX_POINT ( 'NONE', #697 ) ;
#7180 = CARTESIAN_POINT ( 'NONE',  ( 54.49666307946017000, -26.55128087389479300, 250.0000000000000000 ) ) ;
#7181 = LINE ( 'NONE', #3734, #804 ) ;
#7182 = VECTOR ( 'NONE', #4147, 1000.000000000000000 ) ;
#7183 = ADVANCED_FACE ( 'NONE', ( #8501 ), #5526, .F. ) ;
#7184 = CARTESIAN_POINT ( 'NONE',  ( -9.999999999992832400, 4.899745738432866200, 0.0000000000000000000 ) ) ;
#7185 = ORIENTED_EDGE ( 'NONE', *, *, #3454, .F. ) ;
#7186 = VERTEX_POINT ( 'NONE', #3413 ) ;
#7187 = PLANE ( 'NONE',  #5820 ) ;
#7188 = CARTESIAN_POINT ( 'NONE',  ( 27.31926974553791600, -13.75036512018161100, 250.0000000000000000 ) ) ;
#7189 = ORIENTED_EDGE ( 'NONE', *, *, #8626, .F. ) ;
#7190 = CARTESIAN_POINT ( 'NONE',  ( 42.83043820904266900, -16.08952446469493200, 250.0000000000000000 ) ) ;
#7191 = LINE ( 'NONE', #508, #6754 ) ;
#7192 = EDGE_CURVE ( 'NONE', #2282, #4055, #6484, .T. ) ;
#7193 = EDGE_CURVE ( 'NONE', #3548, #5347, #3636, .T. ) ;
#7194 = LINE ( 'NONE', #3950, #817 ) ;
#7195 = VECTOR ( 'NONE', #8646, 999.9999999999998900 ) ;
#7196 = DIRECTION ( 'NONE',  ( -0.6659235971565212700, 0.7460199479572373600, -0.0000000000000000000 ) ) ;
#7197 = EDGE_LOOP ( 'NONE', ( #7346, #6079, #3035, #10642 ) ) ;
#7198 = CARTESIAN_POINT ( 'NONE',  ( 69.99999999999418800, -24.89759383445705900, 0.0000000000000000000 ) ) ;
#7199 = CARTESIAN_POINT ( 'NONE',  ( -4.333990826768624200, -29.75897947731955600, 250.0000000000000000 ) ) ;
#7200 = ORIENTED_EDGE ( 'NONE', *, *, #2889, .T. ) ;
#7201 = ORIENTED_EDGE ( 'NONE', *, *, #11169, .F. ) ;
#7202 = VECTOR ( 'NONE', #5474, 1000.000000000000000 ) ;
#7203 = DIRECTION ( 'NONE',  ( -0.7071067811865483500, 0.7071067811865465700, 0.0000000000000000000 ) ) ;
#7204 = ORIENTED_EDGE ( 'NONE', *, *, #7738, .T. ) ;
#7205 = EDGE_CURVE ( 'NONE', #9746, #5724, #6348, .T. ) ;
#7206 = EDGE_CURVE ( 'NONE', #11755, #6143, #3362, .T. ) ;
#7207 = VERTEX_POINT ( 'NONE', #10981 ) ;
#7208 = CARTESIAN_POINT ( 'NONE',  ( 51.68999999999778100, -2.882859445469489600, 0.0000000000000000000 ) ) ;
#7209 = EDGE_LOOP ( 'NONE', ( #5159, #8916, #10206, #7897 ) ) ;
#7210 = EDGE_LOOP ( 'NONE', ( #3864, #6992, #2306, #11518 ) ) ;
#7211 = AXIS2_PLACEMENT_3D ( 'NONE', #389, #10514, #5076 ) ;
#7212 = CARTESIAN_POINT ( 'NONE',  ( 0.0000000000000000000, -19.99036512018243200, 250.0000000000000000 ) ) ;
#7213 = CARTESIAN_POINT ( 'NONE',  ( -8.310000000000002300, -17.11498865055904900, 0.0000000000000000000 ) ) ;
#7214 = VECTOR ( 'NONE', #10798, 1000.000000000000000 ) ;
#7215 = CARTESIAN_POINT ( 'NONE',  ( 16.10963486571934300, -22.83073024036426800, 250.0000000000000000 ) ) ;
#7216 = PLANE ( 'NONE',  #2976 ) ;
#7217 = DIRECTION ( 'NONE',  ( -1.000000000000000000, 0.0000000000000000000, 0.0000000000000000000 ) ) ;
#7218 = DIRECTION ( 'NONE',  ( 0.0000000000000000000, 1.000000000000000000, -0.0000000000000000000 ) ) ;
#7219 = ORIENTED_EDGE ( 'NONE', *, *, #11688, .F. ) ;
#7220 = LINE ( 'NONE', #11735, #3939 ) ;
#7221 = PLANE ( 'NONE',  #10957 ) ;
#7222 = VECTOR ( 'NONE', #7456, 1000.000000000000000 ) ;
#7223 = CARTESIAN_POINT ( 'NONE',  ( 6.559999999999918800, 5.495853944692208300, 0.0000000000000000000 ) ) ;
#7224 = DIRECTION ( 'NONE',  ( 0.7071067811865472400, 0.7071067811865479100, -0.0000000000000000000 ) ) ;
#7225 = DIRECTION ( 'NONE',  ( -0.0000000000000000000, -0.0000000000000000000, -1.000000000000000000 ) ) ;
#7226 = CARTESIAN_POINT ( 'NONE',  ( 66.57000000000135700, 8.207983149782574400, 250.0000000000000000 ) ) ;
#7227 = CARTESIAN_POINT ( 'NONE',  ( 69.19999999999419100, -15.09361780066056700, 0.0000000000000000000 ) ) ;
#7228 = LINE ( 'NONE', #10641, #5818 ) ;
#7229 = LINE ( 'NONE', #4510, #2100 ) ;
#7230 = CARTESIAN_POINT ( 'NONE',  ( 25.50201657697738600, -11.79036512018251400, 0.0000000000000000000 ) ) ;
#7231 = CARTESIAN_POINT ( 'NONE',  ( 63.80522200729316000, -20.00141837329822200, 250.0000000000000000 ) ) ;
#7232 = EDGE_CURVE ( 'NONE', #8740, #8177, #4364, .T. ) ;
#7233 = LINE ( 'NONE', #10617, #9665 ) ;
#7234 = PLANE ( 'NONE',  #8219 ) ;
#7235 = ADVANCED_FACE ( 'NONE', ( #9783 ), #4795, .T. ) ;
#7236 = VECTOR ( 'NONE', #10939, 1000.000000000000000 ) ;
#7237 = FACE_OUTER_BOUND ( 'NONE', #5132, .T. ) ;
#7238 = CARTESIAN_POINT ( 'NONE',  ( 54.49666307946017000, -26.55128087389479300, 250.0000000000000000 ) ) ;
#7239 = AXIS2_PLACEMENT_3D ( 'NONE', #11376, #454, #3186 ) ;
#7240 = LINE ( 'NONE', #5165, #865 ) ;
#7241 = DIRECTION ( 'NONE',  ( 0.7071067811865691100, 0.7071067811865259200, -0.0000000000000000000 ) ) ;
#7242 = DIRECTION ( 'NONE',  ( -0.0000000000000000000, 0.0000000000000000000, -1.000000000000000000 ) ) ;
#7243 = CARTESIAN_POINT ( 'NONE',  ( 0.0000000000000000000, 0.009634879817567443300, 0.0000000000000000000 ) ) ;
#7244 = EDGE_CURVE ( 'NONE', #10993, #1728, #6074, .T. ) ;
#7245 = VERTEX_POINT ( 'NONE', #9048 ) ;
#7246 = ORIENTED_EDGE ( 'NONE', *, *, #9056, .F. ) ;
#7247 = LINE ( 'NONE', #436, #8 ) ;
#7248 = ADVANCED_FACE ( 'NONE', ( #1532 ), #11796, .F. ) ;
#7249 = CARTESIAN_POINT ( 'NONE',  ( 51.79999999997984600, -7.297745508358056900, 0.0000000000000000000 ) ) ;
#7250 = VECTOR ( 'NONE', #6163, 1000.000000000000100 ) ;
#7251 = EDGE_CURVE ( 'NONE', #3178, #6334, #5936, .T. ) ;
#7252 = AXIS2_PLACEMENT_3D ( 'NONE', #1881, #8346, #2866 ) ;
#7253 = VECTOR ( 'NONE', #20, 1000.000000000000000 ) ;
#7254 = DIRECTION ( 'NONE',  ( -0.0000000000000000000, -0.0000000000000000000, -1.000000000000000000 ) ) ;
#7255 = DIRECTION ( 'NONE',  ( -0.7071067811865459100, -0.7071067811865491300, 0.0000000000000000000 ) ) ;
#7256 = AXIS2_PLACEMENT_3D ( 'NONE', #8888, #1583, #10693 ) ;
#7257 = VERTEX_POINT ( 'NONE', #3606 ) ;
#7258 = VERTEX_POINT ( 'NONE', #10874 ) ;
#7259 = ORIENTED_EDGE ( 'NONE', *, *, #4746, .T. ) ;
#7260 = DIRECTION ( 'NONE',  ( 0.0000000000000000000, 0.0000000000000000000, 1.000000000000000000 ) ) ;
#7261 = FACE_OUTER_BOUND ( 'NONE', #7731, .T. ) ;
#7262 = VERTEX_POINT ( 'NONE', #1786 ) ;
#7263 = LINE ( 'NONE', #10210, #8994 ) ;
#7264 = CARTESIAN_POINT ( 'NONE',  ( 57.10999999999427200, -28.19036512018228900, 250.0000000000000000 ) ) ;
#7265 = CARTESIAN_POINT ( 'NONE',  ( 53.43999999999427100, 5.495853944692208300, 0.0000000000000000000 ) ) ;
#7266 = VECTOR ( 'NONE', #9772, 1000.000000000000000 ) ;
#7267 = DIRECTION ( 'NONE',  ( 0.0000000000000000000, 0.0000000000000000000, 1.000000000000000000 ) ) ;
#7268 = EDGE_CURVE ( 'NONE', #2731, #1307, #1251, .T. ) ;
#7269 = EDGE_CURVE ( 'NONE', #920, #7553, #7058, .T. ) ;
#7270 = VERTEX_POINT ( 'NONE', #5491 ) ;
#7271 = VERTEX_POINT ( 'NONE', #9982 ) ;
#7272 = VERTEX_POINT ( 'NONE', #3643 ) ;
#7273 = CARTESIAN_POINT ( 'NONE',  ( 15.08862915010164400, -29.99036512018207300, 0.0000000000000000000 ) ) ;
#7274 = LINE ( 'NONE', #1852, #9133 ) ;
#7275 = LINE ( 'NONE', #10695, #8571 ) ;
#7276 = CARTESIAN_POINT ( 'NONE',  ( 62.83500212322299900, -3.901602146817069200, 0.0000000000000000000 ) ) ;
#7277 = ORIENTED_EDGE ( 'NONE', *, *, #6413, .F. ) ;
#7278 = ORIENTED_EDGE ( 'NONE', *, *, #11272, .T. ) ;
#7279 = VERTEX_POINT ( 'NONE', #46 ) ;
#7280 = ORIENTED_EDGE ( 'NONE', *, *, #3159, .F. ) ;
#7281 = DIRECTION ( 'NONE',  ( 0.0000000000000000000, 0.0000000000000000000, 1.000000000000000000 ) ) ;
#7282 = DIRECTION ( 'NONE',  ( 1.000000000000000000, 0.0000000000000000000, 0.0000000000000000000 ) ) ;
#7283 = DIRECTION ( 'NONE',  ( 0.7071067811865474600, 0.7071067811865474600, 0.0000000000000000000 ) ) ;
#7284 = DIRECTION ( 'NONE',  ( -0.0000000000000000000, -0.0000000000000000000, -1.000000000000000000 ) ) ;
#7285 = CARTESIAN_POINT ( 'NONE',  ( 19.91047753659498900, -23.89285944546705000, 250.0000000000000000 ) ) ;
#7286 = LINE ( 'NONE', #11266, #11444 ) ;
#7287 = LINE ( 'NONE', #1789, #7140 ) ;
#7288 = CARTESIAN_POINT ( 'NONE',  ( 45.49003367241985500, -11.78952446469386800, 0.0000000000000000000 ) ) ;
#7289 = ORIENTED_EDGE ( 'NONE', *, *, #1461, .T. ) ;
#7290 = VERTEX_POINT ( 'NONE', #6319 ) ;
#7291 = EDGE_LOOP ( 'NONE', ( #6573, #1275, #9611, #7883 ) ) ;
#7292 = ORIENTED_EDGE ( 'NONE', *, *, #2630, .T. ) ;
#7293 = ORIENTED_EDGE ( 'NONE', *, *, #6323, .F. ) ;
#7294 = DIRECTION ( 'NONE',  ( 0.0000000000000000000, -0.0000000000000000000, -1.000000000000000000 ) ) ;
#7295 = ORIENTED_EDGE ( 'NONE', *, *, #4484, .F. ) ;
#7296 = CARTESIAN_POINT ( 'NONE',  ( 19.99999999991255400, -19.99036512018248500, 0.0000000000000000000 ) ) ;
#7297 = CARTESIAN_POINT ( 'NONE',  ( 62.88268823480619600, 8.207983149782574400, 0.0000000000000000000 ) ) ;
#7298 = VECTOR ( 'NONE', #7034, 1000.000000000000000 ) ;
#7299 = VECTOR ( 'NONE', #2341, 1000.000000000000000 ) ;
#7300 = EDGE_CURVE ( 'NONE', #5045, #7441, #1384, .T. ) ;
#7301 = DIRECTION ( 'NONE',  ( -0.0000000000000000000, -0.0000000000000000000, -1.000000000000000000 ) ) ;
#7302 = DIRECTION ( 'NONE',  ( 0.0000000000000000000, -0.0000000000000000000, -1.000000000000000000 ) ) ;
#7303 = ORIENTED_EDGE ( 'NONE', *, *, #1350, .F. ) ;
#7304 = ORIENTED_EDGE ( 'NONE', *, *, #9839, .F. ) ;
#7305 = ORIENTED_EDGE ( 'NONE', *, *, #5963, .T. ) ;
#7306 = CARTESIAN_POINT ( 'NONE',  ( 34.51128660983683000, -28.19036512018228900, 0.0000000000000000000 ) ) ;
#7307 = EDGE_LOOP ( 'NONE', ( #7576, #2698 ) ) ;
#7308 = AXIS2_PLACEMENT_3D ( 'NONE', #5608, #211, #3645 ) ;
#7309 = ADVANCED_FACE ( 'NONE', ( #969 ), #9117, .F. ) ;
#7310 = CARTESIAN_POINT ( 'NONE',  ( -0.1066738410739513600, 3.907140554540114300, 0.0000000000000000000 ) ) ;
#7311 = DIRECTION ( 'NONE',  ( -1.000000000000000000, -5.485612931425163500E-012, 0.0000000000000000000 ) ) ;
#7312 = LINE ( 'NONE', #11423, #6595 ) ;
#7313 = CARTESIAN_POINT ( 'NONE',  ( 56.09999999997984300, -22.83451117550332300, 250.0000000000000000 ) ) ;
#7314 = ORIENTED_EDGE ( 'NONE', *, *, #11001, .F. ) ;
#7315 = EDGE_LOOP ( 'NONE', ( #10138, #11278, #3739, #8348 ) ) ;
#7316 = EDGE_CURVE ( 'NONE', #5481, #5021, #10926, .T. ) ;
#7317 = ORIENTED_EDGE ( 'NONE', *, *, #11807, .F. ) ;
#7318 = CARTESIAN_POINT ( 'NONE',  ( -8.200000000000002800, -17.11498865055904900, 250.0000000000000000 ) ) ;
#7319 = ORIENTED_EDGE ( 'NONE', *, *, #36, .F. ) ;
#7320 = LINE ( 'NONE', #3962, #3053 ) ;
#7321 = DIRECTION ( 'NONE',  ( 0.0000000000000000000, 0.0000000000000000000, 1.000000000000000000 ) ) ;
#7322 = VECTOR ( 'NONE', #9499, 1000.000000000000000 ) ;
#7323 = ORIENTED_EDGE ( 'NONE', *, *, #8783, .F. ) ;
#7324 = LINE ( 'NONE', #3286, #2485 ) ;
#7325 = PLANE ( 'NONE',  #4900 ) ;
#7326 = EDGE_CURVE ( 'NONE', #7163, #920, #9360, .T. ) ;
#7327 = CARTESIAN_POINT ( 'NONE',  ( 62.83500212322299900, -3.901602146817069200, 250.0000000000000000 ) ) ;
#7328 = DIRECTION ( 'NONE',  ( 1.000000000000000000, -3.255760560352650600E-011, 0.0000000000000000000 ) ) ;
#7329 = CARTESIAN_POINT ( 'NONE',  ( 2.099999999999997900, 0.009634879817567700000, 250.0000000000000000 ) ) ;
#7330 = DIRECTION ( 'NONE',  ( 0.7071067811865474600, 0.7071067811865474600, -0.0000000000000000000 ) ) ;
#7331 = CARTESIAN_POINT ( 'NONE',  ( 49.99999999998702500, -9.990365120182433500, 250.0000000000000000 ) ) ;
#7332 = EDGE_CURVE ( 'NONE', #4187, #1216, #6918, .T. ) ;
#7333 = CARTESIAN_POINT ( 'NONE',  ( 2.889999999999921100, -28.30036512018227400, 0.0000000000000000000 ) ) ;
#7334 = DIRECTION ( 'NONE',  ( 7.041459845271211500E-013, 1.000000000000000000, -0.0000000000000000000 ) ) ;
#7335 = ORIENTED_EDGE ( 'NONE', *, *, #9660, .T. ) ;
#7336 = ORIENTED_EDGE ( 'NONE', *, *, #4409, .F. ) ;
#7337 = LINE ( 'NONE', #4583, #2638 ) ;
#7338 = LINE ( 'NONE', #11671, #3069 ) ;
#7339 = VECTOR ( 'NONE', #2045, 1000.000000000000000 ) ;
#7340 = DIRECTION ( 'NONE',  ( 4.810863916118015400E-016, -1.000000000000000000, -0.0000000000000000000 ) ) ;
#7341 = PERSON_AND_ORGANIZATION_ROLE ( 'creator' ) ;
#7342 = ORIENTED_EDGE ( 'NONE', *, *, #10328, .T. ) ;
#7343 = CARTESIAN_POINT ( 'NONE',  ( 63.89999999997976200, -2.841651730025073900, 250.0000000000000000 ) ) ;
#7344 = DIRECTION ( 'NONE',  ( 1.000000000000000000, 0.0000000000000000000, 0.0000000000000000000 ) ) ;
#7345 = DIRECTION ( 'NONE',  ( 0.7071067811865486800, 0.7071067811865464600, 0.0000000000000000000 ) ) ;
#7346 = ORIENTED_EDGE ( 'NONE', *, *, #5958, .T. ) ;
#7347 = EDGE_CURVE ( 'NONE', #647, #227, #7352, .T. ) ;
#7348 = EDGE_CURVE ( 'NONE', #4414, #1793, #8645, .T. ) ;
#7349 = VERTEX_POINT ( 'NONE', #10610 ) ;
#7350 = ORIENTED_EDGE ( 'NONE', *, *, #5976, .F. ) ;
#7351 = DIRECTION ( 'NONE',  ( -0.0000000000000000000, -0.0000000000000000000, -1.000000000000000000 ) ) ;
#7352 = LINE ( 'NONE', #11636, #11792 ) ;
#7353 = CARTESIAN_POINT ( 'NONE',  ( 22.84824144739257800, -16.08952446469493200, 250.0000000000000000 ) ) ;
#7354 = VECTOR ( 'NONE', #775, 1000.000000000000000 ) ;
#7355 = AXIS2_PLACEMENT_3D ( 'NONE', #1691, #2604, #8989 ) ;
#7356 = EDGE_LOOP ( 'NONE', ( #10019, #2120, #3302, #3025 ) ) ;
#7357 = CARTESIAN_POINT ( 'NONE',  ( 63.89999999997976200, -2.841651730025073900, 0.0000000000000000000 ) ) ;
#7358 = VERTEX_POINT ( 'NONE', #6972 ) ;
#7359 = CARTESIAN_POINT ( 'NONE',  ( 54.50397484464128400, 8.207983149782574400, 0.0000000000000000000 ) ) ;
#7360 = LINE ( 'NONE', #5407, #553 ) ;
#7361 = DIRECTION ( 'NONE',  ( 0.6839166459891804500, -0.7295601560796135500, 0.0000000000000000000 ) ) ;
#7362 = LINE ( 'NONE', #7687, #9502 ) ;
#7363 = CARTESIAN_POINT ( 'NONE',  ( 50.73036512016554400, -11.79869069127881800, 250.0000000000000000 ) ) ;
#7364 = EDGE_CURVE ( 'NONE', #6447, #8537, #8936, .T. ) ;
#7365 = EDGE_CURVE ( 'NONE', #6506, #9782, #10342, .T. ) ;
#7366 = AXIS2_PLACEMENT_3D ( 'NONE', #11006, #2784, #5542 ) ;
#7367 = CARTESIAN_POINT ( 'NONE',  ( 2.889999999999921100, -28.19036512018228900, 250.0000000000000000 ) ) ;
#7368 = DIRECTION ( 'NONE',  ( -0.0000000000000000000, 1.000000000000000000, -0.0000000000000000000 ) ) ;
#7369 = CARTESIAN_POINT ( 'NONE',  ( 0.1066738410882871200, 3.907140554540114300, 250.0000000000000000 ) ) ;
#7370 = ORIENTED_EDGE ( 'NONE', *, *, #9255, .F. ) ;
#7371 = LINE ( 'NONE', #4254, #8824 ) ;
#7372 = CARTESIAN_POINT ( 'NONE',  ( 64.89273806157649500, -29.20049802947366400, 250.0000000000000000 ) ) ;
#7373 = DIRECTION ( 'NONE',  ( -1.000000000000000000, 0.0000000000000000000, 0.0000000000000000000 ) ) ;
#7374 = CARTESIAN_POINT ( 'NONE',  ( -2.882688234812006200, 8.319634879817504800, 250.0000000000000000 ) ) ;
#7375 = FACE_BOUND ( 'NONE', #11355, .T. ) ;
#7376 = CARTESIAN_POINT ( 'NONE',  ( 66.56999999999416700, -27.65036512018245000, 250.0000000000000000 ) ) ;
#7377 = PERSON_AND_ORGANIZATION ( #4411, #10511 ) ;
#7378 = CARTESIAN_POINT ( 'NONE',  ( 16.10963486571920800, -17.15999998590069400, 250.0000000000000000 ) ) ;
#7379 = DIRECTION ( 'NONE',  ( -0.7071067811865476800, 0.7071067811865474600, 0.0000000000000000000 ) ) ;
#7380 = ORIENTED_EDGE ( 'NONE', *, *, #4498, .F. ) ;
#7381 = FACE_OUTER_BOUND ( 'NONE', #4160, .T. ) ;
#7382 = MECHANICAL_CONTEXT ( 'NONE', #11094, 'mechanical' ) ;
#7383 = DIRECTION ( 'NONE',  ( -0.0000000000000000000, -0.0000000000000000000, -1.000000000000000000 ) ) ;
#7384 = FACE_OUTER_BOUND ( 'NONE', #10440, .T. ) ;
#7385 = VECTOR ( 'NONE', #6814, 1000.000000000000000 ) ;
#7386 = DIRECTION ( 'NONE',  ( 1.583750953283362000E-016, -1.000000000000000000, 0.0000000000000000000 ) ) ;
#7387 = DIRECTION ( 'NONE',  ( 0.0000000000000000000, -1.000000000000000000, 0.0000000000000000000 ) ) ;
#7388 = DIRECTION ( 'NONE',  ( -1.000000000000000000, -0.0000000000000000000, -0.0000000000000000000 ) ) ;
#7389 = ORIENTED_EDGE ( 'NONE', *, *, #3059, .F. ) ;
#7390 = ORIENTED_EDGE ( 'NONE', *, *, #9200, .T. ) ;
#7391 = DIRECTION ( 'NONE',  ( 0.0000000000000000000, -0.0000000000000000000, 1.000000000000000000 ) ) ;
#7392 = FACE_OUTER_BOUND ( 'NONE', #11569, .T. ) ;
#7393 = CARTESIAN_POINT ( 'NONE',  ( 55.10008305090737200, 9.219634879817565600, 250.0000000000000000 ) ) ;
#7394 = LINE ( 'NONE', #6662, #11409 ) ;
#7395 = DIRECTION ( 'NONE',  ( -1.000000000000000000, 0.0000000000000000000, 0.0000000000000000000 ) ) ;
#7396 = DIRECTION ( 'NONE',  ( 0.0000000000000000000, 1.000000000000000000, 0.0000000000000000000 ) ) ;
#7397 = EDGE_CURVE ( 'NONE', #7118, #442, #2218, .T. ) ;
#7398 = ORIENTED_EDGE ( 'NONE', *, *, #518, .F. ) ;
#7399 = ORIENTED_EDGE ( 'NONE', *, *, #10229, .T. ) ;
#7400 = ORIENTED_EDGE ( 'NONE', *, *, #6497, .T. ) ;
#7401 = VECTOR ( 'NONE', #374, 1000.000000000000200 ) ;
#7402 = FACE_OUTER_BOUND ( 'NONE', #10314, .T. ) ;
#7403 = CARTESIAN_POINT ( 'NONE',  ( -8.199999999999999300, -28.19036512018242000, 250.0000000000000000 ) ) ;
#7404 = DIRECTION ( 'NONE',  ( -0.0000000000000000000, -0.0000000000000000000, -1.000000000000000000 ) ) ;
#7405 = LINE ( 'NONE', #2899, #8701 ) ;
#7406 = DIRECTION ( 'NONE',  ( -1.000000000000000000, -0.0000000000000000000, -0.0000000000000000000 ) ) ;
#7407 = DIRECTION ( 'NONE',  ( 0.0000000000000000000, -1.000000000000000000, 0.0000000000000000000 ) ) ;
#7408 = DIRECTION ( 'NONE',  ( -0.0000000000000000000, -0.0000000000000000000, -1.000000000000000000 ) ) ;
#7409 = VERTEX_POINT ( 'NONE', #4361 ) ;
#7410 = ORIENTED_EDGE ( 'NONE', *, *, #4670, .T. ) ;
#7411 = VERTEX_POINT ( 'NONE', #4202 ) ;
#7412 = EDGE_CURVE ( 'NONE', #11526, #2282, #7640, .T. ) ;
#7413 = AXIS2_PLACEMENT_3D ( 'NONE', #6929, #5269, #3474 ) ;
#7414 = VECTOR ( 'NONE', #10339, 1000.000000000000000 ) ;
#7415 = CARTESIAN_POINT ( 'NONE',  ( -6.238124910947116900, -7.297745508358056900, 250.0000000000000000 ) ) ;
#7416 = LINE ( 'NONE', #6678, #5000 ) ;
#7417 = LINE ( 'NONE', #2585, #9975 ) ;
#7418 = APPROVAL_STATUS ( 'not_yet_approved' ) ;
#7419 = AXIS2_PLACEMENT_3D ( 'NONE', #2565, #10707, #1629 ) ;
#7420 = PLANE ( 'NONE',  #2814 ) ;
#7421 = CARTESIAN_POINT ( 'NONE',  ( 59.91128660982330700, -23.89285944546705000, 250.0000000000000000 ) ) ;
#7422 = DIRECTION ( 'NONE',  ( -1.000000000000000000, 0.0000000000000000000, 0.0000000000000000000 ) ) ;
#7423 = VERTEX_POINT ( 'NONE', #3280 ) ;
#7424 = ORIENTED_EDGE ( 'NONE', *, *, #11472, .F. ) ;
#7425 = ORIENTED_EDGE ( 'NONE', *, *, #6103, .T. ) ;
#7427 = ORIENTED_EDGE ( 'NONE', *, *, #11601, .T. ) ;
#7426 = CARTESIAN_POINT ( 'NONE',  ( 35.65563491860065400, -10.22467969523303600, 0.0000000000000000000 ) ) ;
#7428 = CARTESIAN_POINT ( 'NONE',  ( -9.999999999992834200, 8.505591811452930500, 0.0000000000000000000 ) ) ;
#7429 = DIRECTION ( 'NONE',  ( 0.0000000000000000000, -1.000000000000000000, 0.0000000000000000000 ) ) ;
#7430 = VECTOR ( 'NONE', #10086, 1000.000000000000100 ) ;
#7431 = VECTOR ( 'NONE', #4380, 1000.000000000000000 ) ;
#7432 = ADVANCED_FACE ( 'NONE', ( #7935 ), #685, .T. ) ;
#7433 = EDGE_CURVE ( 'NONE', #898, #718, #9080, .T. ) ;
#7434 = EDGE_CURVE ( 'NONE', #5567, #6355, #3778, .T. ) ;
#7435 = CARTESIAN_POINT ( 'NONE',  ( 56.09999999999428200, -0.1033369205210043500, 250.0000000000000000 ) ) ;
#7436 = ORIENTED_EDGE ( 'NONE', *, *, #862, .F. ) ;
#7437 = VERTEX_POINT ( 'NONE', #7013 ) ;
#7438 = EDGE_LOOP ( 'NONE', ( #6492, #2347, #9405, #9920 ) ) ;
#7439 = ORIENTED_EDGE ( 'NONE', *, *, #1137, .T. ) ;
#7440 = DIRECTION ( 'NONE',  ( -1.000000000000000000, 0.0000000000000000000, 0.0000000000000000000 ) ) ;
#7441 = VERTEX_POINT ( 'NONE', #1579 ) ;
#7442 = AXIS2_PLACEMENT_3D ( 'NONE', #9661, #11477, #8769 ) ;
#7443 = ORIENTED_EDGE ( 'NONE', *, *, #10525, .T. ) ;
#7444 = FACE_OUTER_BOUND ( 'NONE', #4493, .T. ) ;
#7445 = LINE ( 'NONE', #7458, #1064 ) ;
#7446 = VERTEX_POINT ( 'NONE', #9780 ) ;
#7447 = CARTESIAN_POINT ( 'NONE',  ( 8.200000000000006400, 6.577983149782563800, 250.0000000000000000 ) ) ;
#7448 = CARTESIAN_POINT ( 'NONE',  ( -2.882688234812006200, 8.319634879817504800, 0.0000000000000000000 ) ) ;
#7449 = CARTESIAN_POINT ( 'NONE',  ( -8.309999999992822200, 2.882517024158107500, 0.0000000000000000000 ) ) ;
#7450 = ORIENTED_EDGE ( 'NONE', *, *, #10804, .F. ) ;
#7451 = ORIENTED_EDGE ( 'NONE', *, *, #6802, .F. ) ;
#7452 = ORIENTED_EDGE ( 'NONE', *, *, #11491, .T. ) ;
#7453 = ORIENTED_EDGE ( 'NONE', *, *, #4930, .F. ) ;
#7454 = ORIENTED_EDGE ( 'NONE', *, *, #5268, .T. ) ;
#7455 = AXIS2_PLACEMENT_3D ( 'NONE', #10539, #2497, #3375 ) ;
#7456 = DIRECTION ( 'NONE',  ( -0.0000000000000000000, -0.0000000000000000000, -1.000000000000000000 ) ) ;
#7457 = DIRECTION ( 'NONE',  ( 0.0000000000000000000, 1.000000000000000000, 0.0000000000000000000 ) ) ;
#7458 = CARTESIAN_POINT ( 'NONE',  ( 59.99999999999418100, 3.807140554534739000, 250.0000000000000000 ) ) ;
#7459 = DIRECTION ( 'NONE',  ( 0.7071067811865476800, 0.7071067811865474600, 0.0000000000000000000 ) ) ;
#7460 = LINE ( 'NONE', #5773, #641 ) ;
#7461 = FACE_OUTER_BOUND ( 'NONE', #4713, .T. ) ;
#7462 = ORIENTED_EDGE ( 'NONE', *, *, #9254, .F. ) ;
#7463 = VERTEX_POINT ( 'NONE', #10563 ) ;
#7464 = ORIENTED_EDGE ( 'NONE', *, *, #7544, .T. ) ;
#7465 = VERTEX_POINT ( 'NONE', #3359 ) ;
#7466 = CARTESIAN_POINT ( 'NONE',  ( 57.89999999999418600, -19.99036512018243200, 0.0000000000000000000 ) ) ;
#7467 = ORIENTED_EDGE ( 'NONE', *, *, #9055, .F. ) ;
#7468 = ADVANCED_FACE ( 'NONE', ( #8208 ), #2433, .F. ) ;
#7469 = EDGE_CURVE ( 'NONE', #5100, #3422, #1656, .T. ) ;
#7470 = VECTOR ( 'NONE', #8625, 1000.000000000000000 ) ;
#7471 = VECTOR ( 'NONE', #2461, 1000.000000000000000 ) ;
#7472 = DIRECTION ( 'NONE',  ( 4.175839678922507800E-012, 1.000000000000000000, -0.0000000000000000000 ) ) ;
#7473 = DIRECTION ( 'NONE',  ( 0.7071067811865474600, -0.7071067811865474600, 0.0000000000000000000 ) ) ;
#7474 = CARTESIAN_POINT ( 'NONE',  ( 8.309999999996406900, 2.882517024154526400, 250.0000000000000000 ) ) ;
#7475 = AXIS2_PLACEMENT_3D ( 'NONE', #8171, #1796, #7282 ) ;
#7476 = EDGE_LOOP ( 'NONE', ( #11062, #8335, #8941, #2846 ) ) ;
#7477 = DIRECTION ( 'NONE',  ( 0.0000000000000000000, -0.0000000000000000000, -1.000000000000000000 ) ) ;
#7478 = CARTESIAN_POINT ( 'NONE',  ( 56.09999999999428200, -2.841651730025073900, 250.0000000000000000 ) ) ;
#7479 = ORIENTED_EDGE ( 'NONE', *, *, #11018, .T. ) ;
#7480 = LINE ( 'NONE', #4947, #522 ) ;
#7481 = LINE ( 'NONE', #7265, #1644 ) ;
#7482 = FACE_OUTER_BOUND ( 'NONE', #4159, .T. ) ;
#7483 = DIRECTION ( 'NONE',  ( 0.0000000000000000000, 0.0000000000000000000, 1.000000000000000000 ) ) ;
#7484 = EDGE_CURVE ( 'NONE', #10566, #682, #4938, .T. ) ;
#7485 = CARTESIAN_POINT ( 'NONE',  ( -9.999999999999994700, -24.89759383445705900, 250.0000000000000000 ) ) ;
#7486 = ORIENTED_EDGE ( 'NONE', *, *, #2975, .F. ) ;
#7487 = ORIENTED_EDGE ( 'NONE', *, *, #11468, .F. ) ;
#7488 = ORIENTED_EDGE ( 'NONE', *, *, #8893, .F. ) ;
#7489 = VECTOR ( 'NONE', #8067, 1000.000000000000000 ) ;
#7490 = CARTESIAN_POINT ( 'NONE',  ( 66.56999999999416700, -28.19036512018242000, 250.0000000000000000 ) ) ;
#7491 = EDGE_CURVE ( 'NONE', #8267, #6813, #385, .T. ) ;
#7492 = AXIS2_PLACEMENT_3D ( 'NONE', #11083, #10199, #11125 ) ;
#7493 = DIRECTION ( 'NONE',  ( -0.0000000000000000000, -0.0000000000000000000, -1.000000000000000000 ) ) ;
#7494 = DIRECTION ( 'NONE',  ( 0.7508172436694440200, -0.6605100049269645400, 0.0000000000000000000 ) ) ;
#7495 = LINE ( 'NONE', #10602, #9069 ) ;
#7496 = EDGE_CURVE ( 'NONE', #11022, #201, #99, .T. ) ;
#7497 = DIRECTION ( 'NONE',  ( -1.000000000000000000, 0.0000000000000000000, 0.0000000000000000000 ) ) ;
#7498 = ADVANCED_FACE ( 'NONE', ( #9204 ), #2483, .T. ) ;
#7499 = VERTEX_POINT ( 'NONE', #6071 ) ;
#7500 = AXIS2_PLACEMENT_3D ( 'NONE', #8004, #732, #6232 ) ;
#7501 = DIRECTION ( 'NONE',  ( -0.0000000000000000000, -1.000000000000000000, -0.0000000000000000000 ) ) ;
#7502 = ORIENTED_EDGE ( 'NONE', *, *, #5374, .T. ) ;
#7503 = ORIENTED_EDGE ( 'NONE', *, *, #7010, .F. ) ;
#7504 = VERTEX_POINT ( 'NONE', #7090 ) ;
#7505 = FACE_OUTER_BOUND ( 'NONE', #3124, .T. ) ;
#7506 = DIRECTION ( 'NONE',  ( -0.0000000000000000000, -0.0000000000000000000, -1.000000000000000000 ) ) ;
#7507 = CARTESIAN_POINT ( 'NONE',  ( -5.496025155338566400, 6.565966396540218000, 0.0000000000000000000 ) ) ;
#7508 = EDGE_CURVE ( 'NONE', #782, #4894, #11371, .T. ) ;
#7509 = EDGE_CURVE ( 'NONE', #392, #4843, #6206, .T. ) ;
#7510 = DIRECTION ( 'NONE',  ( 0.7071067811865351400, 0.7071067811865599000, 0.0000000000000000000 ) ) ;
#7511 = DIRECTION ( 'NONE',  ( 1.000000000000000000, -0.0000000000000000000, -0.0000000000000000000 ) ) ;
#7512 = FACE_OUTER_BOUND ( 'NONE', #659, .T. ) ;
#7513 = AXIS2_PLACEMENT_3D ( 'NONE', #9550, #3260, #6786 ) ;
#7514 = FACE_OUTER_BOUND ( 'NONE', #5817, .T. ) ;
#7515 = DIRECTION ( 'NONE',  ( -1.000000000000000000, 0.0000000000000000000, 0.0000000000000000000 ) ) ;
#7516 = CARTESIAN_POINT ( 'NONE',  ( 51.79999999997984600, 5.495853944692210100, 250.0000000000000000 ) ) ;
#7517 = FACE_OUTER_BOUND ( 'NONE', #11129, .T. ) ;
#7518 = CARTESIAN_POINT ( 'NONE',  ( 43.89036513427498000, -17.15999998590069400, 0.0000000000000000000 ) ) ;
#7519 = EDGE_CURVE ( 'NONE', #8207, #917, #6625, .T. ) ;
#7520 = EDGE_CURVE ( 'NONE', #9696, #1726, #11210, .T. ) ;
#7521 = ADVANCED_FACE ( 'NONE', ( #1520 ), #3064, .T. ) ;
#7522 = CYLINDRICAL_SURFACE ( 'NONE', #2915, 2.100000000000004500 ) ;
#7523 = PERSON_AND_ORGANIZATION ( #4411, #10511 ) ;
#7524 = CARTESIAN_POINT ( 'NONE',  ( 54.49666307946017000, -28.19036512018228900, 250.0000000000000000 ) ) ;
#7525 = CARTESIAN_POINT ( 'NONE',  ( -8.309999999999998700, -22.88036512018231500, 250.0000000000000000 ) ) ;
#7526 = DIRECTION ( 'NONE',  ( 0.7092036161358116200, -0.7050037098199472000, -0.0000000000000000000 ) ) ;
#7527 = LINE ( 'NONE', #2990, #4826 ) ;
#7528 = CARTESIAN_POINT ( 'NONE',  ( 34.49798342301680500, -11.79036512018251400, 0.0000000000000000000 ) ) ;
#7529 = LINE ( 'NONE', #11293, #9105 ) ;
#7530 = EDGE_CURVE ( 'NONE', #3036, #6523, #9348, .T. ) ;
#7531 = EDGE_CURVE ( 'NONE', #5890, #6461, #2769, .T. ) ;
#7532 = VECTOR ( 'NONE', #6903, 1000.000000000000000 ) ;
#7533 = DIRECTION ( 'NONE',  ( -0.0000000000000000000, -0.0000000000000000000, -1.000000000000000000 ) ) ;
#7534 = DIRECTION ( 'NONE',  ( -0.0000000000000000000, -0.0000000000000000000, -1.000000000000000000 ) ) ;
#7535 = ORIENTED_EDGE ( 'NONE', *, *, #797, .T. ) ;
#7536 = ORIENTED_EDGE ( 'NONE', *, *, #1490, .T. ) ;
#7537 = LINE ( 'NONE', #8715, #287 ) ;
#7538 = DIRECTION ( 'NONE',  ( -1.000000000000000000, 4.823982726541860400E-016, -0.0000000000000000000 ) ) ;
#7539 = CYLINDRICAL_SURFACE ( 'NONE', #7413, 0.7899999999999990400 ) ;
#7540 = CARTESIAN_POINT ( 'NONE',  ( 20.11084238353197400, -23.89285944546705000, 250.0000000000000000 ) ) ;
#7541 = CARTESIAN_POINT ( 'NONE',  ( 68.19999999999419100, 6.577983149782563800, 250.0000000000000000 ) ) ;
#7542 = VECTOR ( 'NONE', #11078, 1000.000000000000000 ) ;
#7543 = DIRECTION ( 'NONE',  ( -0.7508172437159988900, -0.6605100048740446500, 0.0000000000000000000 ) ) ;
#7544 = EDGE_CURVE ( 'NONE', #11475, #3989, #371, .T. ) ;
#7545 = ADVANCED_FACE ( 'NONE', ( #10048 ), #10772, .F. ) ;
#7546 = DIRECTION ( 'NONE',  ( -0.0000000000000000000, -0.0000000000000000000, -1.000000000000000000 ) ) ;
#7547 = CARTESIAN_POINT ( 'NONE',  ( 64.89991694908100300, 10.00963487981757000, 0.0000000000000000000 ) ) ;
#7548 = CARTESIAN_POINT ( 'NONE',  ( -8.499999999999992900, -28.49036512018231400, 0.0000000000000000000 ) ) ;
#7549 = VERTEX_POINT ( 'NONE', #7180 ) ;
#7550 = VERTEX_POINT ( 'NONE', #11696 ) ;
#7551 = ORIENTED_EDGE ( 'NONE', *, *, #8233, .F. ) ;
#7552 = VECTOR ( 'NONE', #3816, 1000.000000000000100 ) ;
#7553 = VERTEX_POINT ( 'NONE', #874 ) ;
#7554 = DIRECTION ( 'NONE',  ( 0.0000000000000000000, 1.000000000000000000, -0.0000000000000000000 ) ) ;
#7555 = VECTOR ( 'NONE', #850, 1000.000000000000000 ) ;
#7556 = CARTESIAN_POINT ( 'NONE',  ( 64.90722871426893900, -29.99036512018231100, 250.0000000000000000 ) ) ;
#7557 = EDGE_CURVE ( 'NONE', #6923, #5785, #240, .T. ) ;
#7558 = FACE_OUTER_BOUND ( 'NONE', #3311, .T. ) ;
#7559 = EDGE_CURVE ( 'NONE', #9084, #5754, #9917, .T. ) ;
#7560 = AXIS2_PLACEMENT_3D ( 'NONE', #244, #3802, #8474 ) ;
#7561 = ORIENTED_EDGE ( 'NONE', *, *, #7251, .F. ) ;
#7562 = ORIENTED_EDGE ( 'NONE', *, *, #5655, .F. ) ;
#7563 = ORIENTED_EDGE ( 'NONE', *, *, #6432, .T. ) ;
#7564 = DIRECTION ( 'NONE',  ( 0.6659235971565388200, 0.7460199479572216000, 0.0000000000000000000 ) ) ;
#7565 = DIRECTION ( 'NONE',  ( -0.0000000000000000000, -0.0000000000000000000, -1.000000000000000000 ) ) ;
#7566 = DIRECTION ( 'NONE',  ( -0.7069992106520227600, 0.7072143353591022800, 0.0000000000000000000 ) ) ;
#7567 = CARTESIAN_POINT ( 'NONE',  ( 24.91005050634261400, -10.79036512018242500, 250.0000000000000000 ) ) ;
#7568 = VECTOR ( 'NONE', #5451, 1000.000000000000000 ) ;
#7569 = VECTOR ( 'NONE', #5356, 1000.000000000000000 ) ;
#7570 = EDGE_CURVE ( 'NONE', #9533, #6835, #2492, .T. ) ;
#7571 = EDGE_CURVE ( 'NONE', #2699, #5458, #2070, .T. ) ;
#7572 = ORIENTED_EDGE ( 'NONE', *, *, #9542, .F. ) ;
#7573 = ORIENTED_EDGE ( 'NONE', *, *, #7434, .T. ) ;
#7574 = ORIENTED_EDGE ( 'NONE', *, *, #1860, .T. ) ;
#7575 = VERTEX_POINT ( 'NONE', #4427 ) ;
#7576 = ORIENTED_EDGE ( 'NONE', *, *, #6343, .T. ) ;
#7577 = CARTESIAN_POINT ( 'NONE',  ( -4.892738061582322800, -29.20049802947366400, 0.0000000000000000000 ) ) ;
#7578 = DIRECTION ( 'NONE',  ( -0.0000000000000000000, -0.0000000000000000000, -1.000000000000000000 ) ) ;
#7579 = LINE ( 'NONE', #1369, #4447 ) ;
#7581 = ADVANCED_FACE ( 'NONE', ( #7628 ), #4475, .F. ) ;
#7580 = LINE ( 'NONE', #2836, #5164 ) ;
#7582 = DIRECTION ( 'NONE',  ( 0.0000000000000000000, -0.0000000000000000000, 1.000000000000000000 ) ) ;
#7583 = ORIENTED_EDGE ( 'NONE', *, *, #4585, .T. ) ;
#7584 = CARTESIAN_POINT ( 'NONE',  ( -6.570000000007158100, 8.207983149782574400, 250.0000000000000000 ) ) ;
#7585 = ORIENTED_EDGE ( 'NONE', *, *, #2137, .F. ) ;
#7586 = EDGE_LOOP ( 'NONE', ( #5897, #8068, #6317, #534 ) ) ;
#7587 = EDGE_LOOP ( 'NONE', ( #521, #1854, #6974, #9836 ) ) ;
#7588 = VERTEX_POINT ( 'NONE', #8134 ) ;
#7589 = VERTEX_POINT ( 'NONE', #8983 ) ;
#7590 = VERTEX_POINT ( 'NONE', #11812 ) ;
#7591 = EDGE_CURVE ( 'NONE', #7465, #6012, #5640, .T. ) ;
#7592 = EDGE_CURVE ( 'NONE', #1752, #9163, #8791, .T. ) ;
#7593 = CARTESIAN_POINT ( 'NONE',  ( -8.309999999996403400, -2.882859445469490500, 250.0000000000000000 ) ) ;
#7594 = VECTOR ( 'NONE', #6542, 1000.000000000000000 ) ;
#7595 = LINE ( 'NONE', #733, #7012 ) ;
#7596 = CARTESIAN_POINT ( 'NONE',  ( 4.345685424949175000, -29.75605054513152900, 250.0000000000000000 ) ) ;
#7597 = AXIS2_PLACEMENT_3D ( 'NONE', #8196, #4492, #6271 ) ;
#7598 = ORIENTED_EDGE ( 'NONE', *, *, #11038, .T. ) ;
#7599 = ORIENTED_EDGE ( 'NONE', *, *, #5725, .F. ) ;
#7600 = ORIENTED_EDGE ( 'NONE', *, *, #664, .F. ) ;
#7602 = ORIENTED_EDGE ( 'NONE', *, *, #3296, .F. ) ;
#7601 = CARTESIAN_POINT ( 'NONE',  ( 44.90302966803178500, -10.79034973122128200, 250.0000000000000000 ) ) ;
#7603 = DIRECTION ( 'NONE',  ( -0.0000000000000000000, -0.0000000000000000000, -1.000000000000000000 ) ) ;
#7604 = EDGE_CURVE ( 'NONE', #2033, #9861, #829, .T. ) ;
#7605 = ORIENTED_EDGE ( 'NONE', *, *, #8189, .F. ) ;
#7606 = FACE_OUTER_BOUND ( 'NONE', #2450, .T. ) ;
#7607 = VECTOR ( 'NONE', #4101, 1000.000000000000000 ) ;
#7608 = DIRECTION ( 'NONE',  ( -0.7071067811865474600, -0.7071067811865474600, 0.0000000000000000000 ) ) ;
#7609 = DIRECTION ( 'NONE',  ( -1.000000000000000000, 3.255760560352650600E-011, 0.0000000000000000000 ) ) ;
#7610 = AXIS2_PLACEMENT_3D ( 'NONE', #9642, #7895, #8786 ) ;
#7611 = CARTESIAN_POINT ( 'NONE',  ( 68.19999999999419100, -2.882859445469489600, 250.0000000000000000 ) ) ;
#7612 = ORIENTED_EDGE ( 'NONE', *, *, #3473, .F. ) ;
#7613 = ORIENTED_EDGE ( 'NONE', *, *, #8906, .F. ) ;
#7614 = ORIENTED_EDGE ( 'NONE', *, *, #9786, .F. ) ;
#7615 = SECURITY_CLASSIFICATION ( '', '', #3664 ) ;
#7616 = EDGE_LOOP ( 'NONE', ( #4880, #8902, #7928, #10492 ) ) ;
#7617 = ADVANCED_FACE ( 'NONE', ( #88 ), #29, .F. ) ;
#7618 = CARTESIAN_POINT ( 'NONE',  ( 2.840000000002357100, -16.08952252493459100, 0.0000000000000000000 ) ) ;
#7619 = ORIENTED_EDGE ( 'NONE', *, *, #1845, .T. ) ;
#7620 = FACE_OUTER_BOUND ( 'NONE', #10773, .T. ) ;
#7621 = VECTOR ( 'NONE', #4240, 1000.000000000000000 ) ;
#7622 = FACE_OUTER_BOUND ( 'NONE', #3828, .T. ) ;
#7623 = DIRECTION ( 'NONE',  ( -1.000000000000000000, 0.0000000000000000000, 0.0000000000000000000 ) ) ;
#7624 = CARTESIAN_POINT ( 'NONE',  ( 17.10999999999999200, -28.19036512018223600, 0.0000000000000000000 ) ) ;
#7625 = DIRECTION ( 'NONE',  ( 1.000000000000000000, -5.406564086636840100E-014, 0.0000000000000000000 ) ) ;
#7626 = ORIENTED_EDGE ( 'NONE', *, *, #4913, .F. ) ;
#7627 = ORIENTED_EDGE ( 'NONE', *, *, #116, .F. ) ;
#7628 = FACE_OUTER_BOUND ( 'NONE', #4911, .T. ) ;
#7629 = CARTESIAN_POINT ( 'NONE',  ( -2.840365134288008100, -16.08952252493459100, 250.0000000000000000 ) ) ;
#7630 = LINE ( 'NONE', #8852, #79 ) ;
#7631 = LINE ( 'NONE', #8287, #10487 ) ;
#7632 = EDGE_CURVE ( 'NONE', #489, #6144, #3920, .T. ) ;
#7633 = ORIENTED_EDGE ( 'NONE', *, *, #9056, .T. ) ;
#7634 = AXIS2_PLACEMENT_3D ( 'NONE', #326, #8525, #10346 ) ;
#7635 = CARTESIAN_POINT ( 'NONE',  ( 1.734723475976807100E-015, -16.08952252493459100, 0.0000000000000000000 ) ) ;
#7636 = ORIENTED_EDGE ( 'NONE', *, *, #10882, .T. ) ;
#7637 = PLANE ( 'NONE',  #5488 ) ;
#7638 = ORIENTED_EDGE ( 'NONE', *, *, #5580, .T. ) ;
#7639 = CARTESIAN_POINT ( 'NONE',  ( 19.90956179095059000, -16.08952446469493200, 250.0000000000000000 ) ) ;
#7640 = LINE ( 'NONE', #683, #8804 ) ;
#7641 = LINE ( 'NONE', #149, #8503 ) ;
#7642 = CARTESIAN_POINT ( 'NONE',  ( 68.30999999999419000, -17.11498865055904900, 250.0000000000000000 ) ) ;
#7643 = DIRECTION ( 'NONE',  ( 0.0000000000000000000, 0.0000000000000000000, 1.000000000000000000 ) ) ;
#7644 = ADVANCED_FACE ( 'NONE', ( #11499 ), #1724, .F. ) ;
#7645 = CARTESIAN_POINT ( 'NONE',  ( -9.999999999992832400, 4.899745738432866200, 250.0000000000000000 ) ) ;
#7646 = EDGE_CURVE ( 'NONE', #10012, #8475, #9474, .T. ) ;
#7647 = AXIS2_PLACEMENT_3D ( 'NONE', #2237, #519, #6770 ) ;
#7648 = PLANE ( 'NONE',  #2356 ) ;
#7649 = DIRECTION ( 'NONE',  ( 3.255760560352650600E-011, 1.000000000000000000, -0.0000000000000000000 ) ) ;
#7650 = ORIENTED_EDGE ( 'NONE', *, *, #3, .F. ) ;
#7651 = LINE ( 'NONE', #10002, #10350 ) ;
#7652 = FACE_OUTER_BOUND ( 'NONE', #7032, .T. ) ;
#7653 = AXIS2_PLACEMENT_3D ( 'NONE', #7645, #2182, #9476 ) ;
#7654 = CARTESIAN_POINT ( 'NONE',  ( 43.89036513427498000, -17.15999998590069400, 250.0000000000000000 ) ) ;
#7655 = DIRECTION ( 'NONE',  ( -5.406564086636838800E-014, 1.000000000000000000, 0.0000000000000000000 ) ) ;
#7656 = ORIENTED_EDGE ( 'NONE', *, *, #4231, .F. ) ;
#7657 = LINE ( 'NONE', #11651, #10794 ) ;
#7658 = CARTESIAN_POINT ( 'NONE',  ( 69.76568542494344200, -15.65930322560980400, 250.0000000000000000 ) ) ;
#7659 = DIRECTION ( 'NONE',  ( 0.7071067811865474600, -0.7071067811865474600, -0.0000000000000000000 ) ) ;
#7660 = CARTESIAN_POINT ( 'NONE',  ( 69.76568542494342800, -4.338544870422318800, 250.0000000000000000 ) ) ;
#7661 = LINE ( 'NONE', #3694, #4662 ) ;
#7662 = CARTESIAN_POINT ( 'NONE',  ( 39.89007336210561000, -16.08952446469493200, 250.0000000000000000 ) ) ;
#7663 = EDGE_CURVE ( 'NONE', #10111, #9316, #10622, .T. ) ;
#7664 = EDGE_CURVE ( 'NONE', #4532, #6563, #5214, .T. ) ;
#7665 = PERSON_AND_ORGANIZATION ( #4411, #10511 ) ;
#7666 = AXIS2_PLACEMENT_3D ( 'NONE', #11292, #7566, #4786 ) ;
#7667 = VERTEX_POINT ( 'NONE', #8288 ) ;
#7668 = LINE ( 'NONE', #4145, #8381 ) ;
#7669 = ADVANCED_FACE ( 'NONE', ( #10331 ), #4628, .F. ) ;
#7670 = CARTESIAN_POINT ( 'NONE',  ( 3.899999999999906200, 0.09834826997499368500, 250.0000000000000000 ) ) ;
#7671 = FACE_OUTER_BOUND ( 'NONE', #4064, .T. ) ;
#7672 = DIRECTION ( 'NONE',  ( 1.000000000000000000, 0.0000000000000000000, 0.0000000000000000000 ) ) ;
#7673 = CARTESIAN_POINT ( 'NONE',  ( -3.900000000000004400, -19.90664038059719200, 250.0000000000000000 ) ) ;
#7674 = LINE ( 'NONE', #6742, #7385 ) ;
#7675 = CARTESIAN_POINT ( 'NONE',  ( 63.89999999997976200, 0.09834826997499368500, 0.0000000000000000000 ) ) ;
#7676 = CARTESIAN_POINT ( 'NONE',  ( 27.31926974553747900, -28.19036512018301400, 0.0000000000000000000 ) ) ;
#7677 = VERTEX_POINT ( 'NONE', #6491 ) ;
#7678 = CYLINDRICAL_SURFACE ( 'NONE', #4623, 0.8000000000000090400 ) ;
#7679 = CARTESIAN_POINT ( 'NONE',  ( -9.765685424946712000, -15.65930322560726800, 0.0000000000000000000 ) ) ;
#7680 = VECTOR ( 'NONE', #11687, 1000.000000000000100 ) ;
#7681 = DIRECTION ( 'NONE',  ( 0.7052191119820753200, 0.7089894245298819000, -0.0000000000000000000 ) ) ;
#7682 = VECTOR ( 'NONE', #1488, 1000.000000000000000 ) ;
#7683 = DIRECTION ( 'NONE',  ( 0.7092036161358116200, -0.7050037098199472000, -0.0000000000000000000 ) ) ;
#7684 = EDGE_LOOP ( 'NONE', ( #2069, #5737, #930, #1305 ) ) ;
#7685 = ORIENTED_EDGE ( 'NONE', *, *, #8176, .T. ) ;
#7686 = ORIENTED_EDGE ( 'NONE', *, *, #6123, .F. ) ;
#7687 = CARTESIAN_POINT ( 'NONE',  ( 63.89999999999420100, -22.83451117550332300, 250.0000000000000000 ) ) ;
#7688 = FACE_OUTER_BOUND ( 'NONE', #1781, .T. ) ;
#7689 = EDGE_CURVE ( 'NONE', #5934, #9287, #6614, .T. ) ;
#7690 = FACE_OUTER_BOUND ( 'NONE', #6036, .T. ) ;
#7691 = LINE ( 'NONE', #6365, #6531 ) ;
#7692 = DIRECTION ( 'NONE',  ( 0.0000000000000000000, -1.000000000000000000, 0.0000000000000000000 ) ) ;
#7693 = CARTESIAN_POINT ( 'NONE',  ( -7.660000000000000100, -26.56036512018241400, 250.0000000000000000 ) ) ;
#7694 = ADVANCED_FACE ( 'NONE', ( #7923 ), #1951, .F. ) ;
#7695 = AXIS2_PLACEMENT_3D ( 'NONE', #4887, #5769, #5804 ) ;
#7696 = CARTESIAN_POINT ( 'NONE',  ( -9.999999999992832400, -15.09361780066056700, 250.0000000000000000 ) ) ;
#7697 = ORIENTED_EDGE ( 'NONE', *, *, #738, .T. ) ;
#7698 = ORIENTED_EDGE ( 'NONE', *, *, #2680, .T. ) ;
#7699 = VERTEX_POINT ( 'NONE', #3822 ) ;
#7700 = AXIS2_PLACEMENT_3D ( 'NONE', #8671, #6771, #7701 ) ;
#7701 = DIRECTION ( 'NONE',  ( -0.7072143353590436600, -0.7069992106520813800, 0.0000000000000000000 ) ) ;
#7702 = VECTOR ( 'NONE', #6904, 1000.000000000000000 ) ;
#7703 = VECTOR ( 'NONE', #8430, 1000.000000000000100 ) ;
#7704 = VECTOR ( 'NONE', #6233, 1000.000000000000000 ) ;
#7705 = EDGE_CURVE ( 'NONE', #4995, #1357, #7337, .T. ) ;
#7706 = DIRECTION ( 'NONE',  ( 1.000000000000000000, 0.0000000000000000000, 0.0000000000000000000 ) ) ;
#7707 = DIRECTION ( 'NONE',  ( -0.6839166459891854500, -0.7295601560796088900, 0.0000000000000000000 ) ) ;
#7708 = PLANE ( 'NONE',  #8252 ) ;
#7709 = DIRECTION ( 'NONE',  ( -0.7089894245298891100, -0.7052191119820681000, 0.0000000000000000000 ) ) ;
#7710 = VERTEX_POINT ( 'NONE', #2744 ) ;
#7711 = VERTEX_POINT ( 'NONE', #9235 ) ;
#7712 = EDGE_LOOP ( 'NONE', ( #10628, #4104, #4676, #4710 ) ) ;
#7713 = DIRECTION ( 'NONE',  ( -0.7071067811865477900, 0.7071067811865473500, -0.0000000000000000000 ) ) ;
#7714 = ORIENTED_EDGE ( 'NONE', *, *, #8379, .T. ) ;
#7715 = DIRECTION ( 'NONE',  ( 1.000000000000000000, 0.0000000000000000000, 0.0000000000000000000 ) ) ;
#7716 = EDGE_CURVE ( 'NONE', #6813, #1190, #11781, .T. ) ;
#7717 = EDGE_CURVE ( 'NONE', #6500, #1029, #6337, .T. ) ;
#7718 = CARTESIAN_POINT ( 'NONE',  ( 17.16956179095151900, -16.08952446469493200, 0.0000000000000000000 ) ) ;
#7719 = VECTOR ( 'NONE', #7538, 1000.000000000000000 ) ;
#7720 = LINE ( 'NONE', #9119, #8585 ) ;
#7721 = CARTESIAN_POINT ( 'NONE',  ( -8.200000000000001100, -25.49370204071641800, 250.0000000000000000 ) ) ;
#7722 = ORIENTED_EDGE ( 'NONE', *, *, #197, .T. ) ;
#7723 = DIRECTION ( 'NONE',  ( -0.7089894245298819000, 0.7052191119820753200, 0.0000000000000000000 ) ) ;
#7724 = CARTESIAN_POINT ( 'NONE',  ( -9.765685424946712000, -15.65930322560726800, 250.0000000000000000 ) ) ;
#7725 = PLANE ( 'NONE',  #9501 ) ;
#7726 = ORIENTED_EDGE ( 'NONE', *, *, #8993, .F. ) ;
#7727 = EDGE_LOOP ( 'NONE', ( #8150, #3787, #8866, #4779 ) ) ;
#7728 = ORIENTED_EDGE ( 'NONE', *, *, #1916, .T. ) ;
#7729 = ORIENTED_EDGE ( 'NONE', *, *, #3095, .F. ) ;
#7730 = ORIENTED_EDGE ( 'NONE', *, *, #9344, .F. ) ;
#7731 = EDGE_LOOP ( 'NONE', ( #4612, #4469, #3163, #10159 ) ) ;
#7732 = ADVANCED_FACE ( 'NONE', ( #5493 ), #10073, .F. ) ;
#7733 = DIRECTION ( 'NONE',  ( -0.0000000000000000000, -0.0000000000000000000, -1.000000000000000000 ) ) ;
#7734 = LINE ( 'NONE', #7807, #6442 ) ;
#7735 = VECTOR ( 'NONE', #4907, 1000.000000000000100 ) ;
#7736 = CARTESIAN_POINT ( 'NONE',  ( 8.200000000000006400, -2.882859445469489600, 0.0000000000000000000 ) ) ;
#7737 = EDGE_CURVE ( 'NONE', #2080, #8740, #9068, .T. ) ;
#7738 = EDGE_CURVE ( 'NONE', #9752, #8175, #4923, .T. ) ;
#7739 = CARTESIAN_POINT ( 'NONE',  ( -8.309999999992822200, 2.882517024158107500, 250.0000000000000000 ) ) ;
#7740 = ORIENTED_EDGE ( 'NONE', *, *, #1710, .T. ) ;
#7741 = ORIENTED_EDGE ( 'NONE', *, *, #10606, .T. ) ;
#7742 = ORIENTED_EDGE ( 'NONE', *, *, #9559, .F. ) ;
#7743 = ORIENTED_EDGE ( 'NONE', *, *, #11067, .F. ) ;
#7744 = ORIENTED_EDGE ( 'NONE', *, *, #7509, .T. ) ;
#7745 = EDGE_LOOP ( 'NONE', ( #8564, #7453, #9319, #9031 ) ) ;
#7746 = CARTESIAN_POINT ( 'NONE',  ( 52.33999999998702200, 6.577983149782563800, 250.0000000000000000 ) ) ;
#7747 = CARTESIAN_POINT ( 'NONE',  ( -3.899999999985570600, -0.1033369205210043500, 250.0000000000000000 ) ) ;
#7748 = VERTEX_POINT ( 'NONE', #7376 ) ;
#7749 = CARTESIAN_POINT ( 'NONE',  ( -4.907228714274736200, -29.99036512018231800, 0.0000000000000000000 ) ) ;
#7750 = LINE ( 'NONE', #10412, #4317 ) ;
#7751 = VECTOR ( 'NONE', #5732, 1000.000000000000000 ) ;
#7752 = CARTESIAN_POINT ( 'NONE',  ( 64.34130259194363100, 9.778249236954939900, 250.0000000000000000 ) ) ;
#7753 = CARTESIAN_POINT ( 'NONE',  ( 63.89999999997976200, -2.841651730025073900, 0.0000000000000000000 ) ) ;
#7754 = ORIENTED_EDGE ( 'NONE', *, *, #9519, .F. ) ;
#7755 = ORIENTED_EDGE ( 'NONE', *, *, #867, .T. ) ;
#7756 = ORIENTED_EDGE ( 'NONE', *, *, #7269, .T. ) ;
#7757 = CARTESIAN_POINT ( 'NONE',  ( 35.66893810541392200, -29.75605054513136600, 0.0000000000000000000 ) ) ;
#7758 = EDGE_CURVE ( 'NONE', #7179, #4546, #10193, .T. ) ;
#7759 = EDGE_CURVE ( 'NONE', #684, #8195, #1241, .T. ) ;
#7760 = DIRECTION ( 'NONE',  ( -4.175334190521718000E-012, 1.000000000000000000, 0.0000000000000000000 ) ) ;
#7761 = EDGE_LOOP ( 'NONE', ( #10760, #10299, #9487, #8279 ) ) ;
#7762 = CARTESIAN_POINT ( 'NONE',  ( 17.16956179095151900, -16.08952446469493200, 250.0000000000000000 ) ) ;
#7763 = LINE ( 'NONE', #5920, #5342 ) ;
#7764 = VECTOR ( 'NONE', #4084, 1000.000000000000000 ) ;
#7765 = AXIS2_PLACEMENT_3D ( 'NONE', #3557, #4563, #8266 ) ;
#7766 = DIRECTION ( 'NONE',  ( 0.7089894245298891100, 0.7052191119820681000, 0.0000000000000000000 ) ) ;
#7767 = DIRECTION ( 'NONE',  ( -0.0000000000000000000, -0.0000000000000000000, -1.000000000000000000 ) ) ;
#7768 = ADVANCED_FACE ( 'NONE', ( #6907 ), #10155, .F. ) ;
#7769 = ORIENTED_EDGE ( 'NONE', *, *, #6362, .T. ) ;
#7770 = CARTESIAN_POINT ( 'NONE',  ( 62.87537646962544400, -28.19036512018228900, 0.0000000000000000000 ) ) ;
#7771 = ORIENTED_EDGE ( 'NONE', *, *, #2384, .F. ) ;
#7772 = VECTOR ( 'NONE', #7767, 1000.000000000000000 ) ;
#7773 = CARTESIAN_POINT ( 'NONE',  ( 69.19999999999417600, -4.904230295371562000, 0.0000000000000000000 ) ) ;
#7774 = CARTESIAN_POINT ( 'NONE',  ( 20.10992663788858100, -16.08952446469493200, 250.0000000000000000 ) ) ;
#7775 = EDGE_CURVE ( 'NONE', #5600, #9259, #1116, .T. ) ;
#7776 = CYLINDRICAL_SURFACE ( 'NONE', #4033, 2.099999999999997900 ) ;
#7777 = VECTOR ( 'NONE', #3003, 1000.000000000000000 ) ;
#7778 = ORIENTED_EDGE ( 'NONE', *, *, #2267, .T. ) ;
#7779 = CARTESIAN_POINT ( 'NONE',  ( -8.200000000000002800, 6.577983149782563800, 0.0000000000000000000 ) ) ;
#7781 = VERTEX_POINT ( 'NONE', #11128 ) ;
#7780 = DIRECTION ( 'NONE',  ( 0.7071067811865476800, -0.7071067811865474600, -0.0000000000000000000 ) ) ;
#7782 = ORIENTED_EDGE ( 'NONE', *, *, #10881, .T. ) ;
#7783 = VERTEX_POINT ( 'NONE', #2907 ) ;
#7784 = VECTOR ( 'NONE', #4517, 1000.000000000000000 ) ;
#7785 = CARTESIAN_POINT ( 'NONE',  ( 8.495956931635365800, 8.505591811452930500, 250.0000000000000000 ) ) ;
#7786 = CIRCLE ( 'NONE', #424, 2.100000000000004500 ) ;
#7787 = CARTESIAN_POINT ( 'NONE',  ( 34.49216308922456200, -13.42992900131788400, 0.0000000000000000000 ) ) ;
#7788 = CARTESIAN_POINT ( 'NONE',  ( -2.882688234812006200, 8.207983149782574400, 250.0000000000000000 ) ) ;
#7789 = CARTESIAN_POINT ( 'NONE',  ( 5.496025155352902500, 8.207983149782574400, 0.0000000000000000000 ) ) ;
#7790 = EDGE_CURVE ( 'NONE', #11639, #11645, #3625, .T. ) ;
#7791 = EDGE_LOOP ( 'NONE', ( #6721, #5148, #11007, #3963 ) ) ;
#7792 = DIRECTION ( 'NONE',  ( 0.7071067811865685600, -0.7071067811865264800, 0.0000000000000000000 ) ) ;
#7793 = CARTESIAN_POINT ( 'NONE',  ( 68.30999999999419000, -22.88036512018231500, 0.0000000000000000000 ) ) ;
#7794 = ORIENTED_EDGE ( 'NONE', *, *, #2210, .F. ) ;
#7795 = DIRECTION ( 'NONE',  ( -1.000000000000000000, -2.124148279354379300E-014, -0.0000000000000000000 ) ) ;
#7796 = ORIENTED_EDGE ( 'NONE', *, *, #1472, .T. ) ;
#7797 = ORIENTED_EDGE ( 'NONE', *, *, #8820, .F. ) ;
#7798 = EDGE_CURVE ( 'NONE', #11222, #11208, #8070, .T. ) ;
#7799 = LINE ( 'NONE', #1700, #5654 ) ;
#7800 = ADVANCED_FACE ( 'NONE', ( #8188 ), #1232, .T. ) ;
#7801 = DIRECTION ( 'NONE',  ( 1.000000000000000000, 0.0000000000000000000, 0.0000000000000000000 ) ) ;
#7802 = EDGE_CURVE ( 'NONE', #1229, #8069, #4783, .T. ) ;
#7803 = DIRECTION ( 'NONE',  ( -0.9999936990650145600, 0.003549905670442821000, 0.0000000000000000000 ) ) ;
#7804 = AXIS2_PLACEMENT_3D ( 'NONE', #11773, #2776, #1907 ) ;
#7805 = CARTESIAN_POINT ( 'NONE',  ( 42.88999999999419500, -28.19036512018223600, 250.0000000000000000 ) ) ;
#7806 = VERTEX_POINT ( 'NONE', #6601 ) ;
#7807 = CARTESIAN_POINT ( 'NONE',  ( 52.69036512016204200, -26.24310889209111900, 0.0000000000000000000 ) ) ;
#7808 = VERTEX_POINT ( 'NONE', #4790 ) ;
#7809 = LINE ( 'NONE', #6249, #5514 ) ;
#7810 = CARTESIAN_POINT ( 'NONE',  ( 2.889999999999921100, -28.30036512018227400, 250.0000000000000000 ) ) ;
#7811 = CARTESIAN_POINT ( 'NONE',  ( 62.87537646962544400, -28.19036512018228900, 0.0000000000000000000 ) ) ;
#7812 = CARTESIAN_POINT ( 'NONE',  ( -4.899916949086816400, 10.00963487981757000, 250.0000000000000000 ) ) ;
#7813 = VECTOR ( 'NONE', #8788, 1000.000000000000100 ) ;
#7814 = CARTESIAN_POINT ( 'NONE',  ( 37.15084280695820200, -23.89285944546705000, 250.0000000000000000 ) ) ;
#7815 = CARTESIAN_POINT ( 'NONE',  ( 60.08871339015073700, -23.89285944546705000, 250.0000000000000000 ) ) ;
#7816 = EDGE_CURVE ( 'NONE', #6173, #9828, #8629, .T. ) ;
#7817 = EDGE_CURVE ( 'NONE', #1618, #8115, #3908, .T. ) ;
#7818 = VERTEX_POINT ( 'NONE', #11348 ) ;
#7819 = VECTOR ( 'NONE', #4868, 1000.000000000000000 ) ;
#7820 = DIRECTION ( 'NONE',  ( 0.0000000000000000000, -1.000000000000000000, 0.0000000000000000000 ) ) ;
#7821 = VECTOR ( 'NONE', #6469, 1000.000000000000000 ) ;
#7822 = DIRECTION ( 'NONE',  ( 0.0000000000000000000, 0.0000000000000000000, 1.000000000000000000 ) ) ;
#7823 = LINE ( 'NONE', #10903, #8680 ) ;
#7824 = DIRECTION ( 'NONE',  ( 0.7508172437159988900, 0.6605100048740446500, -0.0000000000000000000 ) ) ;
#7825 = DIRECTION ( 'NONE',  ( 0.7071067811865475700, 0.7071067811865475700, -0.0000000000000000000 ) ) ;
#7826 = ADVANCED_FACE ( 'NONE', ( #8198 ), #3972, .T. ) ;
#7827 = CYLINDRICAL_SURFACE ( 'NONE', #6654, 1.504043068364636900 ) ;
#7828 = EDGE_CURVE ( 'NONE', #3077, #9272, #9195, .T. ) ;
#7829 = EDGE_CURVE ( 'NONE', #8897, #7710, #1915, .T. ) ;
#7830 = CARTESIAN_POINT ( 'NONE',  ( 32.68073025445627200, -13.75036512018161100, 250.0000000000000000 ) ) ;
#7831 = CARTESIAN_POINT ( 'NONE',  ( 0.1066738410882871200, 3.907140554540114300, 0.0000000000000000000 ) ) ;
#7832 = FACE_OUTER_BOUND ( 'NONE', #3974, .T. ) ;
#7833 = DIRECTION ( 'NONE',  ( -1.000000000000000000, 0.0000000000000000000, 0.0000000000000000000 ) ) ;
#7834 = VECTOR ( 'NONE', #5965, 1000.000000000000000 ) ;
#7835 = AXIS2_PLACEMENT_3D ( 'NONE', #3573, #1677, #4390 ) ;
#7836 = CARTESIAN_POINT ( 'NONE',  ( 34.49798342301680500, -11.79036512018251400, 250.0000000000000000 ) ) ;
#7837 = VERTEX_POINT ( 'NONE', #2947 ) ;
#7838 = ORIENTED_EDGE ( 'NONE', *, *, #9599, .F. ) ;
#7839 = VECTOR ( 'NONE', #8429, 1000.000000000000100 ) ;
#7840 = DIRECTION ( 'NONE',  ( -0.0000000000000000000, -0.0000000000000000000, -1.000000000000000000 ) ) ;
#7841 = VECTOR ( 'NONE', #1351, 1000.000000000000000 ) ;
#7842 = DIRECTION ( 'NONE',  ( 1.000000000000000000, 0.0000000000000000000, -0.0000000000000000000 ) ) ;
#7843 = LINE ( 'NONE', #1867, #4692 ) ;
#7844 = AXIS2_PLACEMENT_3D ( 'NONE', #4579, #5573, #10044 ) ;
#7845 = DIRECTION ( 'NONE',  ( 0.6605100048740270000, 0.7508172437160144400, -0.0000000000000000000 ) ) ;
#7846 = ORIENTED_EDGE ( 'NONE', *, *, #6140, .F. ) ;
#7847 = VERTEX_POINT ( 'NONE', #1263 ) ;
#7848 = ORIENTED_EDGE ( 'NONE', *, *, #10699, .T. ) ;
#7849 = FACE_OUTER_BOUND ( 'NONE', #5466, .T. ) ;
#7850 = DIRECTION ( 'NONE',  ( -0.0000000000000000000, -0.0000000000000000000, -1.000000000000000000 ) ) ;
#7851 = EDGE_LOOP ( 'NONE', ( #6865, #9346, #11454, #9357 ) ) ;
#7852 = DIRECTION ( 'NONE',  ( 0.7071067811865459100, 0.7071067811865491300, 0.0000000000000000000 ) ) ;
#7853 = VECTOR ( 'NONE', #2198, 999.9999999999998900 ) ;
#7854 = CARTESIAN_POINT ( 'NONE',  ( 9.199999999999997500, -4.904230295371559300, 250.0000000000000000 ) ) ;
#7855 = FACE_OUTER_BOUND ( 'NONE', #11219, .T. ) ;
#7856 = ADVANCED_FACE ( 'NONE', ( #3341 ), #296, .F. ) ;
#7857 = DIRECTION ( 'NONE',  ( -1.000000000000000000, -1.057758217049744000E-015, -0.0000000000000000000 ) ) ;
#7858 = EDGE_CURVE ( 'NONE', #310, #5635, #10609, .T. ) ;
#7859 = ORIENTED_EDGE ( 'NONE', *, *, #3862, .F. ) ;
#7860 = ORIENTED_EDGE ( 'NONE', *, *, #5912, .F. ) ;
#7861 = EDGE_LOOP ( 'NONE', ( #7159, #5122, #4564, #10686 ) ) ;
#7862 = CARTESIAN_POINT ( 'NONE',  ( 47.30000001409301500, -26.24036512018223300, 250.0000000000000000 ) ) ;
#7863 = DIRECTION ( 'NONE',  ( 0.0000000000000000000, 1.000000000000000000, 0.0000000000000000000 ) ) ;
#7864 = LINE ( 'NONE', #4754, #5289 ) ;
#7865 = LINE ( 'NONE', #1542, #6840 ) ;
#7866 = DIRECTION ( 'NONE',  ( 0.7068146735022619000, -0.7073987682501935400, 0.0000000000000000000 ) ) ;
#7867 = DIRECTION ( 'NONE',  ( 0.0000000000000000000, 0.0000000000000000000, 1.000000000000000000 ) ) ;
#7868 = DIRECTION ( 'NONE',  ( 0.7071067811865476800, 0.7071067811865474600, 0.0000000000000000000 ) ) ;
#7869 = CARTESIAN_POINT ( 'NONE',  ( 3.899999999999906200, 0.09834826997499368500, 250.0000000000000000 ) ) ;
#7870 = VERTEX_POINT ( 'NONE', #379 ) ;
#7871 = ORIENTED_EDGE ( 'NONE', *, *, #3508, .F. ) ;
#7872 = ORIENTED_EDGE ( 'NONE', *, *, #10882, .F. ) ;
#7873 = ORIENTED_EDGE ( 'NONE', *, *, #10241, .T. ) ;
#7874 = ORIENTED_EDGE ( 'NONE', *, *, #8698, .F. ) ;
#7875 = EDGE_CURVE ( 'NONE', #5498, #6589, #11633, .T. ) ;
#7876 = DIRECTION ( 'NONE',  ( 0.0000000000000000000, 1.000000000000000000, 0.0000000000000000000 ) ) ;
#7877 = DIRECTION ( 'NONE',  ( 1.000000000000000000, -0.0000000000000000000, -0.0000000000000000000 ) ) ;
#7878 = LINE ( 'NONE', #6906, #3872 ) ;
#7879 = VECTOR ( 'NONE', #1856, 1000.000000000000000 ) ;
#7880 = ORIENTED_EDGE ( 'NONE', *, *, #6333, .F. ) ;
#7881 = EDGE_CURVE ( 'NONE', #5283, #6718, #2909, .T. ) ;
#7882 = AXIS2_PLACEMENT_3D ( 'NONE', #2141, #3104, #1184 ) ;
#7883 = ORIENTED_EDGE ( 'NONE', *, *, #2928, .T. ) ;
#7884 = ORIENTED_EDGE ( 'NONE', *, *, #3696, .T. ) ;
#7885 = ORIENTED_EDGE ( 'NONE', *, *, #8574, .F. ) ;
#7886 = VERTEX_POINT ( 'NONE', #8497 ) ;
#7887 = CARTESIAN_POINT ( 'NONE',  ( 68.19999999999419100, -14.50165173002494800, 250.0000000000000000 ) ) ;
#7888 = DIRECTION ( 'NONE',  ( 0.0000000000000000000, 1.000000000000000000, -0.0000000000000000000 ) ) ;
#7889 = ADVANCED_FACE ( 'NONE', ( #11488 ), #1294, .F. ) ;
#7890 = ORIENTED_EDGE ( 'NONE', *, *, #7664, .T. ) ;
#7891 = VECTOR ( 'NONE', #9263, 1000.000000000000000 ) ;
#7892 = VECTOR ( 'NONE', #3901, 1000.000000000000000 ) ;
#7893 = CARTESIAN_POINT ( 'NONE',  ( 8.200000000000006400, 2.882517024154526400, 250.0000000000000000 ) ) ;
#7894 = DIRECTION ( 'NONE',  ( 0.0000000000000000000, 0.0000000000000000000, 1.000000000000000000 ) ) ;
#7895 = DIRECTION ( 'NONE',  ( -0.0000000000000000000, -0.0000000000000000000, -1.000000000000000000 ) ) ;
#7896 = VERTEX_POINT ( 'NONE', #4018 ) ;
#7897 = ORIENTED_EDGE ( 'NONE', *, *, #6234, .T. ) ;
#7898 = ORIENTED_EDGE ( 'NONE', *, *, #1414, .F. ) ;
#7899 = VERTEX_POINT ( 'NONE', #8573 ) ;
#7900 = ORIENTED_EDGE ( 'NONE', *, *, #9254, .T. ) ;
#7901 = EDGE_CURVE ( 'NONE', #4186, #4173, #7480, .T. ) ;
#7902 = PLANE ( 'NONE',  #11649 ) ;
#7903 = EDGE_CURVE ( 'NONE', #763, #11358, #4056, .T. ) ;
#7904 = VECTOR ( 'NONE', #3230, 1000.000000000000000 ) ;
#7905 = FACE_OUTER_BOUND ( 'NONE', #3712, .T. ) ;
#7906 = DIRECTION ( 'NONE',  ( -0.0000000000000000000, -0.0000000000000000000, -1.000000000000000000 ) ) ;
#7907 = CARTESIAN_POINT ( 'NONE',  ( 3.799157404752007600, 0.009634879817567443300, 250.0000000000000000 ) ) ;
#7908 = DIRECTION ( 'NONE',  ( 1.583750953283362000E-016, 1.000000000000000000, -0.0000000000000000000 ) ) ;
#7909 = ORIENTED_EDGE ( 'NONE', *, *, #9325, .F. ) ;
#7910 = VERTEX_POINT ( 'NONE', #3148 ) ;
#7911 = DIRECTION ( 'NONE',  ( 0.7071067811865474600, -0.7071067811865474600, 0.0000000000000000000 ) ) ;
#7912 = ORIENTED_EDGE ( 'NONE', *, *, #7829, .F. ) ;
#7913 = DIRECTION ( 'NONE',  ( -1.000000000000000000, 0.0000000000000000000, 0.0000000000000000000 ) ) ;
#7914 = VERTEX_POINT ( 'NONE', #5066 ) ;
#7915 = LINE ( 'NONE', #1739, #2493 ) ;
#7916 = LINE ( 'NONE', #3316, #3056 ) ;
#7917 = FACE_OUTER_BOUND ( 'NONE', #3361, .T. ) ;
#7918 = ADVANCED_FACE ( 'NONE', ( #2625 ), #2227, .F. ) ;
#7919 = AXIS2_PLACEMENT_3D ( 'NONE', #6809, #1429, #7706 ) ;
#7920 = EDGE_LOOP ( 'NONE', ( #2133, #646, #3397, #3234 ) ) ;
#7921 = DIRECTION ( 'NONE',  ( 0.0000000000000000000, 0.0000000000000000000, 1.000000000000000000 ) ) ;
#7922 = EDGE_LOOP ( 'NONE', ( #134, #10300, #10356, #1483 ) ) ;
#7923 = FACE_OUTER_BOUND ( 'NONE', #3444, .T. ) ;
#7924 = LINE ( 'NONE', #6429, #2756 ) ;
#7925 = VECTOR ( 'NONE', #9687, 1000.000000000000000 ) ;
#7926 = DIRECTION ( 'NONE',  ( -1.000000000000000000, 0.0000000000000000000, 0.0000000000000000000 ) ) ;
#7927 = CARTESIAN_POINT ( 'NONE',  ( 37.11132034355090800, -11.68036512018329300, 250.0000000000000000 ) ) ;
#7928 = ORIENTED_EDGE ( 'NONE', *, *, #10137, .F. ) ;
#7929 = VERTEX_POINT ( 'NONE', #3107 ) ;
#7930 = CARTESIAN_POINT ( 'NONE',  ( 68.30999999998699900, 2.882517024158107500, 250.0000000000000000 ) ) ;
#7931 = CARTESIAN_POINT ( 'NONE',  ( 62.09999999999418900, 0.009634879817567700000, 0.0000000000000000000 ) ) ;
#7932 = EDGE_CURVE ( 'NONE', #7499, #8207, #6193, .T. ) ;
#7933 = ORIENTED_EDGE ( 'NONE', *, *, #8431, .F. ) ;
#7934 = ORIENTED_EDGE ( 'NONE', *, *, #9761, .T. ) ;
#7935 = FACE_OUTER_BOUND ( 'NONE', #5334, .T. ) ;
#7936 = FACE_OUTER_BOUND ( 'NONE', #1974, .T. ) ;
#7937 = CARTESIAN_POINT ( 'NONE',  ( -6.569999999999968300, -28.19036512018242000, 0.0000000000000000000 ) ) ;
#7938 = AXIS2_PLACEMENT_3D ( 'NONE', #8823, #5182, #7972 ) ;
#7939 = CARTESIAN_POINT ( 'NONE',  ( 5.496025155352902500, 8.207983149782574400, 250.0000000000000000 ) ) ;
#7940 = VERTEX_POINT ( 'NONE', #8617 ) ;
#7941 = CARTESIAN_POINT ( 'NONE',  ( 35.08994949365157400, -9.990365120182433500, 250.0000000000000000 ) ) ;
#7942 = ORIENTED_EDGE ( 'NONE', *, *, #4083, .F. ) ;
#7943 = VECTOR ( 'NONE', #10893, 1000.000000000000000 ) ;
#7944 = DIRECTION ( 'NONE',  ( -0.0000000000000000000, -0.0000000000000000000, -1.000000000000000000 ) ) ;
#7945 = CARTESIAN_POINT ( 'NONE',  ( -3.900000000000004400, -17.16832557109312100, 0.0000000000000000000 ) ) ;
#7946 = ADVANCED_FACE ( 'NONE', ( #9617 ), #4096, .F. ) ;
#7947 = LINE ( 'NONE', #5337, #6082 ) ;
#7948 = DIRECTION ( 'NONE',  ( -0.7071067811865475700, -0.7071067811865475700, 0.0000000000000000000 ) ) ;
#7949 = EDGE_CURVE ( 'NONE', #8016, #85, #9335, .T. ) ;
#7950 = CARTESIAN_POINT ( 'NONE',  ( 39.99025578557461100, -16.18970688816392900, 250.0000000000000000 ) ) ;
#7951 = CARTESIAN_POINT ( 'NONE',  ( -6.569999999999968300, -27.65036512018244600, 250.0000000000000000 ) ) ;
#7952 = CARTESIAN_POINT ( 'NONE',  ( 42.83043820904266900, -16.08952446469493200, 250.0000000000000000 ) ) ;
#7953 = EDGE_CURVE ( 'NONE', #6523, #6436, #7191, .T. ) ;
#7954 = CARTESIAN_POINT ( 'NONE',  ( 63.79915740474619000, 0.009634879817567443300, 250.0000000000000000 ) ) ;
#7955 = LINE ( 'NONE', #7770, #5949 ) ;
#7956 = CARTESIAN_POINT ( 'NONE',  ( 35.08994949365157400, -10.79036512018242500, 250.0000000000000000 ) ) ;
#7957 = EDGE_CURVE ( 'NONE', #1409, #3434, #4770, .T. ) ;
#7958 = VECTOR ( 'NONE', #7857, 1000.000000000000000 ) ;
#7959 = CARTESIAN_POINT ( 'NONE',  ( 66.55999999997978000, 5.495853944692208300, 250.0000000000000000 ) ) ;
#7960 = DIRECTION ( 'NONE',  ( -0.7068146735022621300, -0.7073987682501932100, 0.0000000000000000000 ) ) ;
#7961 = COORDINATED_UNIVERSAL_TIME_OFFSET ( 2, 0, .AHEAD. ) ;
#7962 = CARTESIAN_POINT ( 'NONE',  ( 68.49595693162238800, 8.505591811452930500, 0.0000000000000000000 ) ) ;
#7963 = ORIENTED_EDGE ( 'NONE', *, *, #4896, .T. ) ;
#7964 = LINE ( 'NONE', #8125, #123 ) ;
#7965 = DIRECTION ( 'NONE',  ( -1.000000000000000000, 4.823982726541860400E-016, -0.0000000000000000000 ) ) ;
#7966 = LINE ( 'NONE', #5989, #3108 ) ;
#7967 = CARTESIAN_POINT ( 'NONE',  ( 8.200000000000006400, 6.577983149782563800, 250.0000000000000000 ) ) ;
#7968 = EDGE_CURVE ( 'NONE', #2476, #4794, #4483, .T. ) ;
#7969 = EDGE_CURVE ( 'NONE', #4429, #4793, #9058, .T. ) ;
#7970 = DIRECTION ( 'NONE',  ( -0.7071067811865473500, 0.7071067811865477900, 0.0000000000000000000 ) ) ;
#7971 = FACE_OUTER_BOUND ( 'NONE', #9776, .T. ) ;
#7972 = DIRECTION ( 'NONE',  ( 0.0000000000000000000, 0.0000000000000000000, 1.000000000000000000 ) ) ;
#7973 = PLANE ( 'NONE',  #1640 ) ;
#7974 = ADVANCED_FACE ( 'NONE', ( #3767 ), #3236, .F. ) ;
#7975 = EDGE_LOOP ( 'NONE', ( #2187, #3433, #11092, #7636 ) ) ;
#7976 = ORIENTED_EDGE ( 'NONE', *, *, #5215, .T. ) ;
#7977 = VECTOR ( 'NONE', #6977, 1000.000000000000000 ) ;
#7978 = DIRECTION ( 'NONE',  ( 7.041459845271211500E-013, 1.000000000000000000, -0.0000000000000000000 ) ) ;
#7979 = VECTOR ( 'NONE', #8211, 1000.000000000000000 ) ;
#7980 = FACE_OUTER_BOUND ( 'NONE', #2857, .T. ) ;
#7981 = DIRECTION ( 'NONE',  ( -1.000000000000000000, 0.0000000000000000000, 0.0000000000000000000 ) ) ;
#7982 = EDGE_CURVE ( 'NONE', #2892, #4186, #2338, .T. ) ;
#7983 = EDGE_CURVE ( 'NONE', #2819, #598, #5350, .T. ) ;
#7984 = DIRECTION ( 'NONE',  ( -1.000000000000000000, 0.0000000000000000000, 0.0000000000000000000 ) ) ;
#7985 = VERTEX_POINT ( 'NONE', #7779 ) ;
#7986 = CARTESIAN_POINT ( 'NONE',  ( 14.50996632757433800, -11.78952446469386800, 250.0000000000000000 ) ) ;
#7987 = ORIENTED_EDGE ( 'NONE', *, *, #9621, .F. ) ;
#7988 = VERTEX_POINT ( 'NONE', #7718 ) ;
#7989 = LINE ( 'NONE', #8517, #8569 ) ;
#7990 = DIRECTION ( 'NONE',  ( -0.0000000000000000000, -1.000000000000000000, -0.0000000000000000000 ) ) ;
#7991 = VECTOR ( 'NONE', #363, 1000.000000000000000 ) ;
#7992 = AXIS2_PLACEMENT_3D ( 'NONE', #4862, #6763, #11218 ) ;
#7993 = VECTOR ( 'NONE', #10383, 1000.000000000000000 ) ;
#7994 = ORIENTED_EDGE ( 'NONE', *, *, #7496, .T. ) ;
#7995 = ORIENTED_EDGE ( 'NONE', *, *, #1138, .F. ) ;
#7996 = ORIENTED_EDGE ( 'NONE', *, *, #6209, .T. ) ;
#7997 = DIRECTION ( 'NONE',  ( -0.0000000000000000000, -0.0000000000000000000, -1.000000000000000000 ) ) ;
#7998 = CIRCLE ( 'NONE', #1966, 2.099999999999997900 ) ;
#7999 = FACE_OUTER_BOUND ( 'NONE', #2718, .T. ) ;
#8001 = ADVANCED_FACE ( 'NONE', ( #1103 ), #4050, .F. ) ;
#8000 = FACE_OUTER_BOUND ( 'NONE', #563, .T. ) ;
#8002 = CARTESIAN_POINT ( 'NONE',  ( 69.76568542494344200, -15.65930322560980400, 0.0000000000000000000 ) ) ;
#8003 = CARTESIAN_POINT ( 'NONE',  ( 2.889999999999921100, -28.19036512018228900, 250.0000000000000000 ) ) ;
#8004 = CARTESIAN_POINT ( 'NONE',  ( 55.10008305090737200, 10.00963487981757000, 250.0000000000000000 ) ) ;
#8005 = VERTEX_POINT ( 'NONE', #365 ) ;
#8006 = EDGE_LOOP ( 'NONE', ( #8008, #2985, #6710, #3881 ) ) ;
#8007 = ORIENTED_EDGE ( 'NONE', *, *, #7544, .F. ) ;
#8008 = ORIENTED_EDGE ( 'NONE', *, *, #638, .T. ) ;
#8009 = CARTESIAN_POINT ( 'NONE',  ( 6.570000000007161700, 8.207983149782574400, 250.0000000000000000 ) ) ;
#8010 = LINE ( 'NONE', #10168, #2011 ) ;
#8011 = FACE_OUTER_BOUND ( 'NONE', #5185, .T. ) ;
#8012 = EDGE_CURVE ( 'NONE', #4720, #6284, #11359, .T. ) ;
#8013 = CARTESIAN_POINT ( 'NONE',  ( 63.89999999997976200, 0.09834826997499368500, 250.0000000000000000 ) ) ;
#8014 = ORIENTED_EDGE ( 'NONE', *, *, #8058, .T. ) ;
#8015 = ORIENTED_EDGE ( 'NONE', *, *, #5700, .F. ) ;
#8016 = VERTEX_POINT ( 'NONE', #4941 ) ;
#8017 = ORIENTED_EDGE ( 'NONE', *, *, #4512, .T. ) ;
#8018 = ORIENTED_EDGE ( 'NONE', *, *, #2066, .T. ) ;
#8019 = PLANE ( 'NONE',  #3062 ) ;
#8020 = DIRECTION ( 'NONE',  ( 0.0000000000000000000, 1.000000000000000000, -0.0000000000000000000 ) ) ;
#8021 = PLANE ( 'NONE',  #4161 ) ;
#8022 = ORIENTED_EDGE ( 'NONE', *, *, #3297, .T. ) ;
#8023 = ORIENTED_EDGE ( 'NONE', *, *, #3849, .T. ) ;
#8024 = DIRECTION ( 'NONE',  ( 0.0000000000000000000, 0.0000000000000000000, 1.000000000000000000 ) ) ;
#8025 = EDGE_CURVE ( 'NONE', #9850, #6324, #6477, .T. ) ;
#8026 = LINE ( 'NONE', #1550, #6296 ) ;
#8027 = VECTOR ( 'NONE', #2504, 1000.000000000000000 ) ;
#8028 = DIRECTION ( 'NONE',  ( -1.000000000000000000, 0.0000000000000000000, 0.0000000000000000000 ) ) ;
#8029 = ORIENTED_EDGE ( 'NONE', *, *, #10405, .T. ) ;
#8030 = VERTEX_POINT ( 'NONE', #8606 ) ;
#8031 = VERTEX_POINT ( 'NONE', #11244 ) ;
#8032 = ORIENTED_EDGE ( 'NONE', *, *, #328, .T. ) ;
#8033 = ORIENTED_EDGE ( 'NONE', *, *, #7484, .F. ) ;
#8034 = ADVANCED_FACE ( 'NONE', ( #1775 ), #5850, .F. ) ;
#8035 = DIRECTION ( 'NONE',  ( -0.7071067811865685600, -0.7071067811865264800, 0.0000000000000000000 ) ) ;
#8036 = ORIENTED_EDGE ( 'NONE', *, *, #3122, .F. ) ;
#8037 = ORIENTED_EDGE ( 'NONE', *, *, #2618, .T. ) ;
#8038 = CARTESIAN_POINT ( 'NONE',  ( 37.12462353036301000, -28.19036512018228500, 0.0000000000000000000 ) ) ;
#8039 = LINE ( 'NONE', #11447, #5606 ) ;
#8040 = VECTOR ( 'NONE', #6445, 1000.000000000000000 ) ;
#8041 = DIRECTION ( 'NONE',  ( -1.000000000000000000, 0.0000000000000000000, 0.0000000000000000000 ) ) ;
#8042 = EDGE_CURVE ( 'NONE', #6423, #8931, #1374, .T. ) ;
#8043 = AXIS2_PLACEMENT_3D ( 'NONE', #1506, #2431, #7009 ) ;
#8044 = CARTESIAN_POINT ( 'NONE',  ( 68.30999999999419000, -17.11498865055904900, 250.0000000000000000 ) ) ;
#8045 = ORIENTED_EDGE ( 'NONE', *, *, #10253, .F. ) ;
#8046 = ORIENTED_EDGE ( 'NONE', *, *, #10064, .T. ) ;
#8047 = ORIENTED_EDGE ( 'NONE', *, *, #5069, .F. ) ;
#8048 = ORIENTED_EDGE ( 'NONE', *, *, #2053, .T. ) ;
#8049 = AXIS2_PLACEMENT_3D ( 'NONE', #380, #10069, #4693 ) ;
#8050 = EDGE_LOOP ( 'NONE', ( #3459, #4571, #5970, #8822 ) ) ;
#8051 = FACE_OUTER_BOUND ( 'NONE', #11275, .T. ) ;
#8052 = DIRECTION ( 'NONE',  ( 0.0000000000000000000, 0.0000000000000000000, 1.000000000000000000 ) ) ;
#8053 = CARTESIAN_POINT ( 'NONE',  ( 45.50333692052829800, -28.19036512018228900, 0.0000000000000000000 ) ) ;
#8054 = CIRCLE ( 'NONE', #5648, 0.8000000000006335400 ) ;
#8055 = VECTOR ( 'NONE', #1280, 1000.000000000000000 ) ;
#8056 = DIRECTION ( 'NONE',  ( 0.7071067811865474600, -0.7071067811865476800, 0.0000000000000000000 ) ) ;
#8057 = ORIENTED_EDGE ( 'NONE', *, *, #25, .T. ) ;
#8058 = EDGE_CURVE ( 'NONE', #10483, #4929, #10907, .T. ) ;
#8059 = EDGE_CURVE ( 'NONE', #1089, #3338, #3486, .T. ) ;
#8060 = ORIENTED_EDGE ( 'NONE', *, *, #6949, .T. ) ;
#8061 = LINE ( 'NONE', #2130, #3208 ) ;
#8062 = VECTOR ( 'NONE', #4924, 1000.000000000000100 ) ;
#8063 = LINE ( 'NONE', #1958, #9620 ) ;
#8064 = CARTESIAN_POINT ( 'NONE',  ( 45.49003367241985500, -13.42992900131775100, 0.0000000000000000000 ) ) ;
#8065 = CARTESIAN_POINT ( 'NONE',  ( 50.23138564285682200, 4.341131381295493700, 250.0000000000000000 ) ) ;
#8066 = ORIENTED_EDGE ( 'NONE', *, *, #6087, .T. ) ;
#8067 = DIRECTION ( 'NONE',  ( -0.7071067811865450200, 0.7071067811865500200, -0.0000000000000000000 ) ) ;
#8068 = ORIENTED_EDGE ( 'NONE', *, *, #3500, .F. ) ;
#8069 = VERTEX_POINT ( 'NONE', #322 ) ;
#8070 = LINE ( 'NONE', #9483, #5366 ) ;
#8071 = LINE ( 'NONE', #997, #3351 ) ;
#8072 = DIRECTION ( 'NONE',  ( 0.0000000000000000000, 0.0000000000000000000, 1.000000000000000000 ) ) ;
#8073 = AXIS2_PLACEMENT_3D ( 'NONE', #3111, #7655, #3034 ) ;
#8074 = CARTESIAN_POINT ( 'NONE',  ( 4.345685424949175000, -29.75605054513152900, 250.0000000000000000 ) ) ;
#8075 = VERTEX_POINT ( 'NONE', #9543 ) ;
#8076 = ORIENTED_EDGE ( 'NONE', *, *, #6362, .F. ) ;
#8077 = ORIENTED_EDGE ( 'NONE', *, *, #1431, .F. ) ;
#8078 = CIRCLE ( 'NONE', #4528, 0.7900000000000008100 ) ;
#8079 = CARTESIAN_POINT ( 'NONE',  ( 3.799157404752007600, 0.009634879817567443300, 0.0000000000000000000 ) ) ;
#8080 = ORIENTED_EDGE ( 'NONE', *, *, #2660, .F. ) ;
#8081 = DIRECTION ( 'NONE',  ( 0.7295601560796135500, 0.6839166459891804500, 0.0000000000000000000 ) ) ;
#8082 = DIRECTION ( 'NONE',  ( 0.6636301409730314100, -0.7480608504607859600, -0.0000000000000000000 ) ) ;
#8083 = CARTESIAN_POINT ( 'NONE',  ( 59.99999999999418800, -19.99036512018243200, 250.0000000000000000 ) ) ;
#8084 = EDGE_CURVE ( 'NONE', #8293, #1307, #6327, .T. ) ;
#8085 = EDGE_LOOP ( 'NONE', ( #2005, #7277, #3037, #1804 ) ) ;
#8086 = DIRECTION ( 'NONE',  ( -0.0000000000000000000, -0.0000000000000000000, -1.000000000000000000 ) ) ;
#8087 = LINE ( 'NONE', #986, #5661 ) ;
#8088 = ADVANCED_FACE ( 'NONE', ( #8340 ), #10466, .F. ) ;
#8089 = LINE ( 'NONE', #1910, #8375 ) ;
#8090 = AXIS2_PLACEMENT_3D ( 'NONE', #4196, #10560, #5111 ) ;
#8091 = CARTESIAN_POINT ( 'NONE',  ( 51.79999999997984600, -5.496196365999258800, 0.0000000000000000000 ) ) ;
#8092 = DIRECTION ( 'NONE',  ( -0.0000000000000000000, 1.000000000000000000, -0.0000000000000000000 ) ) ;
#8093 = EDGE_LOOP ( 'NONE', ( #3152, #7838, #9562, #5307 ) ) ;
#8094 = LINE ( 'NONE', #10486, #5669 ) ;
#8095 = EDGE_CURVE ( 'NONE', #5806, #11604, #6052, .T. ) ;
#8096 = CARTESIAN_POINT ( 'NONE',  ( -4.892738061582322800, -29.20049802947366400, 250.0000000000000000 ) ) ;
#8097 = LINE ( 'NONE', #6498, #2381 ) ;
#8098 = ADVANCED_FACE ( 'NONE', ( #5628 ), #8522, .T. ) ;
#8099 = DIRECTION ( 'NONE',  ( -1.583750953283362000E-016, 1.000000000000000000, 0.0000000000000000000 ) ) ;
#8100 = COORDINATED_UNIVERSAL_TIME_OFFSET ( 2, 0, .AHEAD. ) ;
#8101 = EDGE_CURVE ( 'NONE', #2895, #6073, #8061, .T. ) ;
#8102 = AXIS2_PLACEMENT_3D ( 'NONE', #6968, #1652, #8024 ) ;
#8103 = DIRECTION ( 'NONE',  ( 0.0000000000000000000, 1.000000000000000000, -0.0000000000000000000 ) ) ;
#8104 = EDGE_CURVE ( 'NONE', #5933, #6956, #10181, .T. ) ;
#8105 = ORIENTED_EDGE ( 'NONE', *, *, #5068, .T. ) ;
#8106 = VECTOR ( 'NONE', #7138, 1000.000000000000000 ) ;
#8107 = AXIS2_PLACEMENT_3D ( 'NONE', #4398, #2643, #849 ) ;
#8108 = LINE ( 'NONE', #4653, #2393 ) ;
#8109 = DIRECTION ( 'NONE',  ( 1.000000000000000000, 0.0000000000000000000, -0.0000000000000000000 ) ) ;
#8110 = CARTESIAN_POINT ( 'NONE',  ( 68.30999999999419000, -17.11498865055904900, 0.0000000000000000000 ) ) ;
#8111 = VECTOR ( 'NONE', #9796, 1000.000000000000000 ) ;
#8112 = CARTESIAN_POINT ( 'NONE',  ( 59.91128660982330700, -23.89285944546705000, 250.0000000000000000 ) ) ;
#8113 = PLANE ( 'NONE',  #3209 ) ;
#8114 = VERTEX_POINT ( 'NONE', #4897 ) ;
#8115 = VERTEX_POINT ( 'NONE', #6868 ) ;
#8116 = FACE_OUTER_BOUND ( 'NONE', #11342, .T. ) ;
#8117 = EDGE_CURVE ( 'NONE', #741, #10161, #7320, .T. ) ;
#8118 = EDGE_CURVE ( 'NONE', #11508, #4856, #2770, .T. ) ;
#8119 = VECTOR ( 'NONE', #3370, 1000.000000000000000 ) ;
#8120 = DIRECTION ( 'NONE',  ( -0.0000000000000000000, -0.0000000000000000000, -1.000000000000000000 ) ) ;
#8121 = LINE ( 'NONE', #9273, #7993 ) ;
#8122 = ORIENTED_EDGE ( 'NONE', *, *, #994, .T. ) ;
#8123 = ORIENTED_EDGE ( 'NONE', *, *, #10034, .F. ) ;
#8124 = ORIENTED_EDGE ( 'NONE', *, *, #7531, .F. ) ;
#8125 = CARTESIAN_POINT ( 'NONE',  ( -3.799157404752004000, 0.009634879817567443300, 250.0000000000000000 ) ) ;
#8126 = LINE ( 'NONE', #11804, #6120 ) ;
#8127 = FACE_OUTER_BOUND ( 'NONE', #11767, .T. ) ;
#8128 = PLANE ( 'NONE',  #3898 ) ;
#8129 = DIRECTION ( 'NONE',  ( 1.000000000000000000, 0.0000000000000000000, 0.0000000000000000000 ) ) ;
#8130 = VECTOR ( 'NONE', #9688, 1000.000000000000000 ) ;
#8131 = EDGE_CURVE ( 'NONE', #7270, #3633, #1631, .T. ) ;
#8132 = EDGE_CURVE ( 'NONE', #5611, #11616, #10334, .T. ) ;
#8133 = CARTESIAN_POINT ( 'NONE',  ( 67.65999999999419900, -26.56036512018241400, 250.0000000000000000 ) ) ;
#8134 = CARTESIAN_POINT ( 'NONE',  ( 17.12330324810052700, -11.78952446469386800, 250.0000000000000000 ) ) ;
#8135 = ORIENTED_EDGE ( 'NONE', *, *, #3075, .F. ) ;
#8136 = ORIENTED_EDGE ( 'NONE', *, *, #7177, .F. ) ;
#8137 = ORIENTED_EDGE ( 'NONE', *, *, #3318, .F. ) ;
#8138 = ADVANCED_FACE ( 'NONE', ( #8051 ), #9634, .T. ) ;
#8139 = CARTESIAN_POINT ( 'NONE',  ( 67.65999999999419900, -26.56036512018241400, 250.0000000000000000 ) ) ;
#8140 = FACE_OUTER_BOUND ( 'NONE', #6034, .T. ) ;
#8141 = LINE ( 'NONE', #8799, #8428 ) ;
#8142 = DIRECTION ( 'NONE',  ( -5.485612931441777400E-012, -1.000000000000000000, 0.0000000000000000000 ) ) ;
#8143 = CARTESIAN_POINT ( 'NONE',  ( 40.08952246339919900, -23.89285944546705000, 250.0000000000000000 ) ) ;
#8144 = EDGE_CURVE ( 'NONE', #4909, #1239, #11041, .T. ) ;
#8145 = EDGE_CURVE ( 'NONE', #11314, #2449, #673, .T. ) ;
#8146 = ORIENTED_EDGE ( 'NONE', *, *, #2894, .T. ) ;
#8147 = ORIENTED_EDGE ( 'NONE', *, *, #10989, .T. ) ;
#8148 = EDGE_LOOP ( 'NONE', ( #11427, #3631, #5660, #11307 ) ) ;
#8150 = ORIENTED_EDGE ( 'NONE', *, *, #2881, .T. ) ;
#8149 = CARTESIAN_POINT ( 'NONE',  ( 68.19999999999419100, -22.88036512018231500, 250.0000000000000000 ) ) ;
#8151 = CARTESIAN_POINT ( 'NONE',  ( 53.76187508903273500, -7.297745508358056900, 250.0000000000000000 ) ) ;
#8152 = ORIENTED_EDGE ( 'NONE', *, *, #11272, .F. ) ;
#8153 = FACE_OUTER_BOUND ( 'NONE', #7438, .T. ) ;
#8154 = LINE ( 'NONE', #2060, #9722 ) ;
#8155 = ADVANCED_FACE ( 'NONE', ( #9758 ), #5130, .F. ) ;
#8156 = CARTESIAN_POINT ( 'NONE',  ( 51.79999999997984600, 5.495853944692210100, 0.0000000000000000000 ) ) ;
#8157 = DIRECTION ( 'NONE',  ( 0.0000000000000000000, 0.0000000000000000000, 1.000000000000000000 ) ) ;
#8158 = EDGE_LOOP ( 'NONE', ( #5420, #6156, #6345, #542 ) ) ;
#8159 = AXIS2_PLACEMENT_3D ( 'NONE', #852, #3554, #10868 ) ;
#8160 = DIRECTION ( 'NONE',  ( 1.000000000000000000, -3.179095945533918700E-016, 0.0000000000000000000 ) ) ;
#8161 = ORIENTED_EDGE ( 'NONE', *, *, #6802, .T. ) ;
#8162 = ORIENTED_EDGE ( 'NONE', *, *, #10490, .F. ) ;
#8163 = ORIENTED_EDGE ( 'NONE', *, *, #1110, .F. ) ;
#8164 = ORIENTED_EDGE ( 'NONE', *, *, #7520, .T. ) ;
#8165 = EDGE_CURVE ( 'NONE', #9779, #1497, #1364, .T. ) ;
#8166 = LINE ( 'NONE', #696, #7298 ) ;
#8167 = VECTOR ( 'NONE', #6757, 1000.000000000000000 ) ;
#8168 = DIRECTION ( 'NONE',  ( 0.7072143353591016100, -0.7069992106520233100, -0.0000000000000000000 ) ) ;
#8169 = CARTESIAN_POINT ( 'NONE',  ( 12.69999998590111500, -28.19036512018258000, 250.0000000000000000 ) ) ;
#8170 = EDGE_CURVE ( 'NONE', #4752, #11741, #8325, .T. ) ;
#8171 = CARTESIAN_POINT ( 'NONE',  ( -4.899916949086816400, 9.219634879817565600, 0.0000000000000000000 ) ) ;
#8172 = DIRECTION ( 'NONE',  ( -1.000000000000000000, -2.832201593432359000E-014, 0.0000000000000000000 ) ) ;
#8173 = EDGE_LOOP ( 'NONE', ( #5338, #2034, #5948, #9334 ) ) ;
#8174 = EDGE_LOOP ( 'NONE', ( #1545, #779, #2645, #7848 ) ) ;
#8175 = VERTEX_POINT ( 'NONE', #3290 ) ;
#8176 = EDGE_CURVE ( 'NONE', #7985, #5273, #4042, .T. ) ;
#8177 = VERTEX_POINT ( 'NONE', #8815 ) ;
#8178 = DIRECTION ( 'NONE',  ( -1.000000000000000000, 1.057758217049745200E-015, 0.0000000000000000000 ) ) ;
#8179 = VECTOR ( 'NONE', #8566, 1000.000000000000000 ) ;
#8180 = LINE ( 'NONE', #2738, #7021 ) ;
#8181 = CARTESIAN_POINT ( 'NONE',  ( 25.48871339015736100, -28.19036512018228900, 250.0000000000000000 ) ) ;
#8182 = ORIENTED_EDGE ( 'NONE', *, *, #3033, .T. ) ;
#8183 = EDGE_LOOP ( 'NONE', ( #9973, #7503, #11743, #10307 ) ) ;
#8184 = PLANE ( 'NONE',  #7031 ) ;
#8185 = VERTEX_POINT ( 'NONE', #2453 ) ;
#8186 = DIRECTION ( 'NONE',  ( -3.555354239044450100E-015, -1.000000000000000000, 0.0000000000000000000 ) ) ;
#8187 = CARTESIAN_POINT ( 'NONE',  ( 4.899916949086820000, 9.219634879817565600, 250.0000000000000000 ) ) ;
#8188 = FACE_OUTER_BOUND ( 'NONE', #7616, .T. ) ;
#8189 = EDGE_CURVE ( 'NONE', #9150, #1508, #10036, .T. ) ;
#8190 = EDGE_CURVE ( 'NONE', #5724, #2506, #7630, .T. ) ;
#8191 = LINE ( 'NONE', #8630, #8631 ) ;
#8192 = FACE_OUTER_BOUND ( 'NONE', #3865, .T. ) ;
#8193 = DIRECTION ( 'NONE',  ( -0.0000000000000000000, -0.0000000000000000000, -1.000000000000000000 ) ) ;
#8194 = AXIS2_PLACEMENT_3D ( 'NONE', #8696, #10436, #3196 ) ;
#8195 = VERTEX_POINT ( 'NONE', #694 ) ;
#8196 = CARTESIAN_POINT ( 'NONE',  ( -6.559999999999963200, -25.49370204071641800, 250.0000000000000000 ) ) ;
#8197 = ORIENTED_EDGE ( 'NONE', *, *, #1278, .T. ) ;
#8198 = FACE_OUTER_BOUND ( 'NONE', #3371, .T. ) ;
#8199 = DIRECTION ( 'NONE',  ( -0.7071067811865479100, 0.7071067811865470200, -0.0000000000000000000 ) ) ;
#8200 = VECTOR ( 'NONE', #634, 1000.000000000000000 ) ;
#8201 = DIRECTION ( 'NONE',  ( 0.7460199480042559700, -0.6659235971038473000, 0.0000000000000000000 ) ) ;
#8202 = ORIENTED_EDGE ( 'NONE', *, *, #7775, .F. ) ;
#8203 = EDGE_CURVE ( 'NONE', #6563, #9440, #5218, .T. ) ;
#8204 = EDGE_CURVE ( 'NONE', #10713, #8005, #376, .T. ) ;
#8205 = ORIENTED_EDGE ( 'NONE', *, *, #10650, .T. ) ;
#8206 = EDGE_LOOP ( 'NONE', ( #7627, #8736, #7149, #7464 ) ) ;
#8207 = VERTEX_POINT ( 'NONE', #7025 ) ;
#8208 = FACE_OUTER_BOUND ( 'NONE', #8006, .T. ) ;
#8209 = DIRECTION ( 'NONE',  ( 1.000000000000000000, 0.0000000000000000000, 0.0000000000000000000 ) ) ;
#8210 = CIRCLE ( 'NONE', #1866, 2.100000000000004500 ) ;
#8211 = DIRECTION ( 'NONE',  ( -0.0000000000000000000, -0.0000000000000000000, -1.000000000000000000 ) ) ;
#8212 = EDGE_CURVE ( 'NONE', #6461, #11442, #4632, .T. ) ;
#8213 = CARTESIAN_POINT ( 'NONE',  ( 50.79999999999419900, -4.904230295371559300, 250.0000000000000000 ) ) ;
#8214 = DIRECTION ( 'NONE',  ( -5.485612931425163500E-012, 1.000000000000000000, 0.0000000000000000000 ) ) ;
#8215 = ADVANCED_FACE ( 'NONE', ( #9769 ), #2333, .F. ) ;
#8216 = VERTEX_POINT ( 'NONE', #1485 ) ;
#8217 = VECTOR ( 'NONE', #6453, 1000.000000000000000 ) ;
#8218 = CARTESIAN_POINT ( 'NONE',  ( 53.42999999998703200, 7.667983149782571700, 250.0000000000000000 ) ) ;
#8219 = AXIS2_PLACEMENT_3D ( 'NONE', #5300, #830, #4533 ) ;
#8220 = LINE ( 'NONE', #771, #1126 ) ;
#8221 = DIRECTION ( 'NONE',  ( -5.484285338750569400E-012, -1.000000000000000000, -0.0000000000000000000 ) ) ;
#8222 = DIRECTION ( 'NONE',  ( 0.0000000000000000000, 0.0000000000000000000, 1.000000000000000000 ) ) ;
#8223 = DIRECTION ( 'NONE',  ( 0.0000000000000000000, 0.0000000000000000000, 1.000000000000000000 ) ) ;
#8224 = CARTESIAN_POINT ( 'NONE',  ( 65.48871339015163100, -26.55168528746671400, 250.0000000000000000 ) ) ;
#8225 = EDGE_LOOP ( 'NONE', ( #4613, #11632, #1920, #8616 ) ) ;
#8226 = VECTOR ( 'NONE', #10705, 1000.000000000000000 ) ;
#8227 = VECTOR ( 'NONE', #2922, 1000.000000000000000 ) ;
#8228 = DIRECTION ( 'NONE',  ( -0.0000000000000000000, -0.0000000000000000000, -1.000000000000000000 ) ) ;
#8229 = ORIENTED_EDGE ( 'NONE', *, *, #4313, .T. ) ;
#8230 = CARTESIAN_POINT ( 'NONE',  ( 20.10992663788858100, -16.08952446469493200, 250.0000000000000000 ) ) ;
#8231 = LINE ( 'NONE', #11224, #8674 ) ;
#8232 = DIRECTION ( 'NONE',  ( 0.7071067811865466800, 0.7071067811865484600, -0.0000000000000000000 ) ) ;
#8233 = EDGE_CURVE ( 'NONE', #1178, #8438, #959, .T. ) ;
#8234 = FACE_OUTER_BOUND ( 'NONE', #214, .T. ) ;
#8235 = AXIS2_PLACEMENT_3D ( 'NONE', #5847, #5007, #9585 ) ;
#8236 = VECTOR ( 'NONE', #1365, 1000.000000000000000 ) ;
#8237 = PLANE ( 'NONE',  #7804 ) ;
#8238 = DIRECTION ( 'NONE',  ( 1.000000000000000000, -0.0000000000000000000, -0.0000000000000000000 ) ) ;
#8239 = CARTESIAN_POINT ( 'NONE',  ( 25.50783691076963000, -13.42992900131788400, 250.0000000000000000 ) ) ;
#8240 = CARTESIAN_POINT ( 'NONE',  ( -2.875376469631258900, -28.19036512018228900, 250.0000000000000000 ) ) ;
#8241 = EDGE_LOOP ( 'NONE', ( #5067, #202, #10149, #2325 ) ) ;
#8242 = DIRECTION ( 'NONE',  ( 4.175334190521718000E-012, -1.000000000000000000, 0.0000000000000000000 ) ) ;
#8243 = ORIENTED_EDGE ( 'NONE', *, *, #948, .T. ) ;
#8244 = VECTOR ( 'NONE', #3027, 1000.000000000000000 ) ;
#8245 = CARTESIAN_POINT ( 'NONE',  ( 47.30000001409301500, -26.24036512018223300, 0.0000000000000000000 ) ) ;
#8246 = DIRECTION ( 'NONE',  ( -0.0000000000000000000, -0.0000000000000000000, -1.000000000000000000 ) ) ;
#8247 = LINE ( 'NONE', #7331, #4549 ) ;
#8248 = EDGE_CURVE ( 'NONE', #4454, #5735, #4617, .T. ) ;
#8249 = AXIS2_PLACEMENT_3D ( 'NONE', #10449, #9654, #1424 ) ;
#8250 = LINE ( 'NONE', #4257, #3824 ) ;
#8251 = CARTESIAN_POINT ( 'NONE',  ( 6.559999999999942800, -5.496196365999260500, 250.0000000000000000 ) ) ;
#8252 = AXIS2_PLACEMENT_3D ( 'NONE', #1475, #2366, #10371 ) ;
#8253 = ORIENTED_EDGE ( 'NONE', *, *, #2479, .T. ) ;
#8254 = ORIENTED_EDGE ( 'NONE', *, *, #9116, .F. ) ;
#8255 = ORIENTED_EDGE ( 'NONE', *, *, #11705, .T. ) ;
#8256 = DIRECTION ( 'NONE',  ( -0.0000000000000000000, 1.000000000000000000, -0.0000000000000000000 ) ) ;
#8257 = LINE ( 'NONE', #358, #742 ) ;
#8258 = ORIENTED_EDGE ( 'NONE', *, *, #11776, .T. ) ;
#8259 = LINE ( 'NONE', #7810, #9968 ) ;
#8260 = CARTESIAN_POINT ( 'NONE',  ( 17.10999999999999200, -28.30036512018271800, 250.0000000000000000 ) ) ;
#8261 = CIRCLE ( 'NONE', #2279, 0.8000000000000957500 ) ;
#8262 = ADVANCED_FACE ( 'NONE', ( #4912 ), #4489, .T. ) ;
#8263 = CARTESIAN_POINT ( 'NONE',  ( 25.50783691076963000, -13.42992900131788400, 0.0000000000000000000 ) ) ;
#8264 = EDGE_CURVE ( 'NONE', #2697, #4794, #10460, .T. ) ;
#8265 = EDGE_CURVE ( 'NONE', #9877, #5960, #11622, .T. ) ;
#8266 = DIRECTION ( 'NONE',  ( 0.7071067811865474600, 0.7071067811865474600, 0.0000000000000000000 ) ) ;
#8267 = VERTEX_POINT ( 'NONE', #5406 ) ;
#8268 = ORIENTED_EDGE ( 'NONE', *, *, #4992, .T. ) ;
#8269 = VERTEX_POINT ( 'NONE', #4402 ) ;
#8270 = VECTOR ( 'NONE', #4813, 1000.000000000000000 ) ;
#8271 = CARTESIAN_POINT ( 'NONE',  ( -9.768614357130205800, 4.341131381295492800, 0.0000000000000000000 ) ) ;
#8272 = VECTOR ( 'NONE', #11200, 1000.000000000000000 ) ;
#8273 = VECTOR ( 'NONE', #6892, 1000.000000000000000 ) ;
#8274 = CARTESIAN_POINT ( 'NONE',  ( 32.68073025445621500, -11.79036512018218900, 0.0000000000000000000 ) ) ;
#8275 = EDGE_LOOP ( 'NONE', ( #8607, #3851, #5326, #9589 ) ) ;
#8276 = ORIENTED_EDGE ( 'NONE', *, *, #5988, .T. ) ;
#8277 = ORIENTED_EDGE ( 'NONE', *, *, #2595, .T. ) ;
#8278 = PLANE ( 'NONE',  #8755 ) ;
#8279 = ORIENTED_EDGE ( 'NONE', *, *, #1122, .T. ) ;
#8280 = CARTESIAN_POINT ( 'NONE',  ( -8.200000000000002800, -17.11498865055904900, 250.0000000000000000 ) ) ;
#8281 = DIRECTION ( 'NONE',  ( -0.7073987682501935400, 0.7068146735022619000, -0.0000000000000000000 ) ) ;
#8282 = AXIS2_PLACEMENT_3D ( 'NONE', #2541, #4417, #9837 ) ;
#8283 = CARTESIAN_POINT ( 'NONE',  ( 65.49602515533275900, 6.565966396540218000, 0.0000000000000000000 ) ) ;
#8284 = PLANE ( 'NONE',  #5705 ) ;
#8285 = LINE ( 'NONE', #156, #7430 ) ;
#8286 = VECTOR ( 'NONE', #2798, 1000.000000000000100 ) ;
#8287 = CARTESIAN_POINT ( 'NONE',  ( -8.200000000000002800, -7.297745508358056900, 0.0000000000000000000 ) ) ;
#8288 = CARTESIAN_POINT ( 'NONE',  ( 17.10999999999999200, -28.30036512018271800, 0.0000000000000000000 ) ) ;
#8289 = ORIENTED_EDGE ( 'NONE', *, *, #8012, .F. ) ;
#8290 = ORIENTED_EDGE ( 'NONE', *, *, #6184, .T. ) ;
#8291 = ORIENTED_EDGE ( 'NONE', *, *, #6915, .T. ) ;
#8292 = ORIENTED_EDGE ( 'NONE', *, *, #6583, .F. ) ;
#8293 = VERTEX_POINT ( 'NONE', #10820 ) ;
#8294 = CARTESIAN_POINT ( 'NONE',  ( 2.829078524453536600, -23.89285944546705000, 250.0000000000000000 ) ) ;
#8295 = ORIENTED_EDGE ( 'NONE', *, *, #1312, .F. ) ;
#8296 = ORIENTED_EDGE ( 'NONE', *, *, #10651, .T. ) ;
#8297 = DATE_TIME_ROLE ( 'classification_date' ) ;
#8298 = CARTESIAN_POINT ( 'NONE',  ( 40.09043820904360400, -16.08952446469493200, 250.0000000000000000 ) ) ;
#8299 = CARTESIAN_POINT ( 'NONE',  ( 8.200000000014338000, -7.297745508358056900, 250.0000000000000000 ) ) ;
#8300 = LINE ( 'NONE', #8721, #10573 ) ;
#8301 = VECTOR ( 'NONE', #2379, 1000.000000000000000 ) ;
#8302 = CARTESIAN_POINT ( 'NONE',  ( 52.69036512017637400, -28.19036512018228900, 250.0000000000000000 ) ) ;
#8303 = EDGE_CURVE ( 'NONE', #6707, #821, #9464, .T. ) ;
#8304 = CARTESIAN_POINT ( 'NONE',  ( 59.99999999999418800, -19.99036512018243200, 250.0000000000000000 ) ) ;
#8305 = EDGE_LOOP ( 'NONE', ( #11403, #9588 ) ) ;
#8306 = DIRECTION ( 'NONE',  ( -0.7071067811865474600, -0.7071067811865476800, -0.0000000000000000000 ) ) ;
#8307 = DIRECTION ( 'NONE',  ( -1.000000000000000000, 0.0000000000000000000, 0.0000000000000000000 ) ) ;
#8308 = ORIENTED_EDGE ( 'NONE', *, *, #408, .F. ) ;
#8309 = ORIENTED_EDGE ( 'NONE', *, *, #5713, .T. ) ;
#8310 = ORIENTED_EDGE ( 'NONE', *, *, #10087, .F. ) ;
#8311 = ORIENTED_EDGE ( 'NONE', *, *, #7412, .F. ) ;
#8312 = ORIENTED_EDGE ( 'NONE', *, *, #1694, .T. ) ;
#8313 = AXIS2_PLACEMENT_3D ( 'NONE', #7049, #8944, #3466 ) ;
#8314 = DIRECTION ( 'NONE',  ( 0.0000000000000000000, 0.0000000000000000000, 1.000000000000000000 ) ) ;
#8315 = CARTESIAN_POINT ( 'NONE',  ( 14.49666307946589100, -26.55245490884332000, 250.0000000000000000 ) ) ;
#8316 = FACE_OUTER_BOUND ( 'NONE', #8093, .T. ) ;
#8317 = LINE ( 'NONE', #6914, #5901 ) ;
#8318 = ORIENTED_EDGE ( 'NONE', *, *, #7300, .T. ) ;
#8319 = ORIENTED_EDGE ( 'NONE', *, *, #3683, .T. ) ;
#8320 = VERTEX_POINT ( 'NONE', #2607 ) ;
#8321 = EDGE_CURVE ( 'NONE', #4212, #10483, #2190, .T. ) ;
#8322 = ORIENTED_EDGE ( 'NONE', *, *, #5833, .T. ) ;
#8323 = CARTESIAN_POINT ( 'NONE',  ( 57.10999999999427200, -28.19036512018228900, 250.0000000000000000 ) ) ;
#8324 = ORIENTED_EDGE ( 'NONE', *, *, #4891, .T. ) ;
#8325 = LINE ( 'NONE', #2406, #5617 ) ;
#8326 = LINE ( 'NONE', #2236, #7470 ) ;
#8327 = LINE ( 'NONE', #9312, #4045 ) ;
#8328 = DIRECTION ( 'NONE',  ( -0.0000000000000000000, 1.000000000000000000, -0.0000000000000000000 ) ) ;
#8329 = EDGE_CURVE ( 'NONE', #7940, #10053, #2482, .T. ) ;
#8330 = CARTESIAN_POINT ( 'NONE',  ( 6.570000000007161700, 8.207983149782574400, 250.0000000000000000 ) ) ;
#8331 = DIRECTION ( 'NONE',  ( -0.0000000000000000000, -0.0000000000000000000, -1.000000000000000000 ) ) ;
#8332 = CARTESIAN_POINT ( 'NONE',  ( 69.99999999998701100, 4.899745738432866200, 250.0000000000000000 ) ) ;
#8333 = EDGE_CURVE ( 'NONE', #10161, #966, #7338, .T. ) ;
#8334 = CARTESIAN_POINT ( 'NONE',  ( 22.84915719303598500, -23.89285944546705000, 0.0000000000000000000 ) ) ;
#8335 = ORIENTED_EDGE ( 'NONE', *, *, #9833, .F. ) ;
#8336 = ADVANCED_FACE ( 'NONE', ( #6466 ), #10786, .F. ) ;
#8337 = AXIS2_PLACEMENT_3D ( 'NONE', #9626, #6856, #8638 ) ;
#8338 = CARTESIAN_POINT ( 'NONE',  ( 8.309999999996406900, 2.882517024154526400, 0.0000000000000000000 ) ) ;
#8339 = ORIENTED_EDGE ( 'NONE', *, *, #6509, .T. ) ;
#8340 = FACE_OUTER_BOUND ( 'NONE', #3998, .T. ) ;
#8341 = LINE ( 'NONE', #7584, #8480 ) ;
#8342 = LINE ( 'NONE', #7474, #4926 ) ;
#8343 = CARTESIAN_POINT ( 'NONE',  ( 49.99999999999418800, 8.505591811452930500, 250.0000000000000000 ) ) ;
#8344 = APPROVAL_STATUS ( 'not_yet_approved' ) ;
#8345 = CARTESIAN_POINT ( 'NONE',  ( 6.559999999999942800, -5.496196365999260500, 0.0000000000000000000 ) ) ;
#8346 = DIRECTION ( 'NONE',  ( 0.0000000000000000000, 0.0000000000000000000, 1.000000000000000000 ) ) ;
#8347 = CARTESIAN_POINT ( 'NONE',  ( 62.84036513428219500, -16.08952252493459100, 250.0000000000000000 ) ) ;
#8348 = ORIENTED_EDGE ( 'NONE', *, *, #8933, .T. ) ;
#8349 = EDGE_CURVE ( 'NONE', #6449, #9269, #90, .T. ) ;
#8350 = EDGE_CURVE ( 'NONE', #4894, #1114, #4339, .T. ) ;
#8351 = EDGE_LOOP ( 'NONE', ( #10165, #7029, #6322, #3447 ) ) ;
#8352 = ORIENTED_EDGE ( 'NONE', *, *, #10861, .T. ) ;
#8353 = CARTESIAN_POINT ( 'NONE',  ( -3.900000000000004400, -17.16832557109312100, 250.0000000000000000 ) ) ;
#8354 = VECTOR ( 'NONE', #10321, 1000.000000000000000 ) ;
#8355 = CARTESIAN_POINT ( 'NONE',  ( 20.11084238353197400, -23.89285944546705000, 0.0000000000000000000 ) ) ;
#8356 = CARTESIAN_POINT ( 'NONE',  ( 63.80522200729316000, -20.00141837329822200, 250.0000000000000000 ) ) ;
#8357 = VECTOR ( 'NONE', #6133, 1000.000000000000100 ) ;
#8358 = CARTESIAN_POINT ( 'NONE',  ( 68.19999999999419100, -2.882859445469489600, 250.0000000000000000 ) ) ;
#8359 = DIRECTION ( 'NONE',  ( 0.0000000000000000000, 0.0000000000000000000, -1.000000000000000000 ) ) ;
#8360 = CARTESIAN_POINT ( 'NONE',  ( 5.503336920534022300, -26.55128087389479300, 250.0000000000000000 ) ) ;
#8361 = ORIENTED_EDGE ( 'NONE', *, *, #5436, .F. ) ;
#8362 = ORIENTED_EDGE ( 'NONE', *, *, #8058, .F. ) ;
#8363 = CARTESIAN_POINT ( 'NONE',  ( -0.1066738410739513600, 3.907140554540114300, 250.0000000000000000 ) ) ;
#8364 = CIRCLE ( 'NONE', #5301, 0.7900000000000129100 ) ;
#8365 = EDGE_CURVE ( 'NONE', #3409, #10443, #7915, .T. ) ;
#8366 = EDGE_CURVE ( 'NONE', #4929, #11669, #5483, .T. ) ;
#8367 = ADVANCED_FACE ( 'NONE', ( #7620 ), #8113, .T. ) ;
#8368 = CARTESIAN_POINT ( 'NONE',  ( 53.43999999999427100, 5.495853944692208300, 0.0000000000000000000 ) ) ;
#8369 = AXIS2_PLACEMENT_3D ( 'NONE', #9895, #2635, #6299 ) ;
#8370 = DIRECTION ( 'NONE',  ( 0.7089894245298891100, 0.7052191119820681000, 0.0000000000000000000 ) ) ;
#8371 = CARTESIAN_POINT ( 'NONE',  ( -0.1066738410739513600, 3.907140554540114300, 250.0000000000000000 ) ) ;
#8372 = ORIENTED_EDGE ( 'NONE', *, *, #851, .F. ) ;
#8373 = VECTOR ( 'NONE', #368, 1000.000000000000100 ) ;
#8374 = APPROVAL_DATE_TIME ( #4807, #4180 ) ;
#8375 = VECTOR ( 'NONE', #7406, 1000.000000000000000 ) ;
#8376 = PLANE ( 'NONE',  #9190 ) ;
#8377 = DIRECTION ( 'NONE',  ( -0.0000000000000000000, 0.0000000000000000000, -1.000000000000000000 ) ) ;
#8378 = CARTESIAN_POINT ( 'NONE',  ( 2.840000000002357100, -16.08952252493459100, 250.0000000000000000 ) ) ;
#8379 = EDGE_CURVE ( 'NONE', #4490, #3852, #357, .T. ) ;
#8380 = PLANE ( 'NONE',  #5623 ) ;
#8381 = VECTOR ( 'NONE', #3349, 1000.000000000000000 ) ;
#8382 = CARTESIAN_POINT ( 'NONE',  ( 15.65431457505115100, -29.75605054513138400, 0.0000000000000000000 ) ) ;
#8383 = LINE ( 'NONE', #2720, #9943 ) ;
#8384 = DIRECTION ( 'NONE',  ( -0.0000000000000000000, -0.0000000000000000000, -1.000000000000000000 ) ) ;
#8385 = CARTESIAN_POINT ( 'NONE',  ( 64.34130259194363100, 9.778249236954939900, 250.0000000000000000 ) ) ;
#8386 = EDGE_LOOP ( 'NONE', ( #9719, #8921, #3360, #4013 ) ) ;
#8387 = VECTOR ( 'NONE', #33, 1000.000000000000100 ) ;
#8388 = EDGE_CURVE ( 'NONE', #3020, #718, #7924, .T. ) ;
#8389 = ADVANCED_FACE ( 'NONE', ( #8917 ), #7776, .F. ) ;
#8390 = CARTESIAN_POINT ( 'NONE',  ( 51.79999999999418500, -2.882859445469489600, 250.0000000000000000 ) ) ;
#8391 = DIRECTION ( 'NONE',  ( 0.0000000000000000000, 1.000000000000000000, 0.0000000000000000000 ) ) ;
#8392 = VECTOR ( 'NONE', #6760, 1000.000000000000000 ) ;
#8393 = CARTESIAN_POINT ( 'NONE',  ( -8.199999999999999300, -26.56036512018241400, 250.0000000000000000 ) ) ;
#8394 = CARTESIAN_POINT ( 'NONE',  ( -3.899999999985570600, 0.09834826997499368500, 0.0000000000000000000 ) ) ;
#8395 = LINE ( 'NONE', #5063, #5979 ) ;
#8396 = CARTESIAN_POINT ( 'NONE',  ( -8.200000000000002800, 5.495853944692210100, 250.0000000000000000 ) ) ;
#8397 = EDGE_CURVE ( 'NONE', #4404, #10994, #5203, .T. ) ;
#8398 = EDGE_CURVE ( 'NONE', #11453, #908, #7481, .T. ) ;
#8399 = ORIENTED_EDGE ( 'NONE', *, *, #9390, .F. ) ;
#8400 = ORIENTED_EDGE ( 'NONE', *, *, #9392, .T. ) ;
#8401 = CIRCLE ( 'NONE', #7919, 0.8000000000000020400 ) ;
#8402 = AXIS2_PLACEMENT_3D ( 'NONE', #1271, #2151, #3112 ) ;
#8403 = LINE ( 'NONE', #5217, #4839 ) ;
#8404 = DIRECTION ( 'NONE',  ( -1.000000000000000000, -0.0000000000000000000, -0.0000000000000000000 ) ) ;
#8405 = DIRECTION ( 'NONE',  ( 0.7071067811865474600, 0.7071067811865474600, 0.0000000000000000000 ) ) ;
#8406 = LINE ( 'NONE', #1225, #3544 ) ;
#8407 = DIRECTION ( 'NONE',  ( -1.000000000000000000, 0.0000000000000000000, 0.0000000000000000000 ) ) ;
#8408 = PLANE ( 'NONE',  #3268 ) ;
#8409 = CARTESIAN_POINT ( 'NONE',  ( 68.30999999999419000, -22.88036512018231500, 250.0000000000000000 ) ) ;
#8410 = EDGE_LOOP ( 'NONE', ( #5625, #8361, #753, #7014 ) ) ;
#8411 = ORIENTED_EDGE ( 'NONE', *, *, #1845, .F. ) ;
#8412 = ORIENTED_EDGE ( 'NONE', *, *, #9138, .T. ) ;
#8413 = LINE ( 'NONE', #6486, #7552 ) ;
#8414 = EDGE_CURVE ( 'NONE', #3560, #7257, #9059, .T. ) ;
#8415 = EDGE_CURVE ( 'NONE', #5762, #7667, #2626, .T. ) ;
#8416 = LINE ( 'NONE', #6259, #7555 ) ;
#8417 = LINE ( 'NONE', #3534, #876 ) ;
#8418 = CARTESIAN_POINT ( 'NONE',  ( 6.559999999999942800, -5.496196365999260500, 250.0000000000000000 ) ) ;
#8419 = ADVANCED_FACE ( 'NONE', ( #5352 ), #83, .F. ) ;
#8420 = DIRECTION ( 'NONE',  ( -0.0000000000000000000, -0.0000000000000000000, -1.000000000000000000 ) ) ;
#8421 = ORIENTED_EDGE ( 'NONE', *, *, #3648, .T. ) ;
#8422 = ORIENTED_EDGE ( 'NONE', *, *, #5723, .F. ) ;
#8423 = ORIENTED_EDGE ( 'NONE', *, *, #4961, .T. ) ;
#8425 = ORIENTED_EDGE ( 'NONE', *, *, #681, .T. ) ;
#8424 = CARTESIAN_POINT ( 'NONE',  ( 36.09036513427462000, -22.82073024036478900, 250.0000000000000000 ) ) ;
#8426 = DIRECTION ( 'NONE',  ( 1.000000000000000000, -0.0000000000000000000, -0.0000000000000000000 ) ) ;
#8427 = CIRCLE ( 'NONE', #7560, 0.8000000000006335400 ) ;
#8428 = VECTOR ( 'NONE', #4153, 1000.000000000000000 ) ;
#8429 = DIRECTION ( 'NONE',  ( -0.7071067811865474600, -0.7071067811865474600, -0.0000000000000000000 ) ) ;
#8430 = DIRECTION ( 'NONE',  ( 0.7071067811865351400, -0.7071067811865599000, -0.0000000000000000000 ) ) ;
#8431 = EDGE_CURVE ( 'NONE', #2647, #7258, #3912, .T. ) ;
#8432 = EDGE_CURVE ( 'NONE', #11061, #1027, #4351, .T. ) ;
#8433 = CARTESIAN_POINT ( 'NONE',  ( 59.99999999999418100, 3.807140554534739000, 0.0000000000000000000 ) ) ;
#8434 = ORIENTED_EDGE ( 'NONE', *, *, #7364, .F. ) ;
#8435 = CARTESIAN_POINT ( 'NONE',  ( 10.00000000000000200, -4.904230295371559300, 250.0000000000000000 ) ) ;
#8436 = EDGE_LOOP ( 'NONE', ( #7303, #11130, #1853, #9591 ) ) ;
#8437 = ORIENTED_EDGE ( 'NONE', *, *, #117, .T. ) ;
#8438 = VERTEX_POINT ( 'NONE', #998 ) ;
#8439 = ORIENTED_EDGE ( 'NONE', *, *, #8131, .T. ) ;
#8440 = DIRECTION ( 'NONE',  ( -0.0000000000000000000, -0.0000000000000000000, -1.000000000000000000 ) ) ;
#8441 = EDGE_LOOP ( 'NONE', ( #5556, #8485, #11141, #2988 ) ) ;
#8442 = AXIS2_PLACEMENT_3D ( 'NONE', #1491, #6951, #9639 ) ;
#8443 = ORIENTED_EDGE ( 'NONE', *, *, #1431, .T. ) ;
#8444 = DIRECTION ( 'NONE',  ( 1.000000000000000000, 0.0000000000000000000, -0.0000000000000000000 ) ) ;
#8445 = LINE ( 'NONE', #3485, #6016 ) ;
#8446 = FACE_OUTER_BOUND ( 'NONE', #11176, .T. ) ;
#8447 = CARTESIAN_POINT ( 'NONE',  ( -8.200000000000002800, -14.50165173002494800, 0.0000000000000000000 ) ) ;
#8448 = ORIENTED_EDGE ( 'NONE', *, *, #3249, .F. ) ;
#8449 = EDGE_LOOP ( 'NONE', ( #8628, #10387, #6182, #5874 ) ) ;
#8450 = VERTEX_POINT ( 'NONE', #4601 ) ;
#8451 = ORIENTED_EDGE ( 'NONE', *, *, #6912, .F. ) ;
#8452 = ORIENTED_EDGE ( 'NONE', *, *, #7484, .T. ) ;
#8453 = AXIS2_PLACEMENT_3D ( 'NONE', #4495, #3609, #8056 ) ;
#8454 = ADVANCED_FACE ( 'NONE', ( #3211 ), #10942, .F. ) ;
#8455 = DIRECTION ( 'NONE',  ( 0.7071067811865474600, -0.7071067811865474600, 0.0000000000000000000 ) ) ;
#8456 = LINE ( 'NONE', #1970, #7594 ) ;
#8457 = FACE_OUTER_BOUND ( 'NONE', #2686, .T. ) ;
#8458 = CARTESIAN_POINT ( 'NONE',  ( 55.10008305090737200, 10.00963487981757000, 250.0000000000000000 ) ) ;
#8459 = ORIENTED_EDGE ( 'NONE', *, *, #5674, .F. ) ;
#8460 = VERTEX_POINT ( 'NONE', #9109 ) ;
#8461 = ORIENTED_EDGE ( 'NONE', *, *, #4727, .T. ) ;
#8462 = ORIENTED_EDGE ( 'NONE', *, *, #437, .F. ) ;
#8463 = DIRECTION ( 'NONE',  ( 7.360691681704703100E-012, 1.000000000000000000, 0.0000000000000000000 ) ) ;
#8464 = CARTESIAN_POINT ( 'NONE',  ( 68.19999999999419100, -25.49370204071641800, 250.0000000000000000 ) ) ;
#8465 = ORIENTED_EDGE ( 'NONE', *, *, #5053, .F. ) ;
#8466 = DIRECTION ( 'NONE',  ( 1.000000000000000000, 0.0000000000000000000, 0.0000000000000000000 ) ) ;
#8467 = EDGE_CURVE ( 'NONE', #3501, #3357, #232, .T. ) ;
#8468 = LINE ( 'NONE', #372, #349 ) ;
#8469 = VECTOR ( 'NONE', #4543, 1000.000000000000000 ) ;
#8470 = PLANE ( 'NONE',  #4235 ) ;
#8471 = DIRECTION ( 'NONE',  ( -1.000000000000000000, 1.583750953283362000E-016, 0.0000000000000000000 ) ) ;
#8472 = AXIS2_PLACEMENT_3D ( 'NONE', #10532, #487, #3173 ) ;
#8473 = ORIENTED_EDGE ( 'NONE', *, *, #6978, .T. ) ;
#8474 = DIRECTION ( 'NONE',  ( -1.000000000000000000, 0.0000000000000000000, 0.0000000000000000000 ) ) ;
#8475 = VERTEX_POINT ( 'NONE', #1097 ) ;
#8476 = VECTOR ( 'NONE', #10417, 1000.000000000000000 ) ;
#8477 = AXIS2_PLACEMENT_3D ( 'NONE', #7108, #4340, #5339 ) ;
#8478 = CARTESIAN_POINT ( 'NONE',  ( 69.76568542494342800, -4.338544870422318800, 0.0000000000000000000 ) ) ;
#8479 = DIRECTION ( 'NONE',  ( 0.0000000000000000000, -1.000000000000000000, 0.0000000000000000000 ) ) ;
#8480 = VECTOR ( 'NONE', #8510, 1000.000000000000000 ) ;
#8481 = VECTOR ( 'NONE', #9354, 1000.000000000000000 ) ;
#8482 = CARTESIAN_POINT ( 'NONE',  ( -6.559999999985583600, 5.495853944692208300, 250.0000000000000000 ) ) ;
#8483 = EDGE_CURVE ( 'NONE', #5298, #4735, #1105, .T. ) ;
#8484 = ADVANCED_FACE ( 'NONE', ( #10908 ), #2793, .F. ) ;
#8485 = ORIENTED_EDGE ( 'NONE', *, *, #7433, .F. ) ;
#8486 = VERTEX_POINT ( 'NONE', #8356 ) ;
#8487 = CARTESIAN_POINT ( 'NONE',  ( 63.89999999999420100, -17.16832557109312100, 250.0000000000000000 ) ) ;
#8488 = VECTOR ( 'NONE', #2709, 1000.000000000000000 ) ;
#8489 = CARTESIAN_POINT ( 'NONE',  ( 63.89999999997976200, -0.1033369205210043500, 250.0000000000000000 ) ) ;
#8490 = CARTESIAN_POINT ( 'NONE',  ( 68.19999999999419100, 6.577983149782563800, 0.0000000000000000000 ) ) ;
#8491 = EDGE_CURVE ( 'NONE', #6010, #11504, #524, .T. ) ;
#8492 = DIRECTION ( 'NONE',  ( 0.0000000000000000000, -1.000000000000000000, 0.0000000000000000000 ) ) ;
#8493 = CARTESIAN_POINT ( 'NONE',  ( 56.09999999997984300, -22.83451117550332300, 250.0000000000000000 ) ) ;
#8494 = VECTOR ( 'NONE', #11263, 1000.000000000000000 ) ;
#8495 = CARTESIAN_POINT ( 'NONE',  ( -8.200000000000002800, -7.297745508358056900, 250.0000000000000000 ) ) ;
#8496 = ORIENTED_EDGE ( 'NONE', *, *, #8117, .T. ) ;
#8497 = CARTESIAN_POINT ( 'NONE',  ( 12.69999998590111500, -13.75036510608260100, 250.0000000000000000 ) ) ;
#8498 = ORIENTED_EDGE ( 'NONE', *, *, #1312, .T. ) ;
#8499 = ORIENTED_EDGE ( 'NONE', *, *, #7932, .F. ) ;
#8500 = ORIENTED_EDGE ( 'NONE', *, *, #3249, .T. ) ;
#8501 = FACE_OUTER_BOUND ( 'NONE', #3598, .T. ) ;
#8502 = DIRECTION ( 'NONE',  ( -0.0000000000000000000, -0.0000000000000000000, -1.000000000000000000 ) ) ;
#8503 = VECTOR ( 'NONE', #10125, 1000.000000000000100 ) ;
#8504 = DIRECTION ( 'NONE',  ( -1.000000000000000000, 0.0000000000000000000, 0.0000000000000000000 ) ) ;
#8505 = CARTESIAN_POINT ( 'NONE',  ( -0.1066738410739513600, 3.907140554540114300, 250.0000000000000000 ) ) ;
#8506 = DIRECTION ( 'NONE',  ( -0.0000000000000000000, -0.0000000000000000000, -1.000000000000000000 ) ) ;
#8507 = EDGE_CURVE ( 'NONE', #2451, #3063, #2912, .T. ) ;
#8508 = EDGE_CURVE ( 'NONE', #10835, #2157, #3487, .T. ) ;
#8509 = CARTESIAN_POINT ( 'NONE',  ( 7.309634879832146700, -26.24310889209111900, 250.0000000000000000 ) ) ;
#8510 = DIRECTION ( 'NONE',  ( -0.0000000000000000000, 1.000000000000000000, -0.0000000000000000000 ) ) ;
#8511 = EDGE_LOOP ( 'NONE', ( #7015, #1028, #10552, #1169 ) ) ;
#8512 = LINE ( 'NONE', #9965, #3086 ) ;
#8513 = AXIS2_PLACEMENT_3D ( 'NONE', #7243, #2665, #8129 ) ;
#8514 = LINE ( 'NONE', #2209, #3647 ) ;
#8515 = ADVANCED_FACE ( 'NONE', ( #8927 ), #6349, .F. ) ;
#8516 = CARTESIAN_POINT ( 'NONE',  ( 51.79999999997984600, -7.297745508358056900, 250.0000000000000000 ) ) ;
#8517 = CARTESIAN_POINT ( 'NONE',  ( 9.269634879828643600, -11.79869069127881800, 250.0000000000000000 ) ) ;
#8518 = DIRECTION ( 'NONE',  ( -0.0000000000000000000, -0.0000000000000000000, -1.000000000000000000 ) ) ;
#8519 = DIRECTION ( 'NONE',  ( -0.7072143353590419900, 0.7069992106520830400, 0.0000000000000000000 ) ) ;
#8520 = VECTOR ( 'NONE', #10720, 1000.000000000000000 ) ;
#8521 = CARTESIAN_POINT ( 'NONE',  ( 59.99999999998702500, -3.901602146817069200, 0.0000000000000000000 ) ) ;
#8522 = PLANE ( 'NONE',  #629 ) ;
#8523 = VECTOR ( 'NONE', #4597, 1000.000000000000000 ) ;
#8524 = CARTESIAN_POINT ( 'NONE',  ( 27.31926974553797300, -11.79036512018218900, 250.0000000000000000 ) ) ;
#8525 = DIRECTION ( 'NONE',  ( 0.0000000000000000000, 0.0000000000000000000, 1.000000000000000000 ) ) ;
#8526 = CARTESIAN_POINT ( 'NONE',  ( 68.49999999999418800, -29.99036512018231800, 0.0000000000000000000 ) ) ;
#8527 = ORIENTED_EDGE ( 'NONE', *, *, #3437, .F. ) ;
#8528 = DIRECTION ( 'NONE',  ( -0.7071067811865471300, -0.7071067811865479100, 0.0000000000000000000 ) ) ;
#8529 = VECTOR ( 'NONE', #6377, 1000.000000000000000 ) ;
#8530 = DIRECTION ( 'NONE',  ( -0.0000000000000000000, -0.0000000000000000000, -1.000000000000000000 ) ) ;
#8531 = LINE ( 'NONE', #3528, #3393 ) ;
#8532 = PLANE ( 'NONE',  #10795 ) ;
#8533 = EDGE_CURVE ( 'NONE', #4725, #6181, #943, .T. ) ;
#8534 = VECTOR ( 'NONE', #3252, 1000.000000000000000 ) ;
#8535 = CARTESIAN_POINT ( 'NONE',  ( -6.559999999999973000, -14.50165173002494800, 0.0000000000000000000 ) ) ;
#8536 = DIRECTION ( 'NONE',  ( 0.7071067811865351400, -0.7071067811865599000, -0.0000000000000000000 ) ) ;
#8537 = VERTEX_POINT ( 'NONE', #10018 ) ;
#8538 = ADVANCED_FACE ( 'NONE', ( #3343 ), #11101, .F. ) ;
#8539 = EDGE_LOOP ( 'NONE', ( #1099, #9203, #11140, #622 ) ) ;
#8540 = LINE ( 'NONE', #5087, #6957 ) ;
#8541 = DIRECTION ( 'NONE',  ( 0.0000000000000000000, 1.000000000000000000, 0.0000000000000000000 ) ) ;
#8542 = AXIS2_PLACEMENT_3D ( 'NONE', #2401, #7960, #5246 ) ;
#8543 = VECTOR ( 'NONE', #2706, 1000.000000000000000 ) ;
#8544 = AXIS2_PLACEMENT_3D ( 'NONE', #8385, #3878, #200 ) ;
#8545 = VECTOR ( 'NONE', #7850, 1000.000000000000000 ) ;
#8546 = EDGE_CURVE ( 'NONE', #2711, #6166, #10765, .T. ) ;
#8547 = CARTESIAN_POINT ( 'NONE',  ( -8.309999999992822200, 2.882517024158107500, 250.0000000000000000 ) ) ;
#8548 = ORIENTED_EDGE ( 'NONE', *, *, #8835, .T. ) ;
#8549 = ORIENTED_EDGE ( 'NONE', *, *, #5386, .T. ) ;
#8550 = ORIENTED_EDGE ( 'NONE', *, *, #6497, .F. ) ;
#8551 = FACE_BOUND ( 'NONE', #11265, .T. ) ;
#8552 = CARTESIAN_POINT ( 'NONE',  ( 2.882688234812009800, 8.207983149782574400, 250.0000000000000000 ) ) ;
#8553 = ORIENTED_EDGE ( 'NONE', *, *, #10144, .F. ) ;
#8554 = LINE ( 'NONE', #5826, #11707 ) ;
#8555 = PLANE ( 'NONE',  #8235 ) ;
#8556 = EDGE_CURVE ( 'NONE', #1216, #10426, #3616, .T. ) ;
#8557 = FACE_OUTER_BOUND ( 'NONE', #5980, .T. ) ;
#8558 = EDGE_CURVE ( 'NONE', #7748, #9246, #4773, .T. ) ;
#8559 = CARTESIAN_POINT ( 'NONE',  ( 44.89806760179234100, -9.990365120182433500, 250.0000000000000000 ) ) ;
#8560 = DIRECTION ( 'NONE',  ( 0.0000000000000000000, 0.0000000000000000000, 1.000000000000000000 ) ) ;
#8561 = AXIS2_PLACEMENT_3D ( 'NONE', #425, #10444, #8463 ) ;
#8562 = ORIENTED_EDGE ( 'NONE', *, *, #3815, .F. ) ;
#8563 = VERTEX_POINT ( 'NONE', #6615 ) ;
#8564 = ORIENTED_EDGE ( 'NONE', *, *, #10310, .T. ) ;
#8565 = CARTESIAN_POINT ( 'NONE',  ( -3.900000000000004400, -17.16832557109312100, 250.0000000000000000 ) ) ;
#8566 = DIRECTION ( 'NONE',  ( -0.0000000000000000000, -0.0000000000000000000, -1.000000000000000000 ) ) ;
#8567 = DIRECTION ( 'NONE',  ( 2.124148279354379300E-014, -1.000000000000000000, 0.0000000000000000000 ) ) ;
#8568 = PLANE ( 'NONE',  #9731 ) ;
#8569 = VECTOR ( 'NONE', #2963, 1000.000000000000000 ) ;
#8570 = VECTOR ( 'NONE', #234, 1000.000000000000000 ) ;
#8571 = VECTOR ( 'NONE', #8811, 1000.000000000000000 ) ;
#8572 = ADVANCED_FACE ( 'NONE', ( #11493 ), #9304, .F. ) ;
#8573 = CARTESIAN_POINT ( 'NONE',  ( 53.43999999999427100, 5.495853944692208300, 250.0000000000000000 ) ) ;
#8574 = EDGE_CURVE ( 'NONE', #5033, #11114, #8341, .T. ) ;
#8575 = EDGE_CURVE ( 'NONE', #2775, #6411, #8784, .T. ) ;
#8576 = ORIENTED_EDGE ( 'NONE', *, *, #2023, .T. ) ;
#8577 = VERTEX_POINT ( 'NONE', #4840 ) ;
#8578 = ORIENTED_EDGE ( 'NONE', *, *, #5029, .T. ) ;
#8579 = ORIENTED_EDGE ( 'NONE', *, *, #2316, .T. ) ;
#8580 = DIRECTION ( 'NONE',  ( -0.7078322512429711100, -0.7063805660550885900, 0.0000000000000000000 ) ) ;
#8581 = AXIS2_PLACEMENT_3D ( 'NONE', #8509, #3949, #6647 ) ;
#8582 = CARTESIAN_POINT ( 'NONE',  ( -2.840365134288008100, -16.08952252493459100, 0.0000000000000000000 ) ) ;
#8583 = DIRECTION ( 'NONE',  ( 0.7071067811865475700, -0.7071067811865475700, 0.0000000000000000000 ) ) ;
#8584 = VECTOR ( 'NONE', #10906, 1000.000000000000000 ) ;
#8585 = VECTOR ( 'NONE', #10029, 1000.000000000000000 ) ;
#8586 = DIRECTION ( 'NONE',  ( -0.0000000000000000000, 1.000000000000000000, -0.0000000000000000000 ) ) ;
#8587 = DIRECTION ( 'NONE',  ( 0.0000000000000000000, 0.0000000000000000000, 1.000000000000000000 ) ) ;
#8588 = EDGE_LOOP ( 'NONE', ( #6, #3288, #2399, #11474 ) ) ;
#8589 = VERTEX_POINT ( 'NONE', #5710 ) ;
#8590 = VERTEX_POINT ( 'NONE', #3046 ) ;
#8591 = ORIENTED_EDGE ( 'NONE', *, *, #8595, .T. ) ;
#8592 = VERTEX_POINT ( 'NONE', #4761 ) ;
#8593 = ORIENTED_EDGE ( 'NONE', *, *, #7491, .F. ) ;
#8594 = EDGE_CURVE ( 'NONE', #310, #463, #11634, .T. ) ;
#8595 = EDGE_CURVE ( 'NONE', #5070, #3085, #7194, .T. ) ;
#8596 = DIRECTION ( 'NONE',  ( 0.7295601560796088900, -0.6839166459891854500, 0.0000000000000000000 ) ) ;
#8597 = FACE_OUTER_BOUND ( 'NONE', #3180, .T. ) ;
#8598 = LINE ( 'NONE', #5738, #4019 ) ;
#8599 = CARTESIAN_POINT ( 'NONE',  ( 24.89674731952995400, -29.19036512018168100, 250.0000000000000000 ) ) ;
#8600 = PLANE ( 'NONE',  #2512 ) ;
#8601 = ORIENTED_EDGE ( 'NONE', *, *, #5896, .F. ) ;
#8602 = ORIENTED_EDGE ( 'NONE', *, *, #2219, .F. ) ;
#8603 = ORIENTED_EDGE ( 'NONE', *, *, #11284, .T. ) ;
#8604 = ORIENTED_EDGE ( 'NONE', *, *, #4152, .T. ) ;
#8605 = CARTESIAN_POINT ( 'NONE',  ( 52.69036512017637400, -28.19036512018228900, 0.0000000000000000000 ) ) ;
#8606 = CARTESIAN_POINT ( 'NONE',  ( -8.309999999999998700, -22.88036512018231500, 250.0000000000000000 ) ) ;
#8607 = ORIENTED_EDGE ( 'NONE', *, *, #11169, .T. ) ;
#8608 = ADVANCED_FACE ( 'NONE', ( #5771 ), #1276, .F. ) ;
#8609 = PLANE ( 'NONE',  #755 ) ;
#8610 = LINE ( 'NONE', #3021, #11610 ) ;
#8611 = LINE ( 'NONE', #8832, #4477 ) ;
#8612 = CARTESIAN_POINT ( 'NONE',  ( 59.99999999999418100, 3.807140554534739000, 250.0000000000000000 ) ) ;
#8613 = PLANE ( 'NONE',  #7882 ) ;
#8614 = EDGE_LOOP ( 'NONE', ( #396, #7304, #2701, #3893 ) ) ;
#8615 = ORIENTED_EDGE ( 'NONE', *, *, #9700, .T. ) ;
#8616 = ORIENTED_EDGE ( 'NONE', *, *, #9786, .T. ) ;
#8617 = CARTESIAN_POINT ( 'NONE',  ( 65.49602515533275900, 8.207983149782574400, 0.0000000000000000000 ) ) ;
#8618 = VERTEX_POINT ( 'NONE', #3836 ) ;
#8619 = VECTOR ( 'NONE', #3373, 1000.000000000000100 ) ;
#8620 = CARTESIAN_POINT ( 'NONE',  ( 37.11132034355090800, -11.79036512018251400, 250.0000000000000000 ) ) ;
#8621 = DIRECTION ( 'NONE',  ( -1.000000000000000000, 0.0000000000000000000, 0.0000000000000000000 ) ) ;
#8622 = FACE_OUTER_BOUND ( 'NONE', #7315, .T. ) ;
#8623 = FACE_OUTER_BOUND ( 'NONE', #5500, .T. ) ;
#8624 = DIRECTION ( 'NONE',  ( -1.000000000000000000, 0.0000000000000000000, 0.0000000000000000000 ) ) ;
#8625 = DIRECTION ( 'NONE',  ( -0.0000000000000000000, -0.0000000000000000000, -1.000000000000000000 ) ) ;
#8626 = EDGE_CURVE ( 'NONE', #5272, #6058, #6605, .T. ) ;
#8627 = ORIENTED_EDGE ( 'NONE', *, *, #3909, .T. ) ;
#8628 = ORIENTED_EDGE ( 'NONE', *, *, #2274, .T. ) ;
#8629 = LINE ( 'NONE', #7528, #4350 ) ;
#8630 = CARTESIAN_POINT ( 'NONE',  ( 57.11731176518218700, 8.207983149782574400, 250.0000000000000000 ) ) ;
#8631 = VECTOR ( 'NONE', #10452, 1000.000000000000000 ) ;
#8632 = LINE ( 'NONE', #1889, #9197 ) ;
#8633 = ADVANCED_FACE ( 'NONE', ( #2342 ), #10175, .F. ) ;
#8634 = CARTESIAN_POINT ( 'NONE',  ( 57.16499787675104500, -3.901602146817069200, 250.0000000000000000 ) ) ;
#8635 = EDGE_CURVE ( 'NONE', #3036, #4547, #2061, .T. ) ;
#8636 = PLANE ( 'NONE',  #979 ) ;
#8637 = VERTEX_POINT ( 'NONE', #6530 ) ;
#8638 = DIRECTION ( 'NONE',  ( -1.000000000000000000, 0.0000000000000000000, 0.0000000000000000000 ) ) ;
#8639 = AXIS2_PLACEMENT_3D ( 'NONE', #6653, #5935, #8681 ) ;
#8640 = CARTESIAN_POINT ( 'NONE',  ( 63.89999999999420100, -17.16832557109312100, 0.0000000000000000000 ) ) ;
#8641 = ORIENTED_EDGE ( 'NONE', *, *, #54, .F. ) ;
#8642 = CARTESIAN_POINT ( 'NONE',  ( 27.31926974553797300, -11.79036512018218900, 250.0000000000000000 ) ) ;
#8643 = ORIENTED_EDGE ( 'NONE', *, *, #2156, .T. ) ;
#8644 = DIRECTION ( 'NONE',  ( 1.000000000000000000, -0.0000000000000000000, -0.0000000000000000000 ) ) ;
#8645 = LINE ( 'NONE', #8742, #1794 ) ;
#8646 = DIRECTION ( 'NONE',  ( 0.6636301409130349600, 0.7480608505140109400, 0.0000000000000000000 ) ) ;
#8647 = LINE ( 'NONE', #2812, #10049 ) ;
#8648 = DIRECTION ( 'NONE',  ( -0.0000000000000000000, -0.0000000000000000000, -1.000000000000000000 ) ) ;
#8649 = DIRECTION ( 'NONE',  ( -0.0000000000000000000, -0.0000000000000000000, -1.000000000000000000 ) ) ;
#8650 = CARTESIAN_POINT ( 'NONE',  ( -9.765685424949234400, -4.338544870422323300, 0.0000000000000000000 ) ) ;
#8651 = DIRECTION ( 'NONE',  ( 0.7071067811865474600, 0.7071067811865474600, 0.0000000000000000000 ) ) ;
#8652 = EDGE_CURVE ( 'NONE', #8868, #6286, #4485, .T. ) ;
#8653 = DIRECTION ( 'NONE',  ( -0.0000000000000000000, -1.000000000000000000, -0.0000000000000000000 ) ) ;
#8654 = EDGE_LOOP ( 'NONE', ( #8803, #7451, #10442, #11326 ) ) ;
#8655 = ORIENTED_EDGE ( 'NONE', *, *, #1108, .F. ) ;
#8656 = VECTOR ( 'NONE', #5085, 1000.000000000000000 ) ;
#8657 = AXIS2_PLACEMENT_3D ( 'NONE', #10198, #11082, #5537 ) ;
#8658 = CARTESIAN_POINT ( 'NONE',  ( 2.889999999999921100, -28.19036512018228900, 250.0000000000000000 ) ) ;
#8659 = CARTESIAN_POINT ( 'NONE',  ( 55.10008305090737200, 10.00963487981756800, 0.0000000000000000000 ) ) ;
#8660 = DIRECTION ( 'NONE',  ( -0.0000000000000000000, -0.0000000000000000000, -1.000000000000000000 ) ) ;
#8661 = VERTEX_POINT ( 'NONE', #2957 ) ;
#8662 = VECTOR ( 'NONE', #705, 1000.000000000000000 ) ;
#8663 = CARTESIAN_POINT ( 'NONE',  ( 64.90722871426893900, -29.99036512018231100, 250.0000000000000000 ) ) ;
#8664 = PLANE ( 'NONE',  #11111 ) ;
#8665 = ADVANCED_FACE ( 'NONE', ( #6758 ), #433, .F. ) ;
#8666 = VECTOR ( 'NONE', #6405, 1000.000000000000000 ) ;
#8667 = CARTESIAN_POINT ( 'NONE',  ( 2.882688234812009800, 8.319634879817504800, 250.0000000000000000 ) ) ;
#8668 = EDGE_CURVE ( 'NONE', #10009, #1780, #11204, .T. ) ;
#8669 = EDGE_CURVE ( 'NONE', #8069, #5032, #11361, .T. ) ;
#8670 = PLANE ( 'NONE',  #8249 ) ;
#8671 = CARTESIAN_POINT ( 'NONE',  ( 52.69036512016204200, -26.24310889209111900, 250.0000000000000000 ) ) ;
#8672 = AXIS2_PLACEMENT_3D ( 'NONE', #6289, #8172, #7125 ) ;
#8673 = VERTEX_POINT ( 'NONE', #3991 ) ;
#8674 = VECTOR ( 'NONE', #1301, 1000.000000000000000 ) ;
#8675 = DIRECTION ( 'NONE',  ( -1.000000000000000000, 0.0000000000000000000, 0.0000000000000000000 ) ) ;
#8676 = DIRECTION ( 'NONE',  ( 0.0000000000000000000, 0.0000000000000000000, 1.000000000000000000 ) ) ;
#8677 = VECTOR ( 'NONE', #7284, 1000.000000000000000 ) ;
#8678 = CARTESIAN_POINT ( 'NONE',  ( -9.999999999992832400, 4.899745738432866200, 250.0000000000000000 ) ) ;
#8679 = CARTESIAN_POINT ( 'NONE',  ( -6.570000000007158100, 8.207983149782574400, 0.0000000000000000000 ) ) ;
#8680 = VECTOR ( 'NONE', #812, 1000.000000000000000 ) ;
#8681 = DIRECTION ( 'NONE',  ( 0.0000000000000000000, -0.0000000000000000000, -1.000000000000000000 ) ) ;
#8682 = AXIS2_PLACEMENT_3D ( 'NONE', #2178, #11405, #8560 ) ;
#8683 = CARTESIAN_POINT ( 'NONE',  ( 8.309999999996406900, -2.882859445469489600, 250.0000000000000000 ) ) ;
#8684 = VERTEX_POINT ( 'NONE', #4155 ) ;
#8685 = FACE_OUTER_BOUND ( 'NONE', #3897, .T. ) ;
#8686 = CARTESIAN_POINT ( 'NONE',  ( 56.09999999997984300, -22.83451117550332300, 250.0000000000000000 ) ) ;
#8687 = VECTOR ( 'NONE', #800, 1000.000000000000000 ) ;
#8688 = CARTESIAN_POINT ( 'NONE',  ( 59.99999999999418100, -16.08952252493459100, 250.0000000000000000 ) ) ;
#8689 = CARTESIAN_POINT ( 'NONE',  ( 49.99999999998702500, -9.990365120182433500, 0.0000000000000000000 ) ) ;
#8690 = LINE ( 'NONE', #4974, #434 ) ;
#8691 = DIRECTION ( 'NONE',  ( 5.485612931441777400E-012, 1.000000000000000000, -0.0000000000000000000 ) ) ;
#8692 = ADVANCED_FACE ( 'NONE', ( #1234 ), #5040, .T. ) ;
#8693 = VERTEX_POINT ( 'NONE', #8711 ) ;
#8694 = ORIENTED_EDGE ( 'NONE', *, *, #8819, .T. ) ;
#8695 = ORIENTED_EDGE ( 'NONE', *, *, #8415, .T. ) ;
#8696 = CARTESIAN_POINT ( 'NONE',  ( 17.17047753659499800, -23.89285944546705000, 250.0000000000000000 ) ) ;
#8697 = VECTOR ( 'NONE', #2094, 1000.000000000000000 ) ;
#8698 = EDGE_CURVE ( 'NONE', #9635, #9924, #1776, .T. ) ;
#8699 = CIRCLE ( 'NONE', #6415, 0.7999999999999951600 ) ;
#8700 = CARTESIAN_POINT ( 'NONE',  ( 24.89674731952995400, -29.99036512018231400, 250.0000000000000000 ) ) ;
#8701 = VECTOR ( 'NONE', #127, 1000.000000000000000 ) ;
#8702 = CARTESIAN_POINT ( 'NONE',  ( 16.10963486571920800, -17.15999998590069400, 0.0000000000000000000 ) ) ;
#8703 = AXIS2_PLACEMENT_3D ( 'NONE', #4198, #1507, #5036 ) ;
#8704 = CARTESIAN_POINT ( 'NONE',  ( 34.51128660983683000, -28.19036512018228900, 0.0000000000000000000 ) ) ;
#8705 = ORIENTED_EDGE ( 'NONE', *, *, #9879, .F. ) ;
#8706 = PLANE ( 'NONE',  #9147 ) ;
#8707 = EDGE_LOOP ( 'NONE', ( #8763, #2582, #7487, #1194 ) ) ;
#8708 = VERTEX_POINT ( 'NONE', #10523 ) ;
#8709 = LINE ( 'NONE', #981, #4418 ) ;
#8710 = AXIS2_PLACEMENT_3D ( 'NONE', #6729, #9569, #430 ) ;
#8711 = CARTESIAN_POINT ( 'NONE',  ( 49.99999999999418800, 8.505591811452930500, 0.0000000000000000000 ) ) ;
#8712 = VECTOR ( 'NONE', #10265, 1000.000000000000000 ) ;
#8713 = VECTOR ( 'NONE', #3243, 1000.000000000000000 ) ;
#8714 = EDGE_CURVE ( 'NONE', #1497, #7550, #8191, .T. ) ;
#8715 = CARTESIAN_POINT ( 'NONE',  ( 3.899999999999906200, 2.836663079479063000, 250.0000000000000000 ) ) ;
#8716 = CARTESIAN_POINT ( 'NONE',  ( 49.99999999999418800, -4.904230295371559300, 0.0000000000000000000 ) ) ;
#8717 = DIRECTION ( 'NONE',  ( 1.000000000000000000, 0.0000000000000000000, 0.0000000000000000000 ) ) ;
#8718 = ORIENTED_EDGE ( 'NONE', *, *, #10840, .F. ) ;
#8719 = ORIENTED_EDGE ( 'NONE', *, *, #9184, .T. ) ;
#8720 = VERTEX_POINT ( 'NONE', #1463 ) ;
#8721 = CARTESIAN_POINT ( 'NONE',  ( 69.99999999998701100, 4.899745738432866200, 0.0000000000000000000 ) ) ;
#8722 = VERTEX_POINT ( 'NONE', #5925 ) ;
#8723 = EDGE_CURVE ( 'NONE', #2454, #10268, #3757, .T. ) ;
#8724 = DIRECTION ( 'NONE',  ( -0.7508172436694708900, -0.6605100049269340100, 0.0000000000000000000 ) ) ;
#8725 = EDGE_CURVE ( 'NONE', #9782, #10259, #360, .T. ) ;
#8726 = DIRECTION ( 'NONE',  ( 1.000000000000000000, 0.0000000000000000000, 0.0000000000000000000 ) ) ;
#8727 = CARTESIAN_POINT ( 'NONE',  ( 56.09999999999428200, 0.09834826997499368500, 250.0000000000000000 ) ) ;
#8728 = LINE ( 'NONE', #9222, #2722 ) ;
#8730 = ADVANCED_FACE ( 'NONE', ( #9762 ), #2206, .F. ) ;
#8729 = LINE ( 'NONE', #4316, #6279 ) ;
#8731 = PLANE ( 'NONE',  #9380 ) ;
#8732 = ORIENTED_EDGE ( 'NONE', *, *, #3605, .F. ) ;
#8733 = CARTESIAN_POINT ( 'NONE',  ( 68.19999999999419100, -12.68988765921544000, 250.0000000000000000 ) ) ;
#8734 = DIRECTION ( 'NONE',  ( 0.7071067811865474600, -0.7071067811865474600, -0.0000000000000000000 ) ) ;
#8735 = DIRECTION ( 'NONE',  ( 0.0000000000000000000, 1.000000000000000000, 0.0000000000000000000 ) ) ;
#8736 = ORIENTED_EDGE ( 'NONE', *, *, #1985, .F. ) ;
#8737 = EDGE_LOOP ( 'NONE', ( #10783, #3776, #4456, #8017 ) ) ;
#8738 = ORIENTED_EDGE ( 'NONE', *, *, #11194, .F. ) ;
#8739 = VERTEX_POINT ( 'NONE', #9618 ) ;
#8740 = VERTEX_POINT ( 'NONE', #3118 ) ;
#8741 = ORIENTED_EDGE ( 'NONE', *, *, #1861, .T. ) ;
#8742 = CARTESIAN_POINT ( 'NONE',  ( 8.200000000000006400, -2.882859445469489600, 0.0000000000000000000 ) ) ;
#8743 = FACE_OUTER_BOUND ( 'NONE', #5760, .T. ) ;
#8744 = LINE ( 'NONE', #1492, #3452 ) ;
#8745 = DIRECTION ( 'NONE',  ( 0.0000000000000000000, 1.000000000000000000, 0.0000000000000000000 ) ) ;
#8746 = EDGE_CURVE ( 'NONE', #9755, #6446, #2193, .T. ) ;
#8747 = EDGE_CURVE ( 'NONE', #9735, #316, #9607, .T. ) ;
#8748 = CARTESIAN_POINT ( 'NONE',  ( 23.90963486571957100, -22.82073024036479200, 250.0000000000000000 ) ) ;
#8749 = ORIENTED_EDGE ( 'NONE', *, *, #2274, .F. ) ;
#8750 = ORIENTED_EDGE ( 'NONE', *, *, #197, .F. ) ;
#8751 = ORIENTED_EDGE ( 'NONE', *, *, #9976, .F. ) ;
#8752 = ORIENTED_EDGE ( 'NONE', *, *, #10064, .F. ) ;
#8753 = VERTEX_POINT ( 'NONE', #2359 ) ;
#8754 = ORIENTED_EDGE ( 'NONE', *, *, #1547, .F. ) ;
#8755 = AXIS2_PLACEMENT_3D ( 'NONE', #2936, #4654, #3777 ) ;
#8756 = DIRECTION ( 'NONE',  ( -0.7071067811865475700, 0.7071067811865475700, 0.0000000000000000000 ) ) ;
#8757 = DIRECTION ( 'NONE',  ( -0.6659235971565388200, -0.7460199479572216000, 0.0000000000000000000 ) ) ;
#8758 = CARTESIAN_POINT ( 'NONE',  ( -3.900000000000003900, -22.83451117550332300, 0.0000000000000000000 ) ) ;
#8759 = DIRECTION ( 'NONE',  ( 0.7071067811865734400, 0.7071067811865217000, 0.0000000000000000000 ) ) ;
#8760 = ORIENTED_EDGE ( 'NONE', *, *, #4385, .T. ) ;
#8761 = VECTOR ( 'NONE', #3930, 1000.000000000000000 ) ;
#8762 = LINE ( 'NONE', #3068, #4745 ) ;
#8763 = ORIENTED_EDGE ( 'NONE', *, *, #4297, .T. ) ;
#8764 = ORIENTED_EDGE ( 'NONE', *, *, #420, .F. ) ;
#8765 = ORIENTED_EDGE ( 'NONE', *, *, #11163, .T. ) ;
#8766 = ADVANCED_FACE ( 'NONE', ( #1093 ), #8919, .F. ) ;
#8767 = EDGE_CURVE ( 'NONE', #10292, #10285, #8054, .T. ) ;
#8768 = EDGE_CURVE ( 'NONE', #10411, #6146, #4619, .T. ) ;
#8769 = DIRECTION ( 'NONE',  ( -1.000000000000000000, 0.0000000000000000000, 0.0000000000000000000 ) ) ;
#8770 = ORIENTED_EDGE ( 'NONE', *, *, #1676, .T. ) ;
#8771 = CARTESIAN_POINT ( 'NONE',  ( 35.65563491860065400, -10.22467969523303600, 0.0000000000000000000 ) ) ;
#8772 = CARTESIAN_POINT ( 'NONE',  ( -4.899916949086816400, 10.00963487981757000, 250.0000000000000000 ) ) ;
#8773 = LINE ( 'NONE', #6755, #2179 ) ;
#8774 = VECTOR ( 'NONE', #11387, 1000.000000000000100 ) ;
#8775 = DIRECTION ( 'NONE',  ( 0.0000000000000000000, 0.0000000000000000000, 1.000000000000000000 ) ) ;
#8776 = CARTESIAN_POINT ( 'NONE',  ( -3.899999999985570600, 0.09834826997499368500, 250.0000000000000000 ) ) ;
#8777 = VERTEX_POINT ( 'NONE', #9751 ) ;
#8778 = CARTESIAN_POINT ( 'NONE',  ( 19.90956179095059000, -16.08952446469493200, 250.0000000000000000 ) ) ;
#8779 = ORIENTED_EDGE ( 'NONE', *, *, #4671, .T. ) ;
#8780 = VECTOR ( 'NONE', #3134, 1000.000000000000000 ) ;
#8781 = EDGE_CURVE ( 'NONE', #11542, #475, #5618, .T. ) ;
#8782 = CARTESIAN_POINT ( 'NONE',  ( -8.200000000000002800, -5.496196365999258800, 250.0000000000000000 ) ) ;
#8783 = EDGE_CURVE ( 'NONE', #11645, #11453, #3198, .T. ) ;
#8784 = LINE ( 'NONE', #10216, #9336 ) ;
#8785 = VECTOR ( 'NONE', #9296, 1000.000000000000000 ) ;
#8786 = DIRECTION ( 'NONE',  ( -1.000000000000000000, 0.0000000000000000000, 0.0000000000000000000 ) ) ;
#8787 = DIRECTION ( 'NONE',  ( -0.0000000000000000000, -0.0000000000000000000, -1.000000000000000000 ) ) ;
#8789 = ORIENTED_EDGE ( 'NONE', *, *, #3297, .F. ) ;
#8788 = DIRECTION ( 'NONE',  ( 0.7071067811865254800, 0.7071067811865694400, 0.0000000000000000000 ) ) ;
#8790 = EDGE_LOOP ( 'NONE', ( #10863, #4616, #4379, #1065 ) ) ;
#8791 = LINE ( 'NONE', #3511, #2350 ) ;
#8792 = DIRECTION ( 'NONE',  ( -0.0000000000000000000, 1.000000000000000000, -0.0000000000000000000 ) ) ;
#8793 = AXIS2_PLACEMENT_3D ( 'NONE', #3245, #2355, #1423 ) ;
#8794 = FACE_OUTER_BOUND ( 'NONE', #11287, .T. ) ;
#8795 = CARTESIAN_POINT ( 'NONE',  ( 12.69999998590117400, -26.24036512018223300, 0.0000000000000000000 ) ) ;
#8796 = CARTESIAN_POINT ( 'NONE',  ( 49.99999999999419500, 4.899745738432866200, 0.0000000000000000000 ) ) ;
#8797 = EDGE_CURVE ( 'NONE', #8883, #3161, #7181, .T. ) ;
#8798 = CARTESIAN_POINT ( 'NONE',  ( 69.99999999999418800, -28.49036512018231400, 250.0000000000000000 ) ) ;
#8799 = CARTESIAN_POINT ( 'NONE',  ( 37.15175855260161300, -16.08952446469493200, 250.0000000000000000 ) ) ;
#8800 = ORIENTED_EDGE ( 'NONE', *, *, #1038, .T. ) ;
#8801 = CARTESIAN_POINT ( 'NONE',  ( -2.835002123228811000, -3.901602146817069200, 250.0000000000000000 ) ) ;
#8802 = ORIENTED_EDGE ( 'NONE', *, *, #11722, .T. ) ;
#8803 = ORIENTED_EDGE ( 'NONE', *, *, #9093, .T. ) ;
#8804 = VECTOR ( 'NONE', #7990, 1000.000000000000000 ) ;
#8805 = EDGE_CURVE ( 'NONE', #1044, #1802, #10171, .T. ) ;
#8806 = VECTOR ( 'NONE', #4673, 1000.000000000000000 ) ;
#8807 = CARTESIAN_POINT ( 'NONE',  ( 35.66893810541392200, -29.75605054513136600, 250.0000000000000000 ) ) ;
#8808 = EDGE_CURVE ( 'NONE', #1728, #11568, #7763, .T. ) ;
#8809 = CARTESIAN_POINT ( 'NONE',  ( 39.88915761646221400, -23.89285944546705000, 0.0000000000000000000 ) ) ;
#8810 = DIRECTION ( 'NONE',  ( 1.583750953283362000E-016, -1.000000000000000000, 0.0000000000000000000 ) ) ;
#8811 = DIRECTION ( 'NONE',  ( -0.0000000000000000000, -0.0000000000000000000, -1.000000000000000000 ) ) ;
#8812 = DIRECTION ( 'NONE',  ( 0.7072143353590436600, 0.7069992106520813800, 0.0000000000000000000 ) ) ;
#8813 = ORIENTED_EDGE ( 'NONE', *, *, #5930, .T. ) ;
#8814 = LINE ( 'NONE', #10847, #2940 ) ;
#8815 = CARTESIAN_POINT ( 'NONE',  ( 32.68073025445671200, -28.19036512018301400, 250.0000000000000000 ) ) ;
#8816 = LINE ( 'NONE', #3952, #2788 ) ;
#8817 = DIRECTION ( 'NONE',  ( -1.000000000000000000, 0.0000000000000000000, 0.0000000000000000000 ) ) ;
#8818 = PLANE ( 'NONE',  #2752 ) ;
#8819 = EDGE_CURVE ( 'NONE', #3599, #8637, #2329, .T. ) ;
#8820 = EDGE_CURVE ( 'NONE', #2465, #4843, #2048, .T. ) ;
#8821 = CARTESIAN_POINT ( 'NONE',  ( -8.200000000000002800, 2.882517024154526400, 0.0000000000000000000 ) ) ;
#8822 = ORIENTED_EDGE ( 'NONE', *, *, #5518, .T. ) ;
#8823 = CARTESIAN_POINT ( 'NONE',  ( 63.89999999999420100, -19.90664038059719200, 250.0000000000000000 ) ) ;
#8824 = VECTOR ( 'NONE', #10665, 1000.000000000000000 ) ;
#8825 = ADVANCED_FACE ( 'NONE', ( #2757 ), #5954, .F. ) ;
#8826 = AXIS2_PLACEMENT_3D ( 'NONE', #7363, #11112, #124 ) ;
#8827 = VECTOR ( 'NONE', #5507, 1000.000000000000100 ) ;
#8828 = VECTOR ( 'NONE', #11517, 1000.000000000000000 ) ;
#8829 = DIRECTION ( 'NONE',  ( -0.0000000000000000000, -0.0000000000000000000, -1.000000000000000000 ) ) ;
#8830 = CARTESIAN_POINT ( 'NONE',  ( 37.15084280695820200, -23.89285944546705000, 0.0000000000000000000 ) ) ;
#8831 = DIRECTION ( 'NONE',  ( -0.0000000000000000000, -0.0000000000000000000, -1.000000000000000000 ) ) ;
#8832 = CARTESIAN_POINT ( 'NONE',  ( 53.42999999998703200, 8.207983149782574400, 250.0000000000000000 ) ) ;
#8833 = VECTOR ( 'NONE', #961, 1000.000000000000000 ) ;
#8834 = CARTESIAN_POINT ( 'NONE',  ( 51.68999999999778100, 2.882517024154526400, 250.0000000000000000 ) ) ;
#8835 = EDGE_CURVE ( 'NONE', #8185, #4752, #2620, .T. ) ;
#8836 = EDGE_CURVE ( 'NONE', #10994, #3587, #80, .T. ) ;
#8837 = CARTESIAN_POINT ( 'NONE',  ( -2.099999999999997900, 0.009634879817567443300, 250.0000000000000000 ) ) ;
#8838 = DIRECTION ( 'NONE',  ( 0.7071067811865479100, -0.7071067811865472400, -0.0000000000000000000 ) ) ;
#8839 = LINE ( 'NONE', #6281, #4255 ) ;
#8840 = LINE ( 'NONE', #5412, #995 ) ;
#8841 = DIRECTION ( 'NONE',  ( 1.000000000000000000, 0.0000000000000000000, -0.0000000000000000000 ) ) ;
#8842 = EDGE_CURVE ( 'NONE', #3798, #1714, #11351, .T. ) ;
#8843 = VERTEX_POINT ( 'NONE', #5078 ) ;
#8844 = ORIENTED_EDGE ( 'NONE', *, *, #10525, .F. ) ;
#8845 = VERTEX_POINT ( 'NONE', #9612 ) ;
#8846 = DIRECTION ( 'NONE',  ( -0.0000000000000000000, -0.0000000000000000000, -1.000000000000000000 ) ) ;
#8847 = CARTESIAN_POINT ( 'NONE',  ( 53.42999999998703200, 8.207983149782574400, 0.0000000000000000000 ) ) ;
#8848 = LINE ( 'NONE', #6371, #1004 ) ;
#8849 = DIRECTION ( 'NONE',  ( -0.7071067811865474600, 0.7071067811865474600, -0.0000000000000000000 ) ) ;
#8850 = CARTESIAN_POINT ( 'NONE',  ( 66.55999999999414700, -25.49370204071641800, 250.0000000000000000 ) ) ;
#8851 = LINE ( 'NONE', #5137, #10090 ) ;
#8852 = CARTESIAN_POINT ( 'NONE',  ( 59.91128660982330700, -23.89285944546705000, 250.0000000000000000 ) ) ;
#8853 = ADVANCED_FACE ( 'NONE', ( #8622 ), #11389, .F. ) ;
#8854 = CARTESIAN_POINT ( 'NONE',  ( 66.23812491094130900, -7.297745508358056900, 0.0000000000000000000 ) ) ;
#8855 = ORIENTED_EDGE ( 'NONE', *, *, #254, .T. ) ;
#8856 = VERTEX_POINT ( 'NONE', #5831 ) ;
#8857 = ORIENTED_EDGE ( 'NONE', *, *, #10550, .F. ) ;
#8858 = VECTOR ( 'NONE', #1183, 1000.000000000000000 ) ;
#8859 = CARTESIAN_POINT ( 'NONE',  ( -8.200000000000002800, 2.882517024154526400, 250.0000000000000000 ) ) ;
#8860 = DIRECTION ( 'NONE',  ( -0.0000000000000000000, -0.0000000000000000000, -1.000000000000000000 ) ) ;
#8861 = EDGE_LOOP ( 'NONE', ( #2031, #10429, #9586, #740 ) ) ;
#8862 = DIRECTION ( 'NONE',  ( -7.360691681704703100E-012, -1.000000000000000000, 0.0000000000000000000 ) ) ;
#8863 = LINE ( 'NONE', #4755, #163 ) ;
#8864 = CARTESIAN_POINT ( 'NONE',  ( 66.55999999999414700, -25.49370204071641800, 0.0000000000000000000 ) ) ;
#8865 = VECTOR ( 'NONE', #5237, 1000.000000000000000 ) ;
#8866 = ORIENTED_EDGE ( 'NONE', *, *, #10328, .F. ) ;
#8867 = ORIENTED_EDGE ( 'NONE', *, *, #6801, .T. ) ;
#8868 = VERTEX_POINT ( 'NONE', #9454 ) ;
#8869 = CARTESIAN_POINT ( 'NONE',  ( -8.200000000000002800, -7.297745508358056900, 250.0000000000000000 ) ) ;
#8870 = DIRECTION ( 'NONE',  ( 7.653841565949624300E-017, 1.000000000000000000, 0.0000000000000000000 ) ) ;
#8871 = PLANE ( 'NONE',  #11148 ) ;
#8872 = CARTESIAN_POINT ( 'NONE',  ( -9.209999999999993700, -24.89759383445705900, 0.0000000000000000000 ) ) ;
#8873 = LINE ( 'NONE', #8390, #34 ) ;
#8874 = LINE ( 'NONE', #9773, #6419 ) ;
#8875 = DIRECTION ( 'NONE',  ( -0.0000000000000000000, -0.0000000000000000000, -1.000000000000000000 ) ) ;
#8876 = CARTESIAN_POINT ( 'NONE',  ( -4.333990826768624200, -29.75897947731955600, 250.0000000000000000 ) ) ;
#8877 = EDGE_CURVE ( 'NONE', #5021, #318, #6745, .T. ) ;
#8878 = DIRECTION ( 'NONE',  ( -0.0000000000000000000, -0.0000000000000000000, -1.000000000000000000 ) ) ;
#8879 = AXIS2_PLACEMENT_3D ( 'NONE', #3523, #7361, #8081 ) ;
#8880 = ORIENTED_EDGE ( 'NONE', *, *, #590, .F. ) ;
#8881 = ORIENTED_EDGE ( 'NONE', *, *, #11505, .F. ) ;
#8882 = VERTEX_POINT ( 'NONE', #10488 ) ;
#8883 = VERTEX_POINT ( 'NONE', #10517 ) ;
#8884 = ADVANCED_FACE ( 'NONE', ( #510 ), #1905, .T. ) ;
#8885 = CARTESIAN_POINT ( 'NONE',  ( -8.200000000000002800, -7.297745508358056900, 250.0000000000000000 ) ) ;
#8886 = VECTOR ( 'NONE', #1003, 1000.000000000000000 ) ;
#8887 = VECTOR ( 'NONE', #5651, 1000.000000000000000 ) ;
#8888 = CARTESIAN_POINT ( 'NONE',  ( 51.50404306835882600, 8.505591811452930500, 250.0000000000000000 ) ) ;
#8889 = CARTESIAN_POINT ( 'NONE',  ( 12.69999998590117400, -26.24036512018223300, 250.0000000000000000 ) ) ;
#8890 = CARTESIAN_POINT ( 'NONE',  ( -8.309999999999998700, -22.88036512018231500, 250.0000000000000000 ) ) ;
#8891 = DIRECTION ( 'NONE',  ( -1.000000000000000000, 0.0000000000000000000, 0.0000000000000000000 ) ) ;
#8892 = ORIENTED_EDGE ( 'NONE', *, *, #6882, .T. ) ;
#8893 = EDGE_CURVE ( 'NONE', #10291, #3798, #3478, .T. ) ;
#8894 = ORIENTED_EDGE ( 'NONE', *, *, #6545, .F. ) ;
#8895 = ORIENTED_EDGE ( 'NONE', *, *, #11626, .F. ) ;
#8896 = ORIENTED_EDGE ( 'NONE', *, *, #2842, .T. ) ;
#8897 = VERTEX_POINT ( 'NONE', #7789 ) ;
#8898 = AXIS2_PLACEMENT_3D ( 'NONE', #4284, #608, #6110 ) ;
#8899 = LINE ( 'NONE', #4377, #3593 ) ;
#8900 = LINE ( 'NONE', #9555, #773 ) ;
#8901 = EDGE_LOOP ( 'NONE', ( #1320, #2295, #286, #5198 ) ) ;
#8902 = ORIENTED_EDGE ( 'NONE', *, *, #8595, .F. ) ;
#8903 = EDGE_LOOP ( 'NONE', ( #7536, #9404, #10595, #11412 ) ) ;
#8904 = ORIENTED_EDGE ( 'NONE', *, *, #11284, .F. ) ;
#8905 = ORIENTED_EDGE ( 'NONE', *, *, #8203, .F. ) ;
#8906 = EDGE_CURVE ( 'NONE', #7899, #908, #8326, .T. ) ;
#8907 = EDGE_CURVE ( 'NONE', #6146, #9151, #9896, .T. ) ;
#8908 = VECTOR ( 'NONE', #6053, 1000.000000000000000 ) ;
#8909 = LINE ( 'NONE', #6065, #6458 ) ;
#8910 = CARTESIAN_POINT ( 'NONE',  ( 2.840000000002357100, -16.08952252493459100, 250.0000000000000000 ) ) ;
#8911 = EDGE_LOOP ( 'NONE', ( #3775, #10836, #2727, #9577 ) ) ;
#8912 = ADVANCED_FACE ( 'NONE', ( #4759 ), #1304, .F. ) ;
#8913 = ORIENTED_EDGE ( 'NONE', *, *, #9723, .T. ) ;
#8914 = ORIENTED_EDGE ( 'NONE', *, *, #2696, .T. ) ;
#8915 = DIRECTION ( 'NONE',  ( 1.000000000000000000, -0.0000000000000000000, -0.0000000000000000000 ) ) ;
#8916 = ORIENTED_EDGE ( 'NONE', *, *, #8964, .F. ) ;
#8917 = FACE_OUTER_BOUND ( 'NONE', #11310, .T. ) ;
#8918 = DIRECTION ( 'NONE',  ( 0.7063805660550885900, -0.7078322512429711100, 0.0000000000000000000 ) ) ;
#8919 = CYLINDRICAL_SURFACE ( 'NONE', #6242, 2.099999999999997900 ) ;
#8920 = LINE ( 'NONE', #4932, #1512 ) ;
#8921 = ORIENTED_EDGE ( 'NONE', *, *, #7244, .F. ) ;
#8922 = DIRECTION ( 'NONE',  ( 1.000000000000000000, 1.057758217049745200E-015, 0.0000000000000000000 ) ) ;
#8923 = DIRECTION ( 'NONE',  ( -0.7071067811865474600, -0.7071067811865474600, 0.0000000000000000000 ) ) ;
#8924 = VERTEX_POINT ( 'NONE', #10361 ) ;
#8925 = CARTESIAN_POINT ( 'NONE',  ( 62.87537646962544400, -28.19036512018228900, 250.0000000000000000 ) ) ;
#8926 = VECTOR ( 'NONE', #2284, 1000.000000000000000 ) ;
#8927 = FACE_OUTER_BOUND ( 'NONE', #9341, .T. ) ;
#8928 = LINE ( 'NONE', #7208, #1777 ) ;
#8929 = DIRECTION ( 'NONE',  ( -1.000000000000000000, 0.0000000000000000000, 0.0000000000000000000 ) ) ;
#8930 = DIRECTION ( 'NONE',  ( 0.7071067811865465700, 0.7071067811865483500, 0.0000000000000000000 ) ) ;
#8931 = VERTEX_POINT ( 'NONE', #11306 ) ;
#8932 = DIRECTION ( 'NONE',  ( -0.0000000000000000000, -0.0000000000000000000, -1.000000000000000000 ) ) ;
#8933 = EDGE_CURVE ( 'NONE', #9894, #1013, #11760, .T. ) ;
#8934 = ORIENTED_EDGE ( 'NONE', *, *, #13, .T. ) ;
#8935 = VERTEX_POINT ( 'NONE', #6029 ) ;
#8936 = LINE ( 'NONE', #3720, #11513 ) ;
#8937 = CARTESIAN_POINT ( 'NONE',  ( 67.65999999999419900, -26.56036512018241400, 250.0000000000000000 ) ) ;
#8938 = FACE_OUTER_BOUND ( 'NONE', #9910, .T. ) ;
#8939 = ADVANCED_FACE ( 'NONE', ( #220 ), #596, .T. ) ;
#8940 = DIRECTION ( 'NONE',  ( -0.0000000000000000000, -0.0000000000000000000, -1.000000000000000000 ) ) ;
#8941 = ORIENTED_EDGE ( 'NONE', *, *, #5484, .T. ) ;
#8942 = ORIENTED_EDGE ( 'NONE', *, *, #6776, .T. ) ;
#8943 = DIRECTION ( 'NONE',  ( 0.0000000000000000000, 0.0000000000000000000, 1.000000000000000000 ) ) ;
#8944 = DIRECTION ( 'NONE',  ( -1.000000000000000000, 0.0000000000000000000, 0.0000000000000000000 ) ) ;
#8945 = LINE ( 'NONE', #4376, #3941 ) ;
#8946 = EDGE_CURVE ( 'NONE', #8693, #4720, #6883, .T. ) ;
#8947 = CARTESIAN_POINT ( 'NONE',  ( -6.559999999999973000, -14.50165173002494800, 250.0000000000000000 ) ) ;
#8948 = DIRECTION ( 'NONE',  ( 0.7073987682501932100, 0.7068146735022621300, 0.0000000000000000000 ) ) ;
#8949 = EDGE_CURVE ( 'NONE', #4876, #8016, #7916, .T. ) ;
#8950 = CARTESIAN_POINT ( 'NONE',  ( 9.209999999999999100, 4.899745738432866200, 250.0000000000000000 ) ) ;
#8951 = VECTOR ( 'NONE', #10468, 1000.000000000000100 ) ;
#8952 = PLANE ( 'NONE',  #2332 ) ;
#8953 = EDGE_CURVE ( 'NONE', #505, #11639, #9321, .T. ) ;
#8954 = FACE_BOUND ( 'NONE', #3287, .T. ) ;
#8955 = DIRECTION ( 'NONE',  ( -0.0000000000000000000, -0.0000000000000000000, -1.000000000000000000 ) ) ;
#8956 = PRODUCT_DEFINITION ( 'UNKNOWN', '', #1406, #4530 ) ;
#8957 = DIRECTION ( 'NONE',  ( -0.0000000000000000000, 0.0000000000000000000, -1.000000000000000000 ) ) ;
#8958 = CARTESIAN_POINT ( 'NONE',  ( -6.559999999985606700, -5.496196365999260500, 250.0000000000000000 ) ) ;
#8959 = VECTOR ( 'NONE', #2500, 1000.000000000000000 ) ;
#8960 = ADVANCED_FACE ( 'NONE', ( #4915 ), #6066, .F. ) ;
#8961 = LINE ( 'NONE', #466, #5529 ) ;
#8962 = LINE ( 'NONE', #7130, #8827 ) ;
#8963 = CARTESIAN_POINT ( 'NONE',  ( -2.882688234812006200, 8.207983149782574400, 0.0000000000000000000 ) ) ;
#8964 = EDGE_CURVE ( 'NONE', #6593, #9590, #9466, .T. ) ;
#8965 = EDGE_CURVE ( 'NONE', #809, #2768, #666, .T. ) ;
#8966 = VECTOR ( 'NONE', #9938, 1000.000000000000000 ) ;
#8967 = PLANE ( 'NONE',  #8453 ) ;
#8968 = AXIS2_PLACEMENT_3D ( 'NONE', #1096, #1961, #10215 ) ;
#8969 = VERTEX_POINT ( 'NONE', #5197 ) ;
#8970 = LINE ( 'NONE', #4665, #10952 ) ;
#8971 = FACE_OUTER_BOUND ( 'NONE', #8225, .T. ) ;
#8972 = LINE ( 'NONE', #5811, #9529 ) ;
#8973 = CARTESIAN_POINT ( 'NONE',  ( 22.84915719303598500, -23.89285944546705000, 250.0000000000000000 ) ) ;
#8974 = EDGE_CURVE ( 'NONE', #201, #3422, #5485, .T. ) ;
#8975 = EDGE_CURVE ( 'NONE', #7437, #7929, #10599, .T. ) ;
#8976 = CARTESIAN_POINT ( 'NONE',  ( 27.31926974553754000, -26.23036512018296300, 250.0000000000000000 ) ) ;
#8977 = DIRECTION ( 'NONE',  ( -0.7071067811865217000, 0.7071067811865734400, 0.0000000000000000000 ) ) ;
#8978 = VERTEX_POINT ( 'NONE', #6097 ) ;
#8979 = CARTESIAN_POINT ( 'NONE',  ( -2.840365134288008500, -16.08952252493459100, 250.0000000000000000 ) ) ;
#8980 = ORIENTED_EDGE ( 'NONE', *, *, #2646, .F. ) ;
#8981 = EDGE_LOOP ( 'NONE', ( #2572, #1344, #8844, #10853, #9441 ) ) ;
#8982 = LINE ( 'NONE', #11238, #5842 ) ;
#8983 = CARTESIAN_POINT ( 'NONE',  ( 51.50404306835882600, 10.00963487981756800, 250.0000000000000000 ) ) ;
#8984 = LINE ( 'NONE', #2452, #734 ) ;
#8985 = LINE ( 'NONE', #9365, #10394 ) ;
#8986 = ADVANCED_FACE ( 'NONE', ( #8316 ), #9651, .F. ) ;
#8987 = DIRECTION ( 'NONE',  ( -1.000000000000000000, 0.0000000000000000000, 0.0000000000000000000 ) ) ;
#8988 = ORIENTED_EDGE ( 'NONE', *, *, #5765, .F. ) ;
#8989 = DIRECTION ( 'NONE',  ( -1.000000000000000000, -1.057758217049728800E-015, 0.0000000000000000000 ) ) ;
#8990 = ORIENTED_EDGE ( 'NONE', *, *, #11338, .F. ) ;
#8991 = ORIENTED_EDGE ( 'NONE', *, *, #5963, .F. ) ;
#8992 = VECTOR ( 'NONE', #2848, 1000.000000000000000 ) ;
#8993 = EDGE_CURVE ( 'NONE', #1537, #7290, #1636, .T. ) ;
#8994 = VECTOR ( 'NONE', #1036, 1000.000000000000000 ) ;
#8995 = DIRECTION ( 'NONE',  ( 0.0000000000000000000, -0.0000000000000000000, -1.000000000000000000 ) ) ;
#8996 = FACE_OUTER_BOUND ( 'NONE', #6682, .T. ) ;
#8997 = PLANE ( 'NONE',  #2684 ) ;
#8998 = ADVANCED_FACE ( 'NONE', ( #6320 ), #2181, .F. ) ;
#8999 = DIRECTION ( 'NONE',  ( -0.7072143353590416600, -0.7069992106520833800, -0.0000000000000000000 ) ) ;
#9000 = VERTEX_POINT ( 'NONE', #10421 ) ;
#9001 = ORIENTED_EDGE ( 'NONE', *, *, #11565, .F. ) ;
#9002 = ORIENTED_EDGE ( 'NONE', *, *, #4724, .T. ) ;
#9003 = ORIENTED_EDGE ( 'NONE', *, *, #8652, .F. ) ;
#9004 = LINE ( 'NONE', #10941, #2852 ) ;
#9005 = LINE ( 'NONE', #8890, #11147 ) ;
#9006 = EDGE_CURVE ( 'NONE', #1193, #4094, #4044, .T. ) ;
#9007 = DIRECTION ( 'NONE',  ( -0.0000000000000000000, -0.0000000000000000000, -1.000000000000000000 ) ) ;
#9008 = ORIENTED_EDGE ( 'NONE', *, *, #1022, .T. ) ;
#9009 = EDGE_LOOP ( 'NONE', ( #8308, #6536, #7335, #8770 ) ) ;
#9010 = VERTEX_POINT ( 'NONE', #2252 ) ;
#9011 = EDGE_LOOP ( 'NONE', ( #10133, #5746, #4028, #10465, #4565, #8258, #4699, #9486, #4002, #8604, #5019, #3774 ) ) ;
#9012 = ORIENTED_EDGE ( 'NONE', *, *, #1396, .F. ) ;
#9013 = EDGE_LOOP ( 'NONE', ( #8705, #10132, #10866, #1748 ) ) ;
#9014 = CARTESIAN_POINT ( 'NONE',  ( 50.73036512016554400, -11.79869069127881800, 250.0000000000000000 ) ) ;
#9015 = EDGE_CURVE ( 'NONE', #9730, #3476, #1352, .T. ) ;
#9016 = CARTESIAN_POINT ( 'NONE',  ( 45.49003367241985500, -11.78952446469386800, 250.0000000000000000 ) ) ;
#9017 = VERTEX_POINT ( 'NONE', #413 ) ;
#9018 = ADVANCED_FACE ( 'NONE', ( #9172 ), #5902, .F. ) ;
#9019 = CARTESIAN_POINT ( 'NONE',  ( 8.309999999996406900, -2.882859445469489600, 0.0000000000000000000 ) ) ;
#9020 = EDGE_CURVE ( 'NONE', #3408, #2506, #8468, .T. ) ;
#9021 = CARTESIAN_POINT ( 'NONE',  ( 43.89036513427498000, -17.15999998590069400, 250.0000000000000000 ) ) ;
#9022 = VECTOR ( 'NONE', #6226, 1000.000000000000000 ) ;
#9023 = LINE ( 'NONE', #10919, #6570 ) ;
#9024 = AXIS2_PLACEMENT_3D ( 'NONE', #2951, #6568, #75 ) ;
#9025 = CARTESIAN_POINT ( 'NONE',  ( 69.19999999999417600, -4.904230295371562000, 250.0000000000000000 ) ) ;
#9026 = ORIENTED_EDGE ( 'NONE', *, *, #10846, .F. ) ;
#9027 = ORIENTED_EDGE ( 'NONE', *, *, #7571, .F. ) ;
#9028 = ORIENTED_EDGE ( 'NONE', *, *, #2967, .F. ) ;
#9029 = ORIENTED_EDGE ( 'NONE', *, *, #4608, .F. ) ;
#9030 = VERTEX_POINT ( 'NONE', #8650 ) ;
#9031 = ORIENTED_EDGE ( 'NONE', *, *, #1381, .T. ) ;
#9032 = CARTESIAN_POINT ( 'NONE',  ( 68.19999999999419100, -26.56036512018241400, 0.0000000000000000000 ) ) ;
#9033 = ORIENTED_EDGE ( 'NONE', *, *, #3670, .T. ) ;
#9034 = ORIENTED_EDGE ( 'NONE', *, *, #7604, .T. ) ;
#9035 = FACE_OUTER_BOUND ( 'NONE', #11702, .T. ) ;
#9036 = VECTOR ( 'NONE', #5571, 1000.000000000000000 ) ;
#9037 = CARTESIAN_POINT ( 'NONE',  ( 3.899999999999906200, 2.836663079479063000, 250.0000000000000000 ) ) ;
#9038 = EDGE_CURVE ( 'NONE', #7148, #10961, #7020, .T. ) ;
#9039 = EDGE_CURVE ( 'NONE', #7279, #4327, #3744, .T. ) ;
#9040 = DIRECTION ( 'NONE',  ( 0.7071067811865465700, 0.7071067811865483500, 0.0000000000000000000 ) ) ;
#9041 = DIRECTION ( 'NONE',  ( -1.057758217049744000E-015, -1.000000000000000000, 0.0000000000000000000 ) ) ;
#9042 = VERTEX_POINT ( 'NONE', #8612 ) ;
#9043 = ORIENTED_EDGE ( 'NONE', *, *, #2128, .F. ) ;
#9044 = ORIENTED_EDGE ( 'NONE', *, *, #6194, .F. ) ;
#9045 = AXIS2_PLACEMENT_3D ( 'NONE', #549, #2304, #11415 ) ;
#9046 = ORIENTED_EDGE ( 'NONE', *, *, #3059, .T. ) ;
#9047 = DIRECTION ( 'NONE',  ( -0.0000000000000000000, -1.000000000000000000, -0.0000000000000000000 ) ) ;
#9048 = CARTESIAN_POINT ( 'NONE',  ( 68.30999999999419000, -22.88036512018231500, 250.0000000000000000 ) ) ;
#9049 = LINE ( 'NONE', #10753, #6594 ) ;
#9050 = FACE_OUTER_BOUND ( 'NONE', #5853, .T. ) ;
#9051 = DIRECTION ( 'NONE',  ( -3.179095945533918700E-016, -1.000000000000000000, 0.0000000000000000000 ) ) ;
#9052 = ADVANCED_FACE ( 'NONE', ( #7606 ), #4903, .F. ) ;
#9053 = ORIENTED_EDGE ( 'NONE', *, *, #4205, .T. ) ;
#9054 = CARTESIAN_POINT ( 'NONE',  ( 8.200000000014338000, -7.297745508358056900, 0.0000000000000000000 ) ) ;
#9055 = EDGE_CURVE ( 'NONE', #6205, #3586, #4901, .T. ) ;
#9056 = EDGE_CURVE ( 'NONE', #7781, #3040, #4609, .T. ) ;
#9057 = ORIENTED_EDGE ( 'NONE', *, *, #6480, .F. ) ;
#9058 = LINE ( 'NONE', #548, #6603 ) ;
#9059 = LINE ( 'NONE', #3637, #6196 ) ;
#9060 = FACE_OUTER_BOUND ( 'NONE', #11653, .T. ) ;
#9061 = CARTESIAN_POINT ( 'NONE',  ( 42.87669675189366100, -11.78952446469386800, 250.0000000000000000 ) ) ;
#9062 = DIRECTION ( 'NONE',  ( 0.7071067811865391400, 0.7071067811865560100, -0.0000000000000000000 ) ) ;
#9063 = DIRECTION ( 'NONE',  ( 1.000000000000000000, 0.0000000000000000000, 0.0000000000000000000 ) ) ;
#9064 = ORIENTED_EDGE ( 'NONE', *, *, #1971, .T. ) ;
#9065 = ADVANCED_FACE ( 'NONE', ( #6043 ), #9397, .F. ) ;
#9066 = DIRECTION ( 'NONE',  ( -0.0000000000000000000, -0.0000000000000000000, -1.000000000000000000 ) ) ;
#9067 = ORIENTED_EDGE ( 'NONE', *, *, #6098, .T. ) ;
#9068 = LINE ( 'NONE', #6519, #6062 ) ;
#9069 = VECTOR ( 'NONE', #1801, 1000.000000000000000 ) ;
#9070 = DIRECTION ( 'NONE',  ( -0.0000000000000000000, -0.0000000000000000000, -1.000000000000000000 ) ) ;
#9071 = AXIS2_PLACEMENT_3D ( 'NONE', #6160, #4293, #11595 ) ;
#9072 = PRODUCT_RELATED_PRODUCT_CATEGORY ( 'detail', '', ( #10428 ) ) ;
#9073 = CARTESIAN_POINT ( 'NONE',  ( 3.900000000014340000, -17.16832557109312100, 250.0000000000000000 ) ) ;
#9074 = ORIENTED_EDGE ( 'NONE', *, *, #2364, .T. ) ;
#9075 = CARTESIAN_POINT ( 'NONE',  ( 45.49003367241985500, -11.78952446469386800, 250.0000000000000000 ) ) ;
#9076 = ORIENTED_EDGE ( 'NONE', *, *, #5360, .T. ) ;
#9077 = VERTEX_POINT ( 'NONE', #8489 ) ;
#9078 = ORIENTED_EDGE ( 'NONE', *, *, #5977, .T. ) ;
#9079 = DIRECTION ( 'NONE',  ( -0.7071067811865470200, 0.7071067811865480200, 0.0000000000000000000 ) ) ;
#9080 = LINE ( 'NONE', #7869, #3078 ) ;
#9081 = VECTOR ( 'NONE', #2538, 1000.000000000000000 ) ;
#9082 = DIRECTION ( 'NONE',  ( -0.0000000000000000000, -0.0000000000000000000, -1.000000000000000000 ) ) ;
#9083 = EDGE_CURVE ( 'NONE', #6119, #5652, #8773, .T. ) ;
#9084 = VERTEX_POINT ( 'NONE', #2135 ) ;
#9085 = DIRECTION ( 'NONE',  ( -0.0000000000000000000, -0.0000000000000000000, -1.000000000000000000 ) ) ;
#9086 = VECTOR ( 'NONE', #7053, 1000.000000000000000 ) ;
#9087 = FACE_BOUND ( 'NONE', #3803, .T. ) ;
#9088 = AXIS2_PLACEMENT_3D ( 'NONE', #2887, #2059, #9356 ) ;
#9089 = DIRECTION ( 'NONE',  ( -0.0000000000000000000, -0.0000000000000000000, -1.000000000000000000 ) ) ;
#9090 = CARTESIAN_POINT ( 'NONE',  ( 8.200000000000006400, 6.577983149782563800, 250.0000000000000000 ) ) ;
#9091 = PLANE ( 'NONE',  #154 ) ;
#9092 = FACE_OUTER_BOUND ( 'NONE', #10662, .T. ) ;
#9093 = EDGE_CURVE ( 'NONE', #6835, #7039, #8610, .T. ) ;
#9094 = DIRECTION ( 'NONE',  ( -0.0000000000000000000, -0.0000000000000000000, -1.000000000000000000 ) ) ;
#9095 = CARTESIAN_POINT ( 'NONE',  ( 3.900000000014340000, -17.16832557109312100, 0.0000000000000000000 ) ) ;
#9096 = CARTESIAN_POINT ( 'NONE',  ( 37.12462353036301000, -28.30036512018227100, 0.0000000000000000000 ) ) ;
#9097 = LINE ( 'NONE', #5593, #5395 ) ;
#9098 = CARTESIAN_POINT ( 'NONE',  ( 35.08994949365157400, -9.990365120182433500, 250.0000000000000000 ) ) ;
#9099 = CARTESIAN_POINT ( 'NONE',  ( 5.496025155352902500, 6.565966396540218000, 250.0000000000000000 ) ) ;
#9100 = FACE_OUTER_BOUND ( 'NONE', #4722, .T. ) ;
#9101 = EDGE_CURVE ( 'NONE', #170, #3559, #6730, .T. ) ;
#9102 = CARTESIAN_POINT ( 'NONE',  ( 52.69036512016204200, -26.24310889209111900, 0.0000000000000000000 ) ) ;
#9103 = VECTOR ( 'NONE', #4282, 1000.000000000000000 ) ;
#9104 = CARTESIAN_POINT ( 'NONE',  ( 65.49602515533275900, 8.207983149782574400, 250.0000000000000000 ) ) ;
#9105 = VECTOR ( 'NONE', #4347, 1000.000000000000000 ) ;
#9106 = CARTESIAN_POINT ( 'NONE',  ( -6.559999999985583600, 5.495853944692208300, 250.0000000000000000 ) ) ;
#9107 = LINE ( 'NONE', #11396, #7834 ) ;
#9108 = CARTESIAN_POINT ( 'NONE',  ( 51.79999999999418500, 8.207983149782574400, 0.0000000000000000000 ) ) ;
#9109 = CARTESIAN_POINT ( 'NONE',  ( 49.99999999999419500, 4.899745738432866200, 250.0000000000000000 ) ) ;
#9110 = ORIENTED_EDGE ( 'NONE', *, *, #6467, .T. ) ;
#9111 = ORIENTED_EDGE ( 'NONE', *, *, #565, .F. ) ;
#9112 = VECTOR ( 'NONE', #6148, 1000.000000000000000 ) ;
#9113 = ADVANCED_FACE ( 'NONE', ( #1079 ), #1327, .F. ) ;
#9114 = CARTESIAN_POINT ( 'NONE',  ( 66.55999999999416200, -14.50165173002494800, 0.0000000000000000000 ) ) ;
#9115 = EDGE_CURVE ( 'NONE', #8460, #6602, #4329, .T. ) ;
#9116 = EDGE_CURVE ( 'NONE', #9513, #7245, #10308, .T. ) ;
#9117 = PLANE ( 'NONE',  #7765 ) ;
#9118 = VECTOR ( 'NONE', #294, 1000.000000000000000 ) ;
#9119 = CARTESIAN_POINT ( 'NONE',  ( 35.65563491860065400, -10.22467969523303600, 250.0000000000000000 ) ) ;
#9120 = LINE ( 'NONE', #10754, #6665 ) ;
#9121 = VERTEX_POINT ( 'NONE', #4294 ) ;
#9122 = ORIENTED_EDGE ( 'NONE', *, *, #2460, .T. ) ;
#9123 = EDGE_LOOP ( 'NONE', ( #6272, #3724, #4554, #6969 ) ) ;
#9124 = LINE ( 'NONE', #9958, #161 ) ;
#9125 = ORIENTED_EDGE ( 'NONE', *, *, #6310, .F. ) ;
#9126 = LINE ( 'NONE', #11188, #11133 ) ;
#9127 = LINE ( 'NONE', #7862, #11282 ) ;
#9128 = DIRECTION ( 'NONE',  ( 0.7071067811865259200, -0.7071067811865691100, -0.0000000000000000000 ) ) ;
#9129 = ORIENTED_EDGE ( 'NONE', *, *, #8635, .F. ) ;
#9130 = VERTEX_POINT ( 'NONE', #1559 ) ;
#9131 = VERTEX_POINT ( 'NONE', #2376 ) ;
#9132 = CARTESIAN_POINT ( 'NONE',  ( 8.200000000000006400, 6.577983149782563800, 0.0000000000000000000 ) ) ;
#9133 = VECTOR ( 'NONE', #9148, 1000.000000000000000 ) ;
#9134 = LINE ( 'NONE', #7111, #2839 ) ;
#9135 = DIRECTION ( 'NONE',  ( 1.000000000000000000, 7.032947442170062000E-013, -0.0000000000000000000 ) ) ;
#9136 = CARTESIAN_POINT ( 'NONE',  ( 19.90956179095059000, -16.08952446469493200, 250.0000000000000000 ) ) ;
#9137 = CARTESIAN_POINT ( 'NONE',  ( -8.200000000000002800, -2.882859445469489600, 250.0000000000000000 ) ) ;
#9138 = EDGE_CURVE ( 'NONE', #9140, #6600, #654, .T. ) ;
#9139 = EDGE_LOOP ( 'NONE', ( #6550, #3048, #6021, #4188 ) ) ;
#9140 = VERTEX_POINT ( 'NONE', #9715 ) ;
#9141 = EDGE_LOOP ( 'NONE', ( #5161, #9692, #11463, #4061 ) ) ;
#9142 = VERTEX_POINT ( 'NONE', #8733 ) ;
#9143 = CARTESIAN_POINT ( 'NONE',  ( -4.899916949086816400, 9.219634879817565600, 250.0000000000000000 ) ) ;
#9144 = VECTOR ( 'NONE', #10978, 1000.000000000000000 ) ;
#9145 = CIRCLE ( 'NONE', #2652, 0.7900000000000060300 ) ;
#9146 = CARTESIAN_POINT ( 'NONE',  ( 68.19999999999419100, -2.882859445469489600, 0.0000000000000000000 ) ) ;
#9147 = AXIS2_PLACEMENT_3D ( 'NONE', #5114, #7217, #10547 ) ;
#9148 = DIRECTION ( 'NONE',  ( 1.000000000000000000, -0.0000000000000000000, -0.0000000000000000000 ) ) ;
#9149 = DIRECTION ( 'NONE',  ( -1.000000000000000000, 0.0000000000000000000, 0.0000000000000000000 ) ) ;
#9150 = VERTEX_POINT ( 'NONE', #1528 ) ;
#9151 = VERTEX_POINT ( 'NONE', #9596 ) ;
#9152 = ORIENTED_EDGE ( 'NONE', *, *, #8084, .T. ) ;
#9153 = ORIENTED_EDGE ( 'NONE', *, *, #5658, .F. ) ;
#9154 = ORIENTED_EDGE ( 'NONE', *, *, #3967, .T. ) ;
#9155 = CARTESIAN_POINT ( 'NONE',  ( -0.08871339015654969300, -23.89285944546705000, 0.0000000000000000000 ) ) ;
#9156 = EDGE_CURVE ( 'NONE', #1231, #2861, #9747, .T. ) ;
#9157 = CARTESIAN_POINT ( 'NONE',  ( 4.341302591949444800, 9.778249236954939900, 0.0000000000000000000 ) ) ;
#9158 = LINE ( 'NONE', #10225, #4885 ) ;
#9159 = LINE ( 'NONE', #6165, #4448 ) ;
#9160 = VERTEX_POINT ( 'NONE', #9675 ) ;
#9161 = EDGE_CURVE ( 'NONE', #10917, #343, #935, .T. ) ;
#9162 = PLANE ( 'NONE',  #5389 ) ;
#9163 = VERTEX_POINT ( 'NONE', #5941 ) ;
#9164 = ORIENTED_EDGE ( 'NONE', *, *, #5801, .F. ) ;
#9165 = ORIENTED_EDGE ( 'NONE', *, *, #5604, .F. ) ;
#9166 = DIRECTION ( 'NONE',  ( -1.000000000000000000, 0.0000000000000000000, 0.0000000000000000000 ) ) ;
#9167 = EDGE_CURVE ( 'NONE', #11629, #11558, #5756, .T. ) ;
#9168 = EDGE_LOOP ( 'NONE', ( #273, #6798, #10366, #238 ) ) ;
#9169 = DIRECTION ( 'NONE',  ( 0.0000000000000000000, 0.0000000000000000000, 1.000000000000000000 ) ) ;
#9170 = ADVANCED_FACE ( 'NONE', ( #1499 ), #5179, .F. ) ;
#9171 = DIRECTION ( 'NONE',  ( 1.000000000000000000, 0.0000000000000000000, -0.0000000000000000000 ) ) ;
#9172 = FACE_OUTER_BOUND ( 'NONE', #9139, .T. ) ;
#9173 = VECTOR ( 'NONE', #6926, 1000.000000000000000 ) ;
#9174 = ORIENTED_EDGE ( 'NONE', *, *, #1723, .T. ) ;
#9175 = ORIENTED_EDGE ( 'NONE', *, *, #3815, .T. ) ;
#9176 = ORIENTED_EDGE ( 'NONE', *, *, #438, .T. ) ;
#9177 = DIRECTION ( 'NONE',  ( -1.000000000000000000, 0.0000000000000000000, 0.0000000000000000000 ) ) ;
#9178 = EDGE_LOOP ( 'NONE', ( #3114, #11241, #5637, #5335 ) ) ;
#9179 = CARTESIAN_POINT ( 'NONE',  ( 66.55999999999416200, -14.50165173002494800, 250.0000000000000000 ) ) ;
#9180 = DIRECTION ( 'NONE',  ( -0.7069992106520841500, -0.7072143353590408800, 0.0000000000000000000 ) ) ;
#9181 = VECTOR ( 'NONE', #4373, 1000.000000000000000 ) ;
#9182 = DIRECTION ( 'NONE',  ( 0.0000000000000000000, 0.0000000000000000000, 1.000000000000000000 ) ) ;
#9183 = EDGE_CURVE ( 'NONE', #7818, #9574, #10450, .T. ) ;
#9184 = EDGE_CURVE ( 'NONE', #5806, #8590, #10027, .T. ) ;
#9185 = VECTOR ( 'NONE', #8875, 1000.000000000000000 ) ;
#9186 = LINE ( 'NONE', #1515, #5914 ) ;
#9187 = CARTESIAN_POINT ( 'NONE',  ( 59.89332615890590000, 3.907140554540114300, 250.0000000000000000 ) ) ;
#9188 = CARTESIAN_POINT ( 'NONE',  ( 15.65431457505122000, -29.75605054513145500, 250.0000000000000000 ) ) ;
#9189 = CARTESIAN_POINT ( 'NONE',  ( 55.10008305090737200, 10.00963487981756800, 250.0000000000000000 ) ) ;
#9190 = AXIS2_PLACEMENT_3D ( 'NONE', #8409, #6517, #6408 ) ;
#9191 = VERTEX_POINT ( 'NONE', #8859 ) ;
#9192 = DIRECTION ( 'NONE',  ( 0.0000000000000000000, -1.000000000000000000, 0.0000000000000000000 ) ) ;
#9193 = CARTESIAN_POINT ( 'NONE',  ( -8.200000000000002800, -12.68988765921544000, 0.0000000000000000000 ) ) ;
#9194 = VERTEX_POINT ( 'NONE', #6825 ) ;
#9195 = LINE ( 'NONE', #3906, #1509 ) ;
#9196 = VECTOR ( 'NONE', #3797, 1000.000000000000000 ) ;
#9197 = VECTOR ( 'NONE', #10250, 1000.000000000000000 ) ;
#9198 = DIRECTION ( 'NONE',  ( 0.7071067811865470200, 0.7071067811865479100, 0.0000000000000000000 ) ) ;
#9199 = EDGE_CURVE ( 'NONE', #4244, #2134, #4031, .T. ) ;
#9200 = EDGE_CURVE ( 'NONE', #340, #11439, #11030, .T. ) ;
#9201 = ORIENTED_EDGE ( 'NONE', *, *, #2099, .F. ) ;
#9202 = ORIENTED_EDGE ( 'NONE', *, *, #6270, .F. ) ;
#9203 = ORIENTED_EDGE ( 'NONE', *, *, #11090, .F. ) ;
#9204 = FACE_OUTER_BOUND ( 'NONE', #3432, .T. ) ;
#9205 = CARTESIAN_POINT ( 'NONE',  ( -6.559999999999963200, -25.49370204071641800, 250.0000000000000000 ) ) ;
#9206 = DIRECTION ( 'NONE',  ( 1.000000000000000000, -5.484285338750569400E-012, 0.0000000000000000000 ) ) ;
#9207 = LINE ( 'NONE', #8565, #2505 ) ;
#9208 = DIRECTION ( 'NONE',  ( 1.000000000000000000, -0.0000000000000000000, -0.0000000000000000000 ) ) ;
#9209 = CARTESIAN_POINT ( 'NONE',  ( 57.11731176518218700, 8.319634879817504800, 250.0000000000000000 ) ) ;
#9210 = EDGE_LOOP ( 'NONE', ( #8741, #7585, #11594, #628 ) ) ;
#9211 = ORIENTED_EDGE ( 'NONE', *, *, #6627, .F. ) ;
#9212 = CARTESIAN_POINT ( 'NONE',  ( 37.12462353036301000, -28.30036512018227100, 250.0000000000000000 ) ) ;
#9213 = VECTOR ( 'NONE', #3979, 1000.000000000000000 ) ;
#9214 = CARTESIAN_POINT ( 'NONE',  ( 37.12462353036301000, -28.19036512018228500, 250.0000000000000000 ) ) ;
#9215 = DIRECTION ( 'NONE',  ( 1.000000000000000000, 3.179095945533918700E-016, 0.0000000000000000000 ) ) ;
#9216 = DIRECTION ( 'NONE',  ( -0.0000000000000000000, -0.0000000000000000000, -1.000000000000000000 ) ) ;
#9217 = CARTESIAN_POINT ( 'NONE',  ( -2.835002123228811000, -3.901602146817069200, 0.0000000000000000000 ) ) ;
#9218 = ORIENTED_EDGE ( 'NONE', *, *, #9797, .F. ) ;
#9219 = FACE_OUTER_BOUND ( 'NONE', #11754, .T. ) ;
#9220 = LINE ( 'NONE', #8620, #6784 ) ;
#9221 = EDGE_CURVE ( 'NONE', #3538, #442, #3464, .T. ) ;
#9222 = CARTESIAN_POINT ( 'NONE',  ( -3.900000000000004800, -20.09619636599925100, 250.0000000000000000 ) ) ;
#9223 = DIRECTION ( 'NONE',  ( 1.000000000000000000, 0.0000000000000000000, 0.0000000000000000000 ) ) ;
#9224 = CARTESIAN_POINT ( 'NONE',  ( 55.08862915009559900, -29.99036512018235400, 250.0000000000000000 ) ) ;
#9225 = VECTOR ( 'NONE', #2036, 1000.000000000000200 ) ;
#9226 = FACE_OUTER_BOUND ( 'NONE', #6481, .T. ) ;
#9227 = EDGE_CURVE ( 'NONE', #9427, #2754, #8039, .T. ) ;
#9228 = LINE ( 'NONE', #10173, #2952 ) ;
#9229 = AXIS2_PLACEMENT_3D ( 'NONE', #1924, #1843, #7260 ) ;
#9230 = LINE ( 'NONE', #3591, #2385 ) ;
#9231 = CARTESIAN_POINT ( 'NONE',  ( -8.499999999999992900, -29.99036512018231800, 0.0000000000000000000 ) ) ;
#9232 = PLANE ( 'NONE',  #10494 ) ;
#9233 = ORIENTED_EDGE ( 'NONE', *, *, #776, .T. ) ;
#9234 = LINE ( 'NONE', #6305, #861 ) ;
#9235 = CARTESIAN_POINT ( 'NONE',  ( 50.73036512016554400, -11.79869069127881800, 0.0000000000000000000 ) ) ;
#9236 = LINE ( 'NONE', #4544, #8543 ) ;
#9237 = EDGE_CURVE ( 'NONE', #74, #2033, #3184, .T. ) ;
#9238 = AXIS2_PLACEMENT_3D ( 'NONE', #10806, #5359, #9063 ) ;
#9239 = VECTOR ( 'NONE', #616, 1000.000000000000000 ) ;
#9240 = DIRECTION ( 'NONE',  ( -1.000000000000000000, -4.823982726541860400E-016, 0.0000000000000000000 ) ) ;
#9241 = AXIS2_PLACEMENT_3D ( 'NONE', #4927, #3167, #1309 ) ;
#9242 = DIRECTION ( 'NONE',  ( -1.000000000000000000, -1.327592674600509100E-015, -0.0000000000000000000 ) ) ;
#9243 = CARTESIAN_POINT ( 'NONE',  ( 17.12330324810052700, -11.68535571050550600, 250.0000000000000000 ) ) ;
#9244 = ORIENTED_EDGE ( 'NONE', *, *, #11139, .F. ) ;
#9245 = ADVANCED_FACE ( 'NONE', ( #6175 ), #9870, .T. ) ;
#9246 = VERTEX_POINT ( 'NONE', #2339 ) ;
#9247 = ORIENTED_EDGE ( 'NONE', *, *, #2092, .F. ) ;
#9248 = CARTESIAN_POINT ( 'NONE',  ( 52.69036512016204200, -26.24310889209111900, 250.0000000000000000 ) ) ;
#9249 = LINE ( 'NONE', #11339, #10986 ) ;
#9250 = FACE_OUTER_BOUND ( 'NONE', #5840, .T. ) ;
#9251 = CARTESIAN_POINT ( 'NONE',  ( 12.69999998590111900, -11.79869069127881800, 250.0000000000000000 ) ) ;
#9252 = VECTOR ( 'NONE', #6401, 1000.000000000000000 ) ;
#9253 = PLANE ( 'NONE',  #10849 ) ;
#9254 = EDGE_CURVE ( 'NONE', #3492, #4854, #11334, .T. ) ;
#9255 = EDGE_CURVE ( 'NONE', #10441, #1001, #9049, .T. ) ;
#9256 = CARTESIAN_POINT ( 'NONE',  ( -6.569999999999968300, -28.19036512018242000, 0.0000000000000000000 ) ) ;
#9257 = ORIENTED_EDGE ( 'NONE', *, *, #8145, .T. ) ;
#9258 = ORIENTED_EDGE ( 'NONE', *, *, #680, .F. ) ;
#9259 = VERTEX_POINT ( 'NONE', #8271 ) ;
#9260 = LINE ( 'NONE', #2072, #8992 ) ;
#9261 = DIRECTION ( 'NONE',  ( 0.0000000000000000000, 1.000000000000000000, -0.0000000000000000000 ) ) ;
#9262 = VECTOR ( 'NONE', #2129, 1000.000000000000000 ) ;
#9263 = DIRECTION ( 'NONE',  ( 0.7062202859695079200, -0.7079921664009754000, -0.0000000000000000000 ) ) ;
#9264 = AXIS2_PLACEMENT_3D ( 'NONE', #9840, #5109, #6028 ) ;
#9265 = VECTOR ( 'NONE', #10603, 1000.000000000000000 ) ;
#9266 = DIRECTION ( 'NONE',  ( -0.0000000000000000000, 0.0000000000000000000, -1.000000000000000000 ) ) ;
#9267 = EDGE_CURVE ( 'NONE', #8931, #5364, #4193, .T. ) ;
#9268 = CARTESIAN_POINT ( 'NONE',  ( 69.20999999998701900, 4.899745738432866200, 0.0000000000000000000 ) ) ;
#9269 = VERTEX_POINT ( 'NONE', #5291 ) ;
#9270 = EDGE_LOOP ( 'NONE', ( #341, #4948, #9420, #3827 ) ) ;
#9271 = ORIENTED_EDGE ( 'NONE', *, *, #5385, .T. ) ;
#9272 = VERTEX_POINT ( 'NONE', #3494 ) ;
#9273 = CARTESIAN_POINT ( 'NONE',  ( 63.89999999999420100, -20.09619636599925100, 0.0000000000000000000 ) ) ;
#9274 = DIRECTION ( 'NONE',  ( 3.009214193020912300E-014, 1.000000000000000000, 0.0000000000000000000 ) ) ;
#9275 = DIRECTION ( 'NONE',  ( -0.0000000000000000000, -0.0000000000000000000, -1.000000000000000000 ) ) ;
#9276 = PLANE ( 'NONE',  #11198 ) ;
#9277 = AXIS2_PLACEMENT_3D ( 'NONE', #3200, #2150, #3980 ) ;
#9278 = CARTESIAN_POINT ( 'NONE',  ( 57.10999999999427200, -28.30036512018227400, 250.0000000000000000 ) ) ;
#9279 = CARTESIAN_POINT ( 'NONE',  ( 66.57000000000135700, 8.207983149782574400, 250.0000000000000000 ) ) ;
#9280 = CARTESIAN_POINT ( 'NONE',  ( 45.50333692052829800, -28.19036512018228900, 0.0000000000000000000 ) ) ;
#9281 = VECTOR ( 'NONE', #1037, 1000.000000000000000 ) ;
#9282 = LINE ( 'NONE', #4888, #5575 ) ;
#9283 = ADVANCED_FACE ( 'NONE', ( #3332 ), #3899, .T. ) ;
#9284 = DIRECTION ( 'NONE',  ( -3.009214193020912300E-014, -1.000000000000000000, -0.0000000000000000000 ) ) ;
#9285 = EDGE_LOOP ( 'NONE', ( #330, #7859, #3451, #6767 ) ) ;
#9286 = EDGE_LOOP ( 'NONE', ( #8732, #619, #8319, #1400 ) ) ;
#9287 = VERTEX_POINT ( 'NONE', #774 ) ;
#9288 = ORIENTED_EDGE ( 'NONE', *, *, #5764, .T. ) ;
#9289 = ORIENTED_EDGE ( 'NONE', *, *, #9621, .T. ) ;
#9290 = EDGE_LOOP ( 'NONE', ( #3686, #6898, #2448, #7119 ) ) ;
#9291 = CARTESIAN_POINT ( 'NONE',  ( 45.50333692052829800, -28.19036512018228900, 250.0000000000000000 ) ) ;
#9292 = EDGE_LOOP ( 'NONE', ( #1217, #342, #11464, #10810 ) ) ;
#9293 =( NAMED_UNIT ( * ) PLANE_ANGLE_UNIT ( ) SI_UNIT ( $, .RADIAN. ) );
#9294 = CARTESIAN_POINT ( 'NONE',  ( 65.48871339015163100, -26.55168528746671400, 250.0000000000000000 ) ) ;
#9295 = CARTESIAN_POINT ( 'NONE',  ( 66.56999999999416700, -28.19036512018242000, 250.0000000000000000 ) ) ;
#9296 = DIRECTION ( 'NONE',  ( -0.0000000000000000000, -0.0000000000000000000, -1.000000000000000000 ) ) ;
#9297 = VECTOR ( 'NONE', #4851, 1000.000000000000000 ) ;
#9298 = FACE_OUTER_BOUND ( 'NONE', #3257, .T. ) ;
#9299 = CARTESIAN_POINT ( 'NONE',  ( 51.68999999999778100, 2.882517024154526400, 0.0000000000000000000 ) ) ;
#9300 = EDGE_CURVE ( 'NONE', #4984, #9030, #5475, .T. ) ;
#9301 = CARTESIAN_POINT ( 'NONE',  ( 12.69999998590111900, -11.79869069127881800, 250.0000000000000000 ) ) ;
#9302 = VERTEX_POINT ( 'NONE', #2615 ) ;
#9303 = DIRECTION ( 'NONE',  ( -0.7071067811865480200, -0.7071067811865470200, -0.0000000000000000000 ) ) ;
#9304 = PLANE ( 'NONE',  #2422 ) ;
#9305 = ORIENTED_EDGE ( 'NONE', *, *, #3437, .T. ) ;
#9306 = ORIENTED_EDGE ( 'NONE', *, *, #3683, .F. ) ;
#9307 = VERTEX_POINT ( 'NONE', #10091 ) ;
#9308 = ORIENTED_EDGE ( 'NONE', *, *, #6509, .F. ) ;
#9309 = ORIENTED_EDGE ( 'NONE', *, *, #9976, .T. ) ;
#9310 = ORIENTED_EDGE ( 'NONE', *, *, #6936, .F. ) ;
#9311 = AXIS2_PLACEMENT_3D ( 'NONE', #2664, #5464, #10841 ) ;
#9312 = CARTESIAN_POINT ( 'NONE',  ( 10.00000000000716800, -9.990365120182433500, 0.0000000000000000000 ) ) ;
#9313 = LINE ( 'NONE', #2778, #2039 ) ;
#9314 = CARTESIAN_POINT ( 'NONE',  ( -8.200000000000002800, -12.68988765921544000, 250.0000000000000000 ) ) ;
#9315 = ORIENTED_EDGE ( 'NONE', *, *, #2511, .F. ) ;
#9316 = VERTEX_POINT ( 'NONE', #1667 ) ;
#9317 = EDGE_CURVE ( 'NONE', #9752, #10161, #11470, .T. ) ;
#9318 = ORIENTED_EDGE ( 'NONE', *, *, #7326, .F. ) ;
#9319 = ORIENTED_EDGE ( 'NONE', *, *, #4746, .F. ) ;
#9320 = ADVANCED_FACE ( 'NONE', ( #9035 ), #10789, .F. ) ;
#9321 = LINE ( 'NONE', #8834, #10037 ) ;
#9322 = VECTOR ( 'NONE', #1797, 1000.000000000000000 ) ;
#9323 = DIRECTION ( 'NONE',  ( 0.0000000000000000000, 0.0000000000000000000, 1.000000000000000000 ) ) ;
#9324 = CARTESIAN_POINT ( 'NONE',  ( -2.882688234812006200, 8.207983149782574400, 250.0000000000000000 ) ) ;
#9325 = EDGE_CURVE ( 'NONE', #6446, #406, #9738, .T. ) ;
#9326 = AXIS2_PLACEMENT_3D ( 'NONE', #9295, #11138, #2753 ) ;
#9327 = CARTESIAN_POINT ( 'NONE',  ( 27.31926974553747900, -28.19036512018301400, 250.0000000000000000 ) ) ;
#9328 = DIRECTION ( 'NONE',  ( -0.0000000000000000000, -0.0000000000000000000, -1.000000000000000000 ) ) ;
#9329 = CARTESIAN_POINT ( 'NONE',  ( 64.89991694908100300, 9.219634879817565600, 250.0000000000000000 ) ) ;
#9330 = EDGE_CURVE ( 'NONE', #6602, #6284, #8899, .T. ) ;
#9331 = DIRECTION ( 'NONE',  ( 0.0000000000000000000, -0.0000000000000000000, 1.000000000000000000 ) ) ;
#9332 = ORIENTED_EDGE ( 'NONE', *, *, #9845, .F. ) ;
#9333 = CARTESIAN_POINT ( 'NONE',  ( 66.55999999999414700, -25.49370204071641800, 250.0000000000000000 ) ) ;
#9334 = ORIENTED_EDGE ( 'NONE', *, *, #2967, .T. ) ;
#9335 = LINE ( 'NONE', #5025, #11052 ) ;
#9336 = VECTOR ( 'NONE', #10287, 1000.000000000000000 ) ;
#9337 = VECTOR ( 'NONE', #3761, 1000.000000000000000 ) ;
#9338 = ORIENTED_EDGE ( 'NONE', *, *, #7957, .F. ) ;
#9339 = DIRECTION ( 'NONE',  ( 0.0000000000000000000, 0.0000000000000000000, 1.000000000000000000 ) ) ;
#9340 = CARTESIAN_POINT ( 'NONE',  ( 10.00000000000000000, 4.899745738432866200, 250.0000000000000000 ) ) ;
#9341 = EDGE_LOOP ( 'NONE', ( #2721, #1614, #4415, #3841 ) ) ;
#9342 = DIRECTION ( 'NONE',  ( 0.7072143353590436600, 0.7069992106520813800, 0.0000000000000000000 ) ) ;
#9343 = ORIENTED_EDGE ( 'NONE', *, *, #11472, .T. ) ;
#9344 = EDGE_CURVE ( 'NONE', #9690, #1299, #1756, .T. ) ;
#9345 = EDGE_CURVE ( 'NONE', #11009, #7806, #8166, .T. ) ;
#9346 = ORIENTED_EDGE ( 'NONE', *, *, #4047, .F. ) ;
#9347 = DIRECTION ( 'NONE',  ( 0.0000000000000000000, -1.000000000000000000, 0.0000000000000000000 ) ) ;
#9348 = LINE ( 'NONE', #10933, #5777 ) ;
#9349 = DIRECTION ( 'NONE',  ( -1.000000000000000000, 0.0000000000000000000, 0.0000000000000000000 ) ) ;
#9350 = VECTOR ( 'NONE', #11014, 1000.000000000000000 ) ;
#9351 = AXIS2_PLACEMENT_3D ( 'NONE', #1963, #4643, #2926 ) ;
#9352 = ADVANCED_FACE ( 'NONE', ( #1882 ), #11711, .T. ) ;
#9353 = ORIENTED_EDGE ( 'NONE', *, *, #10658, .T. ) ;
#9354 = DIRECTION ( 'NONE',  ( 0.0000000000000000000, 1.000000000000000000, 0.0000000000000000000 ) ) ;
#9355 = EDGE_LOOP ( 'NONE', ( #8146, #999, #6722, #7698 ) ) ;
#9356 = DIRECTION ( 'NONE',  ( 1.000000000000000000, 0.0000000000000000000, 0.0000000000000000000 ) ) ;
#9357 = ORIENTED_EDGE ( 'NONE', *, *, #8747, .T. ) ;
#9358 = ORIENTED_EDGE ( 'NONE', *, *, #10302, .F. ) ;
#9359 = CARTESIAN_POINT ( 'NONE',  ( 62.84036513428219500, -16.08952252493459100, 0.0000000000000000000 ) ) ;
#9360 = LINE ( 'NONE', #1051, #4069 ) ;
#9361 = VECTOR ( 'NONE', #11234, 1000.000000000000100 ) ;
#9362 = CARTESIAN_POINT ( 'NONE',  ( -8.200000000000001100, -22.88036512018231500, 0.0000000000000000000 ) ) ;
#9363 = EDGE_CURVE ( 'NONE', #441, #5698, #3030, .T. ) ;
#9364 = EDGE_CURVE ( 'NONE', #4173, #7148, #2733, .T. ) ;
#9365 = CARTESIAN_POINT ( 'NONE',  ( -5.496025155338566400, 6.565966396540218000, 250.0000000000000000 ) ) ;
#9366 = EDGE_LOOP ( 'NONE', ( #5121, #543, #7219, #4468 ) ) ;
#9367 = CIRCLE ( 'NONE', #3940, 0.7900000000000033700 ) ;
#9368 = FACE_OUTER_BOUND ( 'NONE', #6038, .T. ) ;
#9369 = CARTESIAN_POINT ( 'NONE',  ( 15.66761782315117400, -10.22967028555615500, 250.0000000000000000 ) ) ;
#9370 = EDGE_CURVE ( 'NONE', #9307, #1089, #9158, .T. ) ;
#9371 = DIRECTION ( 'NONE',  ( 0.0000000000000000000, 0.0000000000000000000, 1.000000000000000000 ) ) ;
#9372 = EDGE_CURVE ( 'NONE', #7245, #5754, #497, .T. ) ;
#9373 = CARTESIAN_POINT ( 'NONE',  ( 32.68073025445627200, -13.75036512018161100, 250.0000000000000000 ) ) ;
#9374 = ORIENTED_EDGE ( 'NONE', *, *, #10650, .F. ) ;
#9375 = LINE ( 'NONE', #7276, #3093 ) ;
#9376 = DIRECTION ( 'NONE',  ( -0.0000000000000000000, -1.000000000000000000, -0.0000000000000000000 ) ) ;
#9377 = ADVANCED_FACE ( 'NONE', ( #1212 ), #11182, .F. ) ;
#9378 = LINE ( 'NONE', #8976, #11529 ) ;
#9379 = DIRECTION ( 'NONE',  ( 1.000000000000000000, 0.0000000000000000000, 0.0000000000000000000 ) ) ;
#9380 = AXIS2_PLACEMENT_3D ( 'NONE', #9756, #614, #1525 ) ;
#9381 = COORDINATED_UNIVERSAL_TIME_OFFSET ( 2, 0, .AHEAD. ) ;
#9382 = AXIS2_PLACEMENT_3D ( 'NONE', #3204, #2266, #6800 ) ;
#9383 = LINE ( 'NONE', #6666, #1144 ) ;
#9384 = EDGE_CURVE ( 'NONE', #2345, #6844, #8456, .T. ) ;
#9385 = CARTESIAN_POINT ( 'NONE',  ( -0.08871339015654969300, -23.89285944546705000, 250.0000000000000000 ) ) ;
#9386 = LINE ( 'NONE', #10537, #6946 ) ;
#9387 = CARTESIAN_POINT ( 'NONE',  ( -2.882688234812006200, 8.207983149782574400, 0.0000000000000000000 ) ) ;
#9388 = CARTESIAN_POINT ( 'NONE',  ( 34.49798342301680500, -11.79036512018251400, 250.0000000000000000 ) ) ;
#9389 = CYLINDRICAL_SURFACE ( 'NONE', #7256, 1.504043068364636900 ) ;
#9390 = EDGE_CURVE ( 'NONE', #9302, #3642, #4461, .T. ) ;
#9391 = CARTESIAN_POINT ( 'NONE',  ( 55.65869740804474500, 9.778249236954939900, 0.0000000000000000000 ) ) ;
#9392 = EDGE_CURVE ( 'NONE', #5283, #489, #2318, .T. ) ;
#9393 = ORIENTED_EDGE ( 'NONE', *, *, #8264, .F. ) ;
#9394 = ORIENTED_EDGE ( 'NONE', *, *, #9408, .F. ) ;
#9395 = VECTOR ( 'NONE', #7801, 1000.000000000000000 ) ;
#9396 = FACE_OUTER_BOUND ( 'NONE', #8275, .T. ) ;
#9397 = PLANE ( 'NONE',  #4201 ) ;
#9398 = DIRECTION ( 'NONE',  ( -0.7071067811865351400, 0.7071067811865599000, 0.0000000000000000000 ) ) ;
#9399 = CARTESIAN_POINT ( 'NONE',  ( 32.68073025445621500, -11.79036512018218900, 250.0000000000000000 ) ) ;
#9400 = DIRECTION ( 'NONE',  ( 0.0000000000000000000, 1.000000000000000000, 0.0000000000000000000 ) ) ;
#9401 = LINE ( 'NONE', #5779, #724 ) ;
#9402 = CARTESIAN_POINT ( 'NONE',  ( 54.50397484464128400, 8.207983149782574400, 250.0000000000000000 ) ) ;
#9403 = ADVANCED_FACE ( 'NONE', ( #10883 ), #6588, .F. ) ;
#9404 = ORIENTED_EDGE ( 'NONE', *, *, #5429, .F. ) ;
#9405 = ORIENTED_EDGE ( 'NONE', *, *, #279, .T. ) ;
#9406 = EDGE_LOOP ( 'NONE', ( #5687, #10722, #5767, #7028 ) ) ;
#9407 = VECTOR ( 'NONE', #910, 1000.000000000000000 ) ;
#9408 = EDGE_CURVE ( 'NONE', #8589, #219, #2455, .T. ) ;
#9409 = EDGE_CURVE ( 'NONE', #7272, #777, #6585, .T. ) ;
#9410 = ORIENTED_EDGE ( 'NONE', *, *, #7110, .F. ) ;
#9411 = CYLINDRICAL_SURFACE ( 'NONE', #11550, 0.8000000000006335400 ) ;
#9412 = CARTESIAN_POINT ( 'NONE',  ( 69.20999999999418200, -24.89759383445705900, 0.0000000000000000000 ) ) ;
#9413 = VECTOR ( 'NONE', #3426, 1000.000000000000000 ) ;
#9414 = AXIS2_PLACEMENT_3D ( 'NONE', #7264, #1849, #8222 ) ;
#9415 = CARTESIAN_POINT ( 'NONE',  ( 20.11084238353197400, -23.89285944546705000, 0.0000000000000000000 ) ) ;
#9416 = CARTESIAN_POINT ( 'NONE',  ( 19.99999999991255400, -19.99036512018248500, 0.0000000000000000000 ) ) ;
#9417 = DIRECTION ( 'NONE',  ( -0.0000000000000000000, -0.0000000000000000000, -1.000000000000000000 ) ) ;
#9418 = VERTEX_POINT ( 'NONE', #6479 ) ;
#9419 = ORIENTED_EDGE ( 'NONE', *, *, #663, .F. ) ;
#9420 = ORIENTED_EDGE ( 'NONE', *, *, #4432, .F. ) ;
#9421 = CARTESIAN_POINT ( 'NONE',  ( 56.20084259524218600, 0.009634879817567443300, 250.0000000000000000 ) ) ;
#9422 = VECTOR ( 'NONE', #1197, 1000.000000000000000 ) ;
#9423 = FACE_OUTER_BOUND ( 'NONE', #9522, .T. ) ;
#9424 = EDGE_CURVE ( 'NONE', #10878, #5273, #3322, .T. ) ;
#9425 = EDGE_CURVE ( 'NONE', #3633, #6427, #10294, .T. ) ;
#9426 = CARTESIAN_POINT ( 'NONE',  ( 69.99999999998701100, 4.899745738432866200, 250.0000000000000000 ) ) ;
#9427 = VERTEX_POINT ( 'NONE', #11110 ) ;
#9428 = ORIENTED_EDGE ( 'NONE', *, *, #806, .F. ) ;
#9429 = ORIENTED_EDGE ( 'NONE', *, *, #3213, .T. ) ;
#9430 = PLANE ( 'NONE',  #8639 ) ;
#9431 = ORIENTED_EDGE ( 'NONE', *, *, #2459, .F. ) ;
#9432 = DIRECTION ( 'NONE',  ( -1.000000000000000000, 0.0000000000000000000, 0.0000000000000000000 ) ) ;
#9433 = LINE ( 'NONE', #4708, #7139 ) ;
#9435 = ADVANCED_FACE ( 'NONE', ( #56 ), #5653, .T. ) ;
#9434 = LINE ( 'NONE', #10758, #5303 ) ;
#9436 = PLANE ( 'NONE',  #4247 ) ;
#9437 = ORIENTED_EDGE ( 'NONE', *, *, #4049, .F. ) ;
#9438 = PLANE ( 'NONE',  #1188 ) ;
#9439 = DIRECTION ( 'NONE',  ( -0.0000000000000000000, -0.0000000000000000000, -1.000000000000000000 ) ) ;
#9440 = VERTEX_POINT ( 'NONE', #10186 ) ;
#9441 = ORIENTED_EDGE ( 'NONE', *, *, #10590, .F. ) ;
#9442 = ORIENTED_EDGE ( 'NONE', *, *, #8144, .F. ) ;
#9443 = VERTEX_POINT ( 'NONE', #9359 ) ;
#9444 = AXIS2_PLACEMENT_3D ( 'NONE', #5558, #9261, #1053 ) ;
#9445 = LINE ( 'NONE', #121, #2885 ) ;
#9446 = FACE_OUTER_BOUND ( 'NONE', #11299, .T. ) ;
#9447 = CARTESIAN_POINT ( 'NONE',  ( 8.200000000000008200, -10.72952252493693900, 250.0000000000000000 ) ) ;
#9448 = EDGE_LOOP ( 'NONE', ( #9726, #9563, #2608, #7994 ) ) ;
#9449 = ORIENTED_EDGE ( 'NONE', *, *, #2617, .F. ) ;
#9450 = ORIENTED_EDGE ( 'NONE', *, *, #66, .F. ) ;
#9451 = VERTEX_POINT ( 'NONE', #3890 ) ;
#9452 = CARTESIAN_POINT ( 'NONE',  ( 20.10992663788858100, -16.08952446469493200, 0.0000000000000000000 ) ) ;
#9453 = ORIENTED_EDGE ( 'NONE', *, *, #3075, .T. ) ;
#9454 = CARTESIAN_POINT ( 'NONE',  ( 32.68073025445621500, -11.79036512018218900, 250.0000000000000000 ) ) ;
#9455 = VECTOR ( 'NONE', #11289, 1000.000000000000000 ) ;
#9456 = LINE ( 'NONE', #5427, #6321 ) ;
#9457 = ORIENTED_EDGE ( 'NONE', *, *, #2221, .T. ) ;
#9458 = ORIENTED_EDGE ( 'NONE', *, *, #10015, .T. ) ;
#9459 = ORIENTED_EDGE ( 'NONE', *, *, #4838, .T. ) ;
#9460 = ADVANCED_FACE ( 'NONE', ( #4182 ), #5560, .F. ) ;
#9461 = EDGE_CURVE ( 'NONE', #9894, #905, #5461, .T. ) ;
#9462 = CARTESIAN_POINT ( 'NONE',  ( 34.49798342301680500, -11.79036512018251400, 0.0000000000000000000 ) ) ;
#9463 = ORIENTED_EDGE ( 'NONE', *, *, #2802, .T. ) ;
#9464 = LINE ( 'NONE', #1664, #2207 ) ;
#9465 = DIRECTION ( 'NONE',  ( 1.000000000000000000, -1.057758217049728800E-015, -0.0000000000000000000 ) ) ;
#9466 = LINE ( 'NONE', #10649, #9185 ) ;
#9467 = LINE ( 'NONE', #5802, #1094 ) ;
#9468 = CARTESIAN_POINT ( 'NONE',  ( -9.999999999999998200, -4.904230295371562000, 0.0000000000000000000 ) ) ;
#9469 = VERTEX_POINT ( 'NONE', #7556 ) ;
#9470 = DIRECTION ( 'NONE',  ( 1.000000000000000000, 0.0000000000000000000, 0.0000000000000000000 ) ) ;
#9471 = VERTEX_POINT ( 'NONE', #8482 ) ;
#9472 = CARTESIAN_POINT ( 'NONE',  ( -8.200000000000002800, -2.882859445469489600, 0.0000000000000000000 ) ) ;
#9473 = ORIENTED_EDGE ( 'NONE', *, *, #2478, .T. ) ;
#9474 = LINE ( 'NONE', #5578, #4214 ) ;
#9475 = DIRECTION ( 'NONE',  ( -0.0000000000000000000, -0.0000000000000000000, -1.000000000000000000 ) ) ;
#9476 = DIRECTION ( 'NONE',  ( -4.810863916118015400E-016, 1.000000000000000000, 0.0000000000000000000 ) ) ;
#9477 = EDGE_CURVE ( 'NONE', #3012, #7271, #3886, .T. ) ;
#9478 = CARTESIAN_POINT ( 'NONE',  ( 10.00000000000000200, -4.904230295371559300, 0.0000000000000000000 ) ) ;
#9479 = VECTOR ( 'NONE', #4445, 1000.000000000000000 ) ;
#9480 = LINE ( 'NONE', #523, #4633 ) ;
#9481 = ORIENTED_EDGE ( 'NONE', *, *, #2824, .F. ) ;
#9482 = AXIS2_PLACEMENT_3D ( 'NONE', #4940, #8648, #1218 ) ;
#9483 = CARTESIAN_POINT ( 'NONE',  ( -3.899999999985570100, -2.841651730025073900, 250.0000000000000000 ) ) ;
#9485 = ORIENTED_EDGE ( 'NONE', *, *, #9156, .T. ) ;
#9484 = CARTESIAN_POINT ( 'NONE',  ( 37.15175855260161300, -16.08952446469493200, 250.0000000000000000 ) ) ;
#9486 = ORIENTED_EDGE ( 'NONE', *, *, #7716, .T. ) ;
#9487 = ORIENTED_EDGE ( 'NONE', *, *, #2383, .F. ) ;
#9488 = VECTOR ( 'NONE', #11579, 1000.000000000000000 ) ;
#9489 = DIRECTION ( 'NONE',  ( -0.0000000000000000000, -0.0000000000000000000, -1.000000000000000000 ) ) ;
#9490 = VECTOR ( 'NONE', #5521, 1000.000000000000100 ) ;
#9491 = DIRECTION ( 'NONE',  ( 0.0000000000000000000, 1.000000000000000000, 0.0000000000000000000 ) ) ;
#9492 = DIRECTION ( 'NONE',  ( -0.0000000000000000000, -0.0000000000000000000, -1.000000000000000000 ) ) ;
#9493 = CARTESIAN_POINT ( 'NONE',  ( -2.099999999999997900, 0.009634879817567443300, 0.0000000000000000000 ) ) ;
#9494 = ADVANCED_FACE ( 'NONE', ( #9882 ), #10262, .F. ) ;
#9495 = DIRECTION ( 'NONE',  ( 0.0000000000000000000, 1.000000000000000000, 0.0000000000000000000 ) ) ;
#9496 = EDGE_CURVE ( 'NONE', #5468, #310, #6713, .T. ) ;
#9497 = EDGE_CURVE ( 'NONE', #5933, #7886, #9445, .T. ) ;
#9498 = CARTESIAN_POINT ( 'NONE',  ( 50.79999999999419900, -4.904230295371559300, 0.0000000000000000000 ) ) ;
#9499 = DIRECTION ( 'NONE',  ( -0.0000000000000000000, -1.000000000000000000, -0.0000000000000000000 ) ) ;
#9500 = ORIENTED_EDGE ( 'NONE', *, *, #2460, .F. ) ;
#9501 = AXIS2_PLACEMENT_3D ( 'NONE', #5141, #2377, #6009 ) ;
#9502 = VECTOR ( 'NONE', #11530, 1000.000000000000000 ) ;
#9503 = DIRECTION ( 'NONE',  ( 0.0000000000000000000, 1.000000000000000000, 0.0000000000000000000 ) ) ;
#9504 = DIRECTION ( 'NONE',  ( 4.810863916118015400E-016, -1.000000000000000000, -0.0000000000000000000 ) ) ;
#9505 = CARTESIAN_POINT ( 'NONE',  ( 3.799157404752007600, 0.009634879817567443300, 0.0000000000000000000 ) ) ;
#9506 = ORIENTED_EDGE ( 'NONE', *, *, #10997, .F. ) ;
#9507 = VECTOR ( 'NONE', #3071, 1000.000000000000000 ) ;
#9508 = FACE_BOUND ( 'NONE', #5584, .T. ) ;
#9509 = CARTESIAN_POINT ( 'NONE',  ( 63.79915740474619000, 0.009634879817567443300, 0.0000000000000000000 ) ) ;
#9510 = PERSON_AND_ORGANIZATION ( #4411, #10511 ) ;
#9511 = CARTESIAN_POINT ( 'NONE',  ( 2.889999999999921100, -28.19036512018228900, 250.0000000000000000 ) ) ;
#9512 = CARTESIAN_POINT ( 'NONE',  ( 57.10999999999427200, -28.19036512018228900, 250.0000000000000000 ) ) ;
#9513 = VERTEX_POINT ( 'NONE', #3131 ) ;
#9514 = CIRCLE ( 'NONE', #3546, 0.7900000000000129100 ) ;
#9515 = ADVANCED_FACE ( 'NONE', ( #9594 ), #8555, .T. ) ;
#9516 = CARTESIAN_POINT ( 'NONE',  ( -8.200000000000002800, -17.11498865055904900, 0.0000000000000000000 ) ) ;
#9517 = LINE ( 'NONE', #5098, #2106 ) ;
#9518 = CARTESIAN_POINT ( 'NONE',  ( 15.10193239820182700, -9.990365120185229500, 0.0000000000000000000 ) ) ;
#9519 = EDGE_CURVE ( 'NONE', #7463, #9972, #7460, .T. ) ;
#9520 = LINE ( 'NONE', #5999, #8534 ) ;
#9521 = CARTESIAN_POINT ( 'NONE',  ( -8.200000000000002800, -7.297745508358056900, 250.0000000000000000 ) ) ;
#9522 = EDGE_LOOP ( 'NONE', ( #4481, #3443, #1052, #3685 ) ) ;
#9523 = LINE ( 'NONE', #5546, #9672 ) ;
#9524 = DIRECTION ( 'NONE',  ( -0.7078322512429705600, 0.7063805660550891400, -0.0000000000000000000 ) ) ;
#9525 = AXIS2_PLACEMENT_3D ( 'NONE', #445, #9537, #2328 ) ;
#9526 = PLANE ( 'NONE',  #5437 ) ;
#9527 = LINE ( 'NONE', #5816, #6650 ) ;
#9528 = CARTESIAN_POINT ( 'NONE',  ( 12.69999998590117400, -26.24036512018223300, 250.0000000000000000 ) ) ;
#9529 = VECTOR ( 'NONE', #3139, 1000.000000000000000 ) ;
#9530 = EDGE_CURVE ( 'NONE', #10875, #10432, #4744, .T. ) ;
#9531 = CARTESIAN_POINT ( 'NONE',  ( -3.805222007298974900, -20.00141837329822200, 0.0000000000000000000 ) ) ;
#9532 = CARTESIAN_POINT ( 'NONE',  ( -6.559999999999963200, -25.49370204071641800, 250.0000000000000000 ) ) ;
#9533 = VERTEX_POINT ( 'NONE', #7675 ) ;
#9534 = ORIENTED_EDGE ( 'NONE', *, *, #10119, .F. ) ;
#9535 = ORIENTED_EDGE ( 'NONE', *, *, #2315, .T. ) ;
#9536 = FACE_OUTER_BOUND ( 'NONE', #6375, .T. ) ;
#9537 = DIRECTION ( 'NONE',  ( 0.7069992106520836000, 0.7072143353590415500, -0.0000000000000000000 ) ) ;
#9538 = CIRCLE ( 'NONE', #4976, 0.7999999999974156700 ) ;
#9539 = DIRECTION ( 'NONE',  ( -0.0000000000000000000, -0.0000000000000000000, -1.000000000000000000 ) ) ;
#9540 = EDGE_CURVE ( 'NONE', #8030, #4011, #11317, .T. ) ;
#9541 = CYLINDRICAL_SURFACE ( 'NONE', #11787, 0.7900000000000060300 ) ;
#9542 = EDGE_CURVE ( 'NONE', #5829, #3357, #2038, .T. ) ;
#9543 = CARTESIAN_POINT ( 'NONE',  ( -2.829078524439200900, -23.89285944546705000, 250.0000000000000000 ) ) ;
#9544 = ADVANCED_FACE ( 'NONE', ( #10013 ), #8600, .T. ) ;
#9545 = PLANE ( 'NONE',  #8682 ) ;
#9546 = APPROVAL ( #7418, 'UNSPECIFIED' ) ;
#9547 = ORIENTED_EDGE ( 'NONE', *, *, #1761, .T. ) ;
#9548 = ORIENTED_EDGE ( 'NONE', *, *, #885, .T. ) ;
#9549 = EDGE_LOOP ( 'NONE', ( #8892, #10024, #3675, #3709 ) ) ;
#9550 = CARTESIAN_POINT ( 'NONE',  ( 32.68073025445671200, -28.19036512018301400, 250.0000000000000000 ) ) ;
#9551 = LINE ( 'NONE', #10348, #7401 ) ;
#9552 = DIRECTION ( 'NONE',  ( 1.000000000000000000, 0.0000000000000000000, -0.0000000000000000000 ) ) ;
#9553 = CARTESIAN_POINT ( 'NONE',  ( 51.68999999999778100, 2.882517024154526400, 250.0000000000000000 ) ) ;
#9554 = LINE ( 'NONE', #6725, #2560 ) ;
#9555 = CARTESIAN_POINT ( 'NONE',  ( 51.79999999999418500, -2.882859445469489600, 0.0000000000000000000 ) ) ;
#9556 = LINE ( 'NONE', #6214, #7266 ) ;
#9557 = FACE_OUTER_BOUND ( 'NONE', #9141, .T. ) ;
#9558 = DIRECTION ( 'NONE',  ( 1.000000000000000000, 1.924345566447206200E-015, -0.0000000000000000000 ) ) ;
#9559 = EDGE_CURVE ( 'NONE', #10973, #1409, #7750, .T. ) ;
#9560 = EDGE_CURVE ( 'NONE', #475, #1071, #2603, .T. ) ;
#9561 = EDGE_LOOP ( 'NONE', ( #9309, #1250, #1343, #3136 ) ) ;
#9562 = ORIENTED_EDGE ( 'NONE', *, *, #1181, .F. ) ;
#9563 = ORIENTED_EDGE ( 'NONE', *, *, #8965, .F. ) ;
#9564 = VERTEX_POINT ( 'NONE', #3174 ) ;
#9565 = CARTESIAN_POINT ( 'NONE',  ( 3.899999999999906200, 0.09834826997499368500, 250.0000000000000000 ) ) ;
#9566 = AXIS2_PLACEMENT_3D ( 'NONE', #7167, #10833, #11766 ) ;
#9567 = CIRCLE ( 'NONE', #5803, 0.7999999999974138900 ) ;
#9568 = VECTOR ( 'NONE', #8518, 1000.000000000000000 ) ;
#9569 = DIRECTION ( 'NONE',  ( -0.0000000000000000000, -0.0000000000000000000, -1.000000000000000000 ) ) ;
#9570 = DIRECTION ( 'NONE',  ( 1.583750953283362000E-016, 1.000000000000000000, -0.0000000000000000000 ) ) ;
#9571 = ORIENTED_EDGE ( 'NONE', *, *, #7875, .F. ) ;
#9572 = ORIENTED_EDGE ( 'NONE', *, *, #5453, .F. ) ;
#9573 = CARTESIAN_POINT ( 'NONE',  ( 51.68999999999778100, -2.882859445469489600, 250.0000000000000000 ) ) ;
#9574 = VERTEX_POINT ( 'NONE', #4889 ) ;
#9575 = EDGE_LOOP ( 'NONE', ( #5598, #10793, #648, #7755 ) ) ;
#9576 = VERTEX_POINT ( 'NONE', #10298 ) ;
#9577 = ORIENTED_EDGE ( 'NONE', *, *, #3807, .T. ) ;
#9578 = ORIENTED_EDGE ( 'NONE', *, *, #7129, .F. ) ;
#9579 = ADVANCED_FACE ( 'NONE', ( #2166 ), #9430, .F. ) ;
#9580 = EDGE_CURVE ( 'NONE', #10443, #6446, #1473, .T. ) ;
#9581 = EDGE_CURVE ( 'NONE', #4172, #8897, #7579, .T. ) ;
#9582 = LINE ( 'NONE', #11788, #10434 ) ;
#9583 = VECTOR ( 'NONE', #4789, 1000.000000000000000 ) ;
#9584 = DIRECTION ( 'NONE',  ( -1.000000000000000000, 0.0000000000000000000, 0.0000000000000000000 ) ) ;
#9585 = DIRECTION ( 'NONE',  ( 0.0000000000000000000, 0.0000000000000000000, 1.000000000000000000 ) ) ;
#9586 = ORIENTED_EDGE ( 'NONE', *, *, #1634, .F. ) ;
#9587 = AXIS2_PLACEMENT_3D ( 'NONE', #9099, #10007, #8948 ) ;
#9588 = ORIENTED_EDGE ( 'NONE', *, *, #7397, .T. ) ;
#9589 = ORIENTED_EDGE ( 'NONE', *, *, #10804, .T. ) ;
#9590 = VERTEX_POINT ( 'NONE', #1283 ) ;
#9591 = ORIENTED_EDGE ( 'NONE', *, *, #501, .T. ) ;
#9592 = DIRECTION ( 'NONE',  ( 0.7071067811865472400, -0.7071067811865479100, 0.0000000000000000000 ) ) ;
#9593 = CARTESIAN_POINT ( 'NONE',  ( -2.099999999999997900, 0.009634879817567443300, 250.0000000000000000 ) ) ;
#9594 = FACE_OUTER_BOUND ( 'NONE', #9286, .T. ) ;
#9595 = FACE_OUTER_BOUND ( 'NONE', #661, .T. ) ;
#9596 = CARTESIAN_POINT ( 'NONE',  ( 14.49666307946589100, -26.55245490884332000, 0.0000000000000000000 ) ) ;
#9597 = DIRECTION ( 'NONE',  ( -0.0000000000000000000, 0.0000000000000000000, -1.000000000000000000 ) ) ;
#9598 = CARTESIAN_POINT ( 'NONE',  ( -4.341302591949443000, 9.778249236954939900, 250.0000000000000000 ) ) ;
#9599 = EDGE_CURVE ( 'NONE', #6010, #8673, #5726, .T. ) ;
#9600 = ORIENTED_EDGE ( 'NONE', *, *, #1784, .F. ) ;
#9601 = ORIENTED_EDGE ( 'NONE', *, *, #9530, .F. ) ;
#9602 = VERTEX_POINT ( 'NONE', #5052 ) ;
#9603 = ORIENTED_EDGE ( 'NONE', *, *, #4369, .T. ) ;
#9604 = CARTESIAN_POINT ( 'NONE',  ( 10.00000000000716800, -9.990365120182433500, 250.0000000000000000 ) ) ;
#9605 = VERTEX_POINT ( 'NONE', #4001 ) ;
#9606 = CARTESIAN_POINT ( 'NONE',  ( 22.84824144739257800, -16.08952446469493200, 250.0000000000000000 ) ) ;
#9607 = LINE ( 'NONE', #5082, #10463 ) ;
#9608 = VECTOR ( 'NONE', #6963, 1000.000000000000000 ) ;
#9609 = CARTESIAN_POINT ( 'NONE',  ( 16.10963486571934300, -22.83073024036426800, 0.0000000000000000000 ) ) ;
#9610 = ADVANCED_FACE ( 'NONE', ( #484 ), #3578, .F. ) ;
#9611 = ORIENTED_EDGE ( 'NONE', *, *, #6059, .F. ) ;
#9612 = CARTESIAN_POINT ( 'NONE',  ( 22.87537646963117400, -28.19036512018228500, 0.0000000000000000000 ) ) ;
#9613 = EDGE_CURVE ( 'NONE', #3063, #3923, #6854, .T. ) ;
#9614 = ORIENTED_EDGE ( 'NONE', *, *, #7737, .F. ) ;
#9615 = CARTESIAN_POINT ( 'NONE',  ( 24.89674731952995400, -29.99036512018231400, 250.0000000000000000 ) ) ;
#9616 = ORIENTED_EDGE ( 'NONE', *, *, #7953, .F. ) ;
#9617 = FACE_OUTER_BOUND ( 'NONE', #2006, .T. ) ;
#9618 = CARTESIAN_POINT ( 'NONE',  ( 68.19999999999419100, -28.19036512018242000, 0.0000000000000000000 ) ) ;
#9619 = VECTOR ( 'NONE', #1931, 1000.000000000000000 ) ;
#9620 = VECTOR ( 'NONE', #9417, 1000.000000000000000 ) ;
#9621 = EDGE_CURVE ( 'NONE', #10864, #6563, #8300, .T. ) ;
#9622 = CARTESIAN_POINT ( 'NONE',  ( 44.91137084989234300, -29.19036512018207900, 250.0000000000000000 ) ) ;
#9623 = EDGE_CURVE ( 'NONE', #7051, #2203, #5590, .T. ) ;
#9624 = CARTESIAN_POINT ( 'NONE',  ( 8.200000000000006400, -2.882859445469489600, 250.0000000000000000 ) ) ;
#9625 = ORIENTED_EDGE ( 'NONE', *, *, #8907, .T. ) ;
#9626 = CARTESIAN_POINT ( 'NONE',  ( 50.78999999999418700, 4.899745738432866200, 250.0000000000000000 ) ) ;
#9627 = DIRECTION ( 'NONE',  ( 0.0000000000000000000, 0.0000000000000000000, 1.000000000000000000 ) ) ;
#9628 = ORIENTED_EDGE ( 'NONE', *, *, #9384, .T. ) ;
#9629 = ORIENTED_EDGE ( 'NONE', *, *, #10718, .F. ) ;
#9630 = VECTOR ( 'NONE', #3431, 1000.000000000000100 ) ;
#9631 = VECTOR ( 'NONE', #7334, 1000.000000000000000 ) ;
#9632 = CARTESIAN_POINT ( 'NONE',  ( -8.200000000000002800, -2.882859445469489600, 250.0000000000000000 ) ) ;
#9633 = CARTESIAN_POINT ( 'NONE',  ( 53.42999999998703200, 8.207983149782574400, 250.0000000000000000 ) ) ;
#9634 = PLANE ( 'NONE',  #1601 ) ;
#9635 = VERTEX_POINT ( 'NONE', #3402 ) ;
#9636 = EDGE_LOOP ( 'NONE', ( #3014, #690, #3751, #1318 ) ) ;
#9637 = EDGE_CURVE ( 'NONE', #9130, #9533, #4728, .T. ) ;
#9638 = EDGE_CURVE ( 'NONE', #920, #11542, #3306, .T. ) ;
#9639 = DIRECTION ( 'NONE',  ( 2.941907609485902000E-014, -1.000000000000000000, 0.0000000000000000000 ) ) ;
#9640 = ORIENTED_EDGE ( 'NONE', *, *, #9845, .T. ) ;
#9641 = ORIENTED_EDGE ( 'NONE', *, *, #10755, .T. ) ;
#9642 = CARTESIAN_POINT ( 'NONE',  ( 0.0000000000000000000, 0.009634879817567443300, 250.0000000000000000 ) ) ;
#9643 = LINE ( 'NONE', #4348, #9081 ) ;
#9644 = ADVANCED_FACE ( 'NONE', ( #8153 ), #1478, .T. ) ;
#9645 = DIRECTION ( 'NONE',  ( 1.000000000000000000, 0.0000000000000000000, 0.0000000000000000000 ) ) ;
#9646 = ORIENTED_EDGE ( 'NONE', *, *, #10240, .F. ) ;
#9647 = FACE_OUTER_BOUND ( 'NONE', #7095, .T. ) ;
#9648 = DIRECTION ( 'NONE',  ( 0.7071067811865474600, -0.7071067811865474600, -0.0000000000000000000 ) ) ;
#9649 = CARTESIAN_POINT ( 'NONE',  ( 14.50996632757433800, -11.78952446469386800, 0.0000000000000000000 ) ) ;
#9650 = FACE_BOUND ( 'NONE', #5499, .T. ) ;
#9651 = PLANE ( 'NONE',  #8090 ) ;
#9652 = EDGE_CURVE ( 'NONE', #7441, #9533, #10871, .T. ) ;
#9653 = EDGE_CURVE ( 'NONE', #325, #4454, #7734, .T. ) ;
#9654 = DIRECTION ( 'NONE',  ( 1.000000000000000000, -1.407933284406894900E-012, 0.0000000000000000000 ) ) ;
#9655 = CARTESIAN_POINT ( 'NONE',  ( 32.68073025445627200, -13.75036512018161100, 0.0000000000000000000 ) ) ;
#9656 = AXIS2_PLACEMENT_3D ( 'NONE', #10318, #6668, #10276 ) ;
#9657 = ORIENTED_EDGE ( 'NONE', *, *, #1252, .T. ) ;
#9658 = VECTOR ( 'NONE', #6020, 1000.000000000000000 ) ;
#9659 = CARTESIAN_POINT ( 'NONE',  ( -6.559999999985606700, -5.496196365999260500, 250.0000000000000000 ) ) ;
#9660 = EDGE_CURVE ( 'NONE', #2464, #6822, #9867, .T. ) ;
#9661 = CARTESIAN_POINT ( 'NONE',  ( 19.99999999991255400, -19.99036512018248500, 250.0000000000000000 ) ) ;
#9662 = LINE ( 'NONE', #9862, #3945 ) ;
#9663 = DIRECTION ( 'NONE',  ( 0.0000000000000000000, 0.0000000000000000000, 1.000000000000000000 ) ) ;
#9664 = PLANE ( 'NONE',  #5644 ) ;
#9665 = VECTOR ( 'NONE', #691, 1000.000000000000000 ) ;
#9666 = DIRECTION ( 'NONE',  ( 1.000000000000000000, 3.167501906566723600E-016, -0.0000000000000000000 ) ) ;
#9667 = DIRECTION ( 'NONE',  ( -0.0000000000000000000, -0.0000000000000000000, -1.000000000000000000 ) ) ;
#9668 = ORIENTED_EDGE ( 'NONE', *, *, #9496, .T. ) ;
#9669 = CARTESIAN_POINT ( 'NONE',  ( 63.89999999997976200, 0.09834826997499368500, 250.0000000000000000 ) ) ;
#9670 = CARTESIAN_POINT ( 'NONE',  ( 69.99999999999418800, -24.89759383445705900, 250.0000000000000000 ) ) ;
#9671 = ADVANCED_FACE ( 'NONE', ( #10003 ), #3334, .T. ) ;
#9672 = VECTOR ( 'NONE', #1996, 1000.000000000000000 ) ;
#9673 = PLANE ( 'NONE',  #4551 ) ;
#9674 = VECTOR ( 'NONE', #2694, 1000.000000000000000 ) ;
#9675 = CARTESIAN_POINT ( 'NONE',  ( 62.83500212322299900, 3.907140554540113400, 250.0000000000000000 ) ) ;
#9676 = CARTESIAN_POINT ( 'NONE',  ( 67.66000000000136100, 6.577983149782563800, 0.0000000000000000000 ) ) ;
#9677 = CARTESIAN_POINT ( 'NONE',  ( 4.899916949086820000, 9.219634879817565600, 250.0000000000000000 ) ) ;
#9678 = FACE_OUTER_BOUND ( 'NONE', #4277, .T. ) ;
#9679 = DIRECTION ( 'NONE',  ( 1.000000000000000000, -0.0000000000000000000, -0.0000000000000000000 ) ) ;
#9680 = CARTESIAN_POINT ( 'NONE',  ( 17.12330324810052700, -11.78952446469386800, 250.0000000000000000 ) ) ;
#9681 = ORIENTED_EDGE ( 'NONE', *, *, #55, .T. ) ;
#9682 = EDGE_LOOP ( 'NONE', ( #780, #10876, #3324, #11190 ) ) ;
#9683 = VERTEX_POINT ( 'NONE', #6003 ) ;
#9684 = VECTOR ( 'NONE', #9777, 1000.000000000000000 ) ;
#9685 = CARTESIAN_POINT ( 'NONE',  ( 0.1066738410882871200, 3.907140554540114300, 250.0000000000000000 ) ) ;
#9686 = VECTOR ( 'NONE', #5690, 1000.000000000000000 ) ;
#9687 = DIRECTION ( 'NONE',  ( -0.0000000000000000000, -0.0000000000000000000, -1.000000000000000000 ) ) ;
#9688 = DIRECTION ( 'NONE',  ( -0.0000000000000000000, -0.0000000000000000000, -1.000000000000000000 ) ) ;
#9689 = AXIS2_PLACEMENT_3D ( 'NONE', #1648, #8020, #4311 ) ;
#9690 = VERTEX_POINT ( 'NONE', #4250 ) ;
#9691 = DIRECTION ( 'NONE',  ( -1.000000000000000000, 0.0000000000000000000, 0.0000000000000000000 ) ) ;
#9692 = ORIENTED_EDGE ( 'NONE', *, *, #10803, .F. ) ;
#9693 = ORIENTED_EDGE ( 'NONE', *, *, #8265, .T. ) ;
#9694 = VECTOR ( 'NONE', #2900, 1000.000000000000000 ) ;
#9695 = AXIS2_PLACEMENT_3D ( 'NONE', #362, #2403, #5092 ) ;
#9696 = VERTEX_POINT ( 'NONE', #3255 ) ;
#9697 = DIRECTION ( 'NONE',  ( -0.7071067811865685600, 0.7071067811865264800, -0.0000000000000000000 ) ) ;
#9698 = LINE ( 'NONE', #4870, #11430 ) ;
#9699 = FACE_OUTER_BOUND ( 'NONE', #4359, .T. ) ;
#9700 = EDGE_CURVE ( 'NONE', #4735, #5212, #7878, .T. ) ;
#9701 = ADVANCED_FACE ( 'NONE', ( #7444 ), #2446, .T. ) ;
#9702 = DIRECTION ( 'NONE',  ( -1.000000000000000000, 0.0000000000000000000, 0.0000000000000000000 ) ) ;
#9703 = CARTESIAN_POINT ( 'NONE',  ( -0.1066738410739513600, 3.907140554540114300, 250.0000000000000000 ) ) ;
#9704 = VERTEX_POINT ( 'NONE', #6983 ) ;
#9705 = EDGE_LOOP ( 'NONE', ( #5309, #4431, #4466, #5733 ) ) ;
#9706 = ORIENTED_EDGE ( 'NONE', *, *, #2210, .T. ) ;
#9707 = CARTESIAN_POINT ( 'NONE',  ( -6.569999999999968300, -28.19036512018242000, 250.0000000000000000 ) ) ;
#9708 = EDGE_CURVE ( 'NONE', #11616, #8897, #7155, .T. ) ;
#9709 = CARTESIAN_POINT ( 'NONE',  ( 24.34436508139353700, -10.22467969523303600, 250.0000000000000000 ) ) ;
#9710 = CARTESIAN_POINT ( 'NONE',  ( -2.835002123228811000, -3.901602146817069200, 0.0000000000000000000 ) ) ;
#9711 = DIRECTION ( 'NONE',  ( -0.0000000000000000000, 1.000000000000000000, -0.0000000000000000000 ) ) ;
#9712 = LINE ( 'NONE', #2916, #10856 ) ;
#9713 = VECTOR ( 'NONE', #7868, 1000.000000000000000 ) ;
#9714 = AXIS2_PLACEMENT_3D ( 'NONE', #2530, #206, #9215 ) ;
#9715 = CARTESIAN_POINT ( 'NONE',  ( 10.00000000000000200, 8.505591811452930500, 0.0000000000000000000 ) ) ;
#9716 = ORIENTED_EDGE ( 'NONE', *, *, #8212, .F. ) ;
#9717 = ORIENTED_EDGE ( 'NONE', *, *, #1399, .T. ) ;
#9718 = ORIENTED_EDGE ( 'NONE', *, *, #7206, .F. ) ;
#9719 = ORIENTED_EDGE ( 'NONE', *, *, #1448, .T. ) ;
#9720 = DIRECTION ( 'NONE',  ( -0.0000000000000000000, -0.0000000000000000000, -1.000000000000000000 ) ) ;
#9721 = VECTOR ( 'NONE', #7345, 1000.000000000000000 ) ;
#9722 = VECTOR ( 'NONE', #8479, 1000.000000000000000 ) ;
#9723 = EDGE_CURVE ( 'NONE', #6844, #11789, #8026, .T. ) ;
#9724 = EDGE_CURVE ( 'NONE', #7870, #9140, #2591, .T. ) ;
#9725 = CARTESIAN_POINT ( 'NONE',  ( 57.16499787675104500, -3.901602146817069200, 0.0000000000000000000 ) ) ;
#9726 = ORIENTED_EDGE ( 'NONE', *, *, #651, .F. ) ;
#9727 = ORIENTED_EDGE ( 'NONE', *, *, #196, .F. ) ;
#9728 = ORIENTED_EDGE ( 'NONE', *, *, #5294, .F. ) ;
#9729 = ORIENTED_EDGE ( 'NONE', *, *, #9115, .T. ) ;
#9730 = VERTEX_POINT ( 'NONE', #656 ) ;
#9731 = AXIS2_PLACEMENT_3D ( 'NONE', #291, #6597, #1331 ) ;
#9732 = CARTESIAN_POINT ( 'NONE',  ( 3.899999999999906200, -0.1033369205210043500, 0.0000000000000000000 ) ) ;
#9733 = DIRECTION ( 'NONE',  ( 0.0000000000000000000, -0.0000000000000000000, -1.000000000000000000 ) ) ;
#9734 = ADVANCED_FACE ( 'NONE', ( #2302 ), #2606, .T. ) ;
#9735 = VERTEX_POINT ( 'NONE', #6263 ) ;
#9736 = CARTESIAN_POINT ( 'NONE',  ( 68.19999999999419100, -12.68988765921544000, 0.0000000000000000000 ) ) ;
#9737 = CARTESIAN_POINT ( 'NONE',  ( 20.00974421441958700, -16.18970688816392900, 250.0000000000000000 ) ) ;
#9738 = LINE ( 'NONE', #3725, #11596 ) ;
#9739 = LINE ( 'NONE', #2103, #3185 ) ;
#9740 = DIRECTION ( 'NONE',  ( 0.7078322512429711100, 0.7063805660550885900, 0.0000000000000000000 ) ) ;
#9741 = VERTEX_POINT ( 'NONE', #2522 ) ;
#9742 = ORIENTED_EDGE ( 'NONE', *, *, #10538, .F. ) ;
#9743 = VERTEX_POINT ( 'NONE', #9789 ) ;
#9744 = VERTEX_POINT ( 'NONE', #9037 ) ;
#9745 = DIRECTION ( 'NONE',  ( -0.0000000000000000000, -0.0000000000000000000, -1.000000000000000000 ) ) ;
#9746 = VERTEX_POINT ( 'NONE', #5213 ) ;
#9747 = CIRCLE ( 'NONE', #1904, 0.8000000000000090400 ) ;
#9748 = CARTESIAN_POINT ( 'NONE',  ( 47.30000001409307200, -11.79869069127881800, 0.0000000000000000000 ) ) ;
#9749 = LINE ( 'NONE', #708, #9173 ) ;
#9750 = DIRECTION ( 'NONE',  ( -0.0000000000000000000, -0.0000000000000000000, -1.000000000000000000 ) ) ;
#9751 = CARTESIAN_POINT ( 'NONE',  ( 10.00000000000000000, 4.899745738432866200, 0.0000000000000000000 ) ) ;
#9752 = VERTEX_POINT ( 'NONE', #11668 ) ;
#9753 = ORIENTED_EDGE ( 'NONE', *, *, #4655, .F. ) ;
#9754 = ORIENTED_EDGE ( 'NONE', *, *, #6966, .F. ) ;
#9755 = VERTEX_POINT ( 'NONE', #1693 ) ;
#9756 = CARTESIAN_POINT ( 'NONE',  ( 12.69999998590111900, -11.79869069127881800, 250.0000000000000000 ) ) ;
#9757 = ORIENTED_EDGE ( 'NONE', *, *, #9960, .F. ) ;
#9758 = FACE_OUTER_BOUND ( 'NONE', #4749, .T. ) ;
#9759 = DIRECTION ( 'NONE',  ( 0.7071067811865471300, -0.7071067811865480200, 0.0000000000000000000 ) ) ;
#9760 = CARTESIAN_POINT ( 'NONE',  ( -5.488713390157446500, -26.55168528746671400, 250.0000000000000000 ) ) ;
#9761 = EDGE_CURVE ( 'NONE', #682, #5168, #3171, .T. ) ;
#9762 = FACE_OUTER_BOUND ( 'NONE', #11465, .T. ) ;
#9763 = LINE ( 'NONE', #6040, #11043 ) ;
#9764 = ADVANCED_FACE ( 'NONE', ( #11458 ), #3551, .F. ) ;
#9765 = ORIENTED_EDGE ( 'NONE', *, *, #6510, .F. ) ;
#9766 = ORIENTED_EDGE ( 'NONE', *, *, #10043, .T. ) ;
#9767 = VECTOR ( 'NONE', #10850, 1000.000000000000000 ) ;
#9768 = AXIS2_PLACEMENT_3D ( 'NONE', #5596, #10056, #7302 ) ;
#9769 = FACE_OUTER_BOUND ( 'NONE', #7197, .T. ) ;
#9770 = LINE ( 'NONE', #1530, #7471 ) ;
#9771 = DIRECTION ( 'NONE',  ( -0.0000000000000000000, -0.0000000000000000000, -1.000000000000000000 ) ) ;
#9772 = DIRECTION ( 'NONE',  ( -0.0000000000000000000, -0.0000000000000000000, -1.000000000000000000 ) ) ;
#9773 = CARTESIAN_POINT ( 'NONE',  ( 52.69036512016204200, -26.24310889209111900, 250.0000000000000000 ) ) ;
#9774 = CARTESIAN_POINT ( 'NONE',  ( -5.488713390157446500, -28.19036512018228900, 0.0000000000000000000 ) ) ;
#9775 = EDGE_CURVE ( 'NONE', #8843, #5421, #9582, .T. ) ;
#9776 = EDGE_LOOP ( 'NONE', ( #4968, #10094, #10316, #3265 ) ) ;
#9777 = DIRECTION ( 'NONE',  ( -0.0000000000000000000, -0.0000000000000000000, -1.000000000000000000 ) ) ;
#9778 = CARTESIAN_POINT ( 'NONE',  ( 2.099999999999999600, -19.99036512018243200, 250.0000000000000000 ) ) ;
#9779 = VERTEX_POINT ( 'NONE', #11703 ) ;
#9780 = CARTESIAN_POINT ( 'NONE',  ( 47.30000001409307200, -11.79869069127881800, 0.0000000000000000000 ) ) ;
#9781 = ORIENTED_EDGE ( 'NONE', *, *, #9425, .T. ) ;
#9782 = VERTEX_POINT ( 'NONE', #7144 ) ;
#9783 = FACE_OUTER_BOUND ( 'NONE', #6387, .T. ) ;
#9784 = EDGE_CURVE ( 'NONE', #7039, #11526, #3018, .T. ) ;
#9785 = FACE_OUTER_BOUND ( 'NONE', #5030, .T. ) ;
#9786 = EDGE_CURVE ( 'NONE', #8486, #7437, #6569, .T. ) ;
#9787 = VERTEX_POINT ( 'NONE', #8925 ) ;
#9788 = DIRECTION ( 'NONE',  ( 1.057758217049745200E-015, -1.000000000000000000, 0.0000000000000000000 ) ) ;
#9789 = CARTESIAN_POINT ( 'NONE',  ( -8.200000000000001100, -22.88036512018231500, 0.0000000000000000000 ) ) ;
#9790 = ORIENTED_EDGE ( 'NONE', *, *, #10948, .F. ) ;
#9791 = VECTOR ( 'NONE', #7088, 1000.000000000000000 ) ;
#9792 = CARTESIAN_POINT ( 'NONE',  ( 56.09999999997984300, -22.83451117550332300, 0.0000000000000000000 ) ) ;
#9793 = ADVANCED_FACE ( 'NONE', ( #11736 ), #5248, .F. ) ;
#9794 = FACE_OUTER_BOUND ( 'NONE', #2800, .T. ) ;
#9795 = CARTESIAN_POINT ( 'NONE',  ( -8.200000000000001100, -22.88036512018231500, 250.0000000000000000 ) ) ;
#9796 = DIRECTION ( 'NONE',  ( -0.0000000000000000000, 1.000000000000000000, -0.0000000000000000000 ) ) ;
#9797 = EDGE_CURVE ( 'NONE', #51, #7437, #1610, .T. ) ;
#9798 = EDGE_CURVE ( 'NONE', #9779, #870, #5883, .T. ) ;
#9799 = CARTESIAN_POINT ( 'NONE',  ( 40.08952246339919900, -23.89285944546705000, 250.0000000000000000 ) ) ;
#9800 = ORIENTED_EDGE ( 'NONE', *, *, #2765, .F. ) ;
#9801 = LINE ( 'NONE', #7721, #3513 ) ;
#9802 = AXIS2_PLACEMENT_3D ( 'NONE', #4102, #9666, #9819 ) ;
#9803 = VECTOR ( 'NONE', #11000, 1000.000000000000000 ) ;
#9804 = PERSON_AND_ORGANIZATION ( #4411, #10511 ) ;
#9805 = DIRECTION ( 'NONE',  ( -0.7071067811865479100, -0.7071067811865471300, 0.0000000000000000000 ) ) ;
#9806 = ORIENTED_EDGE ( 'NONE', *, *, #7903, .T. ) ;
#9807 = VECTOR ( 'NONE', #8829, 1000.000000000000000 ) ;
#9808 = EDGE_CURVE ( 'NONE', #11022, #5100, #1742, .T. ) ;
#9809 = EDGE_CURVE ( 'NONE', #7150, #8592, #8445, .T. ) ;
#9810 = PLANE ( 'NONE',  #1770 ) ;
#9811 = CARTESIAN_POINT ( 'NONE',  ( 64.89991694908100300, 10.00963487981757000, 250.0000000000000000 ) ) ;
#9812 = VECTOR ( 'NONE', #11164, 1000.000000000000000 ) ;
#9813 = LINE ( 'NONE', #532, #8236 ) ;
#9814 = AXIS2_PLACEMENT_3D ( 'NONE', #2568, #2531, #11600 ) ;
#9815 = ADVANCED_FACE ( 'NONE', ( #8597 ), #883, .T. ) ;
#9816 = DIRECTION ( 'NONE',  ( -0.7071067811865474600, 0.7071067811865476800, 0.0000000000000000000 ) ) ;
#9817 = EDGE_LOOP ( 'NONE', ( #9233, #8880, #9437, #5749 ) ) ;
#9818 = VECTOR ( 'NONE', #5119, 1000.000000000000100 ) ;
#9819 = DIRECTION ( 'NONE',  ( -3.167501906566723600E-016, 1.000000000000000000, 0.0000000000000000000 ) ) ;
#9820 = FACE_OUTER_BOUND ( 'NONE', #40, .T. ) ;
#9821 = CARTESIAN_POINT ( 'NONE',  ( 54.50397484464128400, 6.565966396540218000, 250.0000000000000000 ) ) ;
#9822 = CARTESIAN_POINT ( 'NONE',  ( 62.84036513428219500, -16.08952252493459100, 250.0000000000000000 ) ) ;
#9823 = LINE ( 'NONE', #9676, #11109 ) ;
#9824 = DIRECTION ( 'NONE',  ( 0.0000000000000000000, 1.000000000000000000, 0.0000000000000000000 ) ) ;
#9825 = CARTESIAN_POINT ( 'NONE',  ( 12.69999998590111500, -13.75036510608260100, 250.0000000000000000 ) ) ;
#9826 = ORIENTED_EDGE ( 'NONE', *, *, #5911, .F. ) ;
#9827 = ORIENTED_EDGE ( 'NONE', *, *, #10458, .T. ) ;
#9828 = VERTEX_POINT ( 'NONE', #7065 ) ;
#9829 = LINE ( 'NONE', #11321, #2550 ) ;
#9830 = DIRECTION ( 'NONE',  ( -0.0000000000000000000, -0.0000000000000000000, -1.000000000000000000 ) ) ;
#9831 = VECTOR ( 'NONE', #4089, 1000.000000000000000 ) ;
#9832 = VECTOR ( 'NONE', #3618, 1000.000000000000000 ) ;
#9833 = EDGE_CURVE ( 'NONE', #7886, #4882, #6161, .T. ) ;
#9834 = ORIENTED_EDGE ( 'NONE', *, *, #4671, .F. ) ;
#9835 = EDGE_LOOP ( 'NONE', ( #5478, #2327, #4933, #11103 ) ) ;
#9836 = ORIENTED_EDGE ( 'NONE', *, *, #5655, .T. ) ;
#9837 = DIRECTION ( 'NONE',  ( -0.7071067811865474600, -0.7071067811865474600, 0.0000000000000000000 ) ) ;
#9838 = LINE ( 'NONE', #3054, #1976 ) ;
#9839 = EDGE_CURVE ( 'NONE', #7163, #2281, #2868, .T. ) ;
#9840 = CARTESIAN_POINT ( 'NONE',  ( 51.79999999999418500, 6.577983149782563800, 250.0000000000000000 ) ) ;
#9841 = VECTOR ( 'NONE', #1237, 1000.000000000000100 ) ;
#9843 = ADVANCED_FACE ( 'NONE', ( #11013 ), #2558, .F. ) ;
#9842 = VECTOR ( 'NONE', #11685, 1000.000000000000100 ) ;
#9844 = CARTESIAN_POINT ( 'NONE',  ( 57.89999999999418600, -19.99036512018243200, 250.0000000000000000 ) ) ;
#9845 = EDGE_CURVE ( 'NONE', #4909, #1964, #1338, .T. ) ;
#9846 = CARTESIAN_POINT ( 'NONE',  ( 34.49216308922456200, -13.42992900131788400, 250.0000000000000000 ) ) ;
#9847 = AXIS2_PLACEMENT_3D ( 'NONE', #9707, #8891, #8775 ) ;
#9848 = DIRECTION ( 'NONE',  ( 1.000000000000000000, 1.583750953283362000E-016, -0.0000000000000000000 ) ) ;
#9849 = VERTEX_POINT ( 'NONE', #2790 ) ;
#9850 = VERTEX_POINT ( 'NONE', #2822 ) ;
#9851 = VERTEX_POINT ( 'NONE', #10971 ) ;
#9852 = VERTEX_POINT ( 'NONE', #3668 ) ;
#9853 = CARTESIAN_POINT ( 'NONE',  ( 66.57000000000135700, 8.207983149782574400, 250.0000000000000000 ) ) ;
#9854 = CYLINDRICAL_SURFACE ( 'NONE', #1113, 0.7900000000000033700 ) ;
#9855 = LINE ( 'NONE', #6689, #2723 ) ;
#9856 = CARTESIAN_POINT ( 'NONE',  ( 51.79999999999418500, -2.882859445469489600, 250.0000000000000000 ) ) ;
#9857 = ORIENTED_EDGE ( 'NONE', *, *, #7040, .F. ) ;
#9858 = EDGE_CURVE ( 'NONE', #6656, #1178, #5867, .T. ) ;
#9859 = ORIENTED_EDGE ( 'NONE', *, *, #11399, .T. ) ;
#9860 = ORIENTED_EDGE ( 'NONE', *, *, #4082, .F. ) ;
#9861 = VERTEX_POINT ( 'NONE', #5592 ) ;
#9863 = ORIENTED_EDGE ( 'NONE', *, *, #4537, .T. ) ;
#9862 = CARTESIAN_POINT ( 'NONE',  ( 43.89036513427498000, -17.15999998590069400, 250.0000000000000000 ) ) ;
#9864 = DIRECTION ( 'NONE',  ( -0.0000000000000000000, -0.0000000000000000000, -1.000000000000000000 ) ) ;
#9865 = EDGE_LOOP ( 'NONE', ( #6859, #2294, #9002, #440 ) ) ;
#9866 = AXIS2_PLACEMENT_3D ( 'NONE', #7372, #4659, #11046 ) ;
#9867 = LINE ( 'NONE', #11441, #5026 ) ;
#9868 = CYLINDRICAL_SURFACE ( 'NONE', #7610, 2.099999999999997900 ) ;
#9869 = DIRECTION ( 'NONE',  ( 1.000000000000000000, -0.0000000000000000000, -0.0000000000000000000 ) ) ;
#9870 = PLANE ( 'NONE',  #1314 ) ;
#9871 = DIRECTION ( 'NONE',  ( -0.0000000000000000000, -0.0000000000000000000, -1.000000000000000000 ) ) ;
#9872 = VERTEX_POINT ( 'NONE', #3755 ) ;
#9873 = EDGE_LOOP ( 'NONE', ( #8080, #8295, #1054, #3205 ) ) ;
#9874 = ORIENTED_EDGE ( 'NONE', *, *, #10948, .T. ) ;
#9875 = ORIENTED_EDGE ( 'NONE', *, *, #11490, .F. ) ;
#9876 = VERTEX_POINT ( 'NONE', #2 ) ;
#9877 = VERTEX_POINT ( 'NONE', #1091 ) ;
#9878 = ADVANCED_FACE ( 'NONE', ( #8743 ), #3595, .F. ) ;
#9879 = EDGE_CURVE ( 'NONE', #2134, #4327, #4303, .T. ) ;
#9880 = DIRECTION ( 'NONE',  ( -0.7071067811865474600, 0.7071067811865476800, 0.0000000000000000000 ) ) ;
#9881 = EDGE_CURVE ( 'NONE', #2309, #6355, #5010, .T. ) ;
#9882 = FACE_OUTER_BOUND ( 'NONE', #10568, .T. ) ;
#9883 = VECTOR ( 'NONE', #7404, 1000.000000000000000 ) ;
#9884 = DIRECTION ( 'NONE',  ( -0.0000000000000000000, -0.0000000000000000000, -1.000000000000000000 ) ) ;
#9885 = CARTESIAN_POINT ( 'NONE',  ( 66.57000000000135700, 7.667983149782571700, 250.0000000000000000 ) ) ;
#9886 = CARTESIAN_POINT ( 'NONE',  ( 3.899999999999905800, -2.841651730025073900, 0.0000000000000000000 ) ) ;
#9887 = EDGE_LOOP ( 'NONE', ( #7976, #9888, #5202, #7756 ) ) ;
#9888 = ORIENTED_EDGE ( 'NONE', *, *, #10699, .F. ) ;
#9889 = ORIENTED_EDGE ( 'NONE', *, *, #254, .F. ) ;
#9890 = ORIENTED_EDGE ( 'NONE', *, *, #6037, .T. ) ;
#9891 = PLANE ( 'NONE',  #10706 ) ;
#9892 = EDGE_CURVE ( 'NONE', #8589, #9471, #6997, .T. ) ;
#9893 = PLANE ( 'NONE',  #5174 ) ;
#9894 = VERTEX_POINT ( 'NONE', #9137 ) ;
#9895 = CARTESIAN_POINT ( 'NONE',  ( 62.88268823480619600, 8.319634879817504800, 250.0000000000000000 ) ) ;
#9896 = LINE ( 'NONE', #4106, #5050 ) ;
#9897 = VECTOR ( 'NONE', #4962, 1000.000000000000000 ) ;
#9898 = DIRECTION ( 'NONE',  ( -1.000000000000000000, 0.0000000000000000000, 0.0000000000000000000 ) ) ;
#9899 = VERTEX_POINT ( 'NONE', #11016 ) ;
#9900 = DIRECTION ( 'NONE',  ( -0.0000000000000000000, 1.000000000000000000, -0.0000000000000000000 ) ) ;
#9901 = EDGE_LOOP ( 'NONE', ( #5270, #1735, #5761, #7796 ) ) ;
#9902 = CARTESIAN_POINT ( 'NONE',  ( 37.15084280695820200, -23.89285944546705000, 250.0000000000000000 ) ) ;
#9903 = DIRECTION ( 'NONE',  ( -0.7071067811865479100, 0.7071067811865472400, 0.0000000000000000000 ) ) ;
#9904 = VECTOR ( 'NONE', #11457, 1000.000000000000000 ) ;
#9905 = VECTOR ( 'NONE', #7388, 1000.000000000000000 ) ;
#9906 = VECTOR ( 'NONE', #5102, 1000.000000000000000 ) ;
#9907 = CARTESIAN_POINT ( 'NONE',  ( -6.559999999999973000, -14.50165173002494800, 250.0000000000000000 ) ) ;
#9908 = ORIENTED_EDGE ( 'NONE', *, *, #1448, .F. ) ;
#9909 = CARTESIAN_POINT ( 'NONE',  ( 56.09999999999428200, -0.1033369205210043500, 250.0000000000000000 ) ) ;
#9910 = EDGE_LOOP ( 'NONE', ( #7003, #3463, #4588, #7934 ) ) ;
#9911 = CARTESIAN_POINT ( 'NONE',  ( 37.12462353036301000, -28.19036512018228500, 250.0000000000000000 ) ) ;
#9912 = DIRECTION ( 'NONE',  ( 1.000000000000000000, 0.0000000000000000000, 0.0000000000000000000 ) ) ;
#9913 = CARTESIAN_POINT ( 'NONE',  ( 68.30999999998699900, 2.882517024158107500, 0.0000000000000000000 ) ) ;
#9914 = EDGE_CURVE ( 'NONE', #8590, #8114, #2285, .T. ) ;
#9915 = EDGE_LOOP ( 'NONE', ( #11221, #9164, #61, #7486, #10983 ) ) ;
#9916 = ORIENTED_EDGE ( 'NONE', *, *, #6139, .T. ) ;
#9917 = LINE ( 'NONE', #1767, #7489 ) ;
#9918 = LINE ( 'NONE', #8245, #1119 ) ;
#9919 = AXIS2_PLACEMENT_3D ( 'NONE', #1981, #11212, #5659 ) ;
#9920 = ORIENTED_EDGE ( 'NONE', *, *, #8431, .T. ) ;
#9921 = CARTESIAN_POINT ( 'NONE',  ( 47.30000001409307200, -13.75036510608260100, 250.0000000000000000 ) ) ;
#9922 = VERTEX_POINT ( 'NONE', #9974 ) ;
#9923 = ORIENTED_EDGE ( 'NONE', *, *, #10448, .F. ) ;
#9924 = VERTEX_POINT ( 'NONE', #10118 ) ;
#9925 = DIRECTION ( 'NONE',  ( -1.000000000000000000, 0.0000000000000000000, 0.0000000000000000000 ) ) ;
#9926 = PLANE ( 'NONE',  #11607 ) ;
#9927 = LINE ( 'NONE', #2974, #4642 ) ;
#9928 = EDGE_CURVE ( 'NONE', #14, #7870, #11719, .T. ) ;
#9929 = CARTESIAN_POINT ( 'NONE',  ( 55.08862915009559900, -29.99036512018235400, 0.0000000000000000000 ) ) ;
#9930 = EDGE_CURVE ( 'NONE', #10530, #5498, #3438, .T. ) ;
#9931 = AXIS2_PLACEMENT_3D ( 'NONE', #5917, #514, #594 ) ;
#9932 = ORIENTED_EDGE ( 'NONE', *, *, #1381, .F. ) ;
#9933 = LINE ( 'NONE', #11690, #4234 ) ;
#9934 = ADVANCED_FACE ( 'NONE', ( #3156 ), #9854, .T. ) ;
#9935 = DIRECTION ( 'NONE',  ( 0.0000000000000000000, -1.000000000000000000, 0.0000000000000000000 ) ) ;
#9936 = EDGE_CURVE ( 'NONE', #1508, #6891, #2441, .T. ) ;
#9937 = VECTOR ( 'NONE', #10589, 1000.000000000000000 ) ;
#9938 = DIRECTION ( 'NONE',  ( 0.0000000000000000000, 1.000000000000000000, 0.0000000000000000000 ) ) ;
#9939 = CARTESIAN_POINT ( 'NONE',  ( 63.89999999999420100, -20.09619636599925100, 0.0000000000000000000 ) ) ;
#9940 = CARTESIAN_POINT ( 'NONE',  ( 44.33238217684101600, -10.22967028555419600, 250.0000000000000000 ) ) ;
#9941 = DIRECTION ( 'NONE',  ( -0.0000000000000000000, -0.0000000000000000000, -1.000000000000000000 ) ) ;
#9942 = LINE ( 'NONE', #386, #3663 ) ;
#9943 = VECTOR ( 'NONE', #6311, 1000.000000000000000 ) ;
#9944 = DIRECTION ( 'NONE',  ( -0.0000000000000000000, -0.0000000000000000000, -1.000000000000000000 ) ) ;
#9945 = CARTESIAN_POINT ( 'NONE',  ( 0.08871339017088544800, -23.89285944546705000, 250.0000000000000000 ) ) ;
#9946 = EDGE_CURVE ( 'NONE', #1373, #11590, #9004, .T. ) ;
#9947 = EDGE_CURVE ( 'NONE', #9850, #1143, #9567, .T. ) ;
#9948 = CARTESIAN_POINT ( 'NONE',  ( 54.49666307946017000, -28.19036512018228900, 250.0000000000000000 ) ) ;
#9949 = APPROVAL_DATE_TIME ( #3254, #9546 ) ;
#9950 = DIRECTION ( 'NONE',  ( 0.7092036161358108400, 0.7050037098199480900, 0.0000000000000000000 ) ) ;
#9951 = AXIS2_PLACEMENT_3D ( 'NONE', #11313, #5836, #7543 ) ;
#9952 = FACE_OUTER_BOUND ( 'NONE', #10484, .T. ) ;
#9953 = DIRECTION ( 'NONE',  ( 0.0000000000000000000, 0.0000000000000000000, 1.000000000000000000 ) ) ;
#9954 = VECTOR ( 'NONE', #10063, 1000.000000000000000 ) ;
#9955 = DIRECTION ( 'NONE',  ( -1.000000000000000000, 0.0000000000000000000, 0.0000000000000000000 ) ) ;
#9956 = VECTOR ( 'NONE', #9504, 1000.000000000000000 ) ;
#9957 = DIRECTION ( 'NONE',  ( 0.0000000000000000000, 0.0000000000000000000, 1.000000000000000000 ) ) ;
#9958 = CARTESIAN_POINT ( 'NONE',  ( 23.90963486571973800, -17.15999999999958400, 250.0000000000000000 ) ) ;
#9959 = DIRECTION ( 'NONE',  ( -0.0000000000000000000, -0.0000000000000000000, -1.000000000000000000 ) ) ;
#9960 = EDGE_CURVE ( 'NONE', #5613, #6548, #6699, .T. ) ;
#9961 = EDGE_CURVE ( 'NONE', #10288, #2534, #7286, .T. ) ;
#9962 = DIRECTION ( 'NONE',  ( -0.7071067811865486800, -0.7071067811865464600, 0.0000000000000000000 ) ) ;
#9963 = CARTESIAN_POINT ( 'NONE',  ( -9.765685424946712000, -15.65930322560726800, 250.0000000000000000 ) ) ;
#9964 = ORIENTED_EDGE ( 'NONE', *, *, #9156, .F. ) ;
#9965 = CARTESIAN_POINT ( 'NONE',  ( 68.19999999999419100, -25.49370204071641800, 250.0000000000000000 ) ) ;
#9966 = ORIENTED_EDGE ( 'NONE', *, *, #10302, .T. ) ;
#9967 = VECTOR ( 'NONE', #4207, 1000.000000000000000 ) ;
#9968 = VECTOR ( 'NONE', #4123, 1000.000000000000000 ) ;
#9969 = LINE ( 'NONE', #9090, #9832 ) ;
#9970 = CARTESIAN_POINT ( 'NONE',  ( -6.240000000007161600, -12.68988765921544000, 250.0000000000000000 ) ) ;
#9971 = EDGE_LOOP ( 'NONE', ( #5907, #9800, #63, #6893 ) ) ;
#9972 = VERTEX_POINT ( 'NONE', #11098 ) ;
#9973 = ORIENTED_EDGE ( 'NONE', *, *, #54, .T. ) ;
#9974 = CARTESIAN_POINT ( 'NONE',  ( -7.660000000000000100, -26.56036512018241400, 250.0000000000000000 ) ) ;
#9975 = VECTOR ( 'NONE', #8209, 1000.000000000000000 ) ;
#9976 = EDGE_CURVE ( 'NONE', #6600, #6727, #179, .T. ) ;
#9977 = VERTEX_POINT ( 'NONE', #4758 ) ;
#9978 = EDGE_CURVE ( 'NONE', #2080, #5875, #6278, .T. ) ;
#9979 = FACE_OUTER_BOUND ( 'NONE', #11343, .T. ) ;
#9980 = LINE ( 'NONE', #6724, #2991 ) ;
#9981 = AXIS2_PLACEMENT_3D ( 'NONE', #3563, #11718, #6236 ) ;
#9982 = CARTESIAN_POINT ( 'NONE',  ( 55.08862915009559900, -29.99036512018235400, 250.0000000000000000 ) ) ;
#9983 = ORIENTED_EDGE ( 'NONE', *, *, #6612, .T. ) ;
#9984 = EDGE_LOOP ( 'NONE', ( #8352, #2548, #3182, #6396 ) ) ;
#9985 = ORIENTED_EDGE ( 'NONE', *, *, #1551, .F. ) ;
#9986 = AXIS2_PLACEMENT_3D ( 'NONE', #3065, #7681, #7723 ) ;
#9987 = CARTESIAN_POINT ( 'NONE',  ( 6.559999999999918800, 5.495853944692208300, 0.0000000000000000000 ) ) ;
#9988 = ADVANCED_FACE ( 'NONE', ( #5574 ), #3946, .F. ) ;
#9989 = VECTOR ( 'NONE', #11096, 1000.000000000000000 ) ;
#9990 = LINE ( 'NONE', #1669, #7704 ) ;
#9991 = EDGE_CURVE ( 'NONE', #8924, #9030, #4148, .T. ) ;
#9992 = CARTESIAN_POINT ( 'NONE',  ( -8.309999999999998700, -22.88036512018231500, 0.0000000000000000000 ) ) ;
#9993 = ORIENTED_EDGE ( 'NONE', *, *, #2601, .F. ) ;
#9994 = ORIENTED_EDGE ( 'NONE', *, *, #4107, .F. ) ;
#9995 = ORIENTED_EDGE ( 'NONE', *, *, #107, .F. ) ;
#9996 = ORIENTED_EDGE ( 'NONE', *, *, #4230, .F. ) ;
#9997 = EDGE_CURVE ( 'NONE', #7207, #1076, #1048, .T. ) ;
#9998 = DIRECTION ( 'NONE',  ( -0.7295601560796088900, 0.6839166459891854500, -0.0000000000000000000 ) ) ;
#9999 = CARTESIAN_POINT ( 'NONE',  ( 69.99999999998702500, 8.505591811452930500, 0.0000000000000000000 ) ) ;
#10000 = CARTESIAN_POINT ( 'NONE',  ( 68.30999999999419000, -22.88036512018231500, 250.0000000000000000 ) ) ;
#10001 = EDGE_CURVE ( 'NONE', #10917, #1973, #10418, .T. ) ;
#10002 = CARTESIAN_POINT ( 'NONE',  ( 62.09999999999418900, 0.009634879817567700000, 250.0000000000000000 ) ) ;
#10003 = FACE_OUTER_BOUND ( 'NONE', #10751, .T. ) ;
#10004 = FACE_OUTER_BOUND ( 'NONE', #5434, .T. ) ;
#10005 = CARTESIAN_POINT ( 'NONE',  ( 53.43999999999424200, -5.496196365999260500, 250.0000000000000000 ) ) ;
#10006 = ADVANCED_FACE ( 'NONE', ( #4715 ), #11192, .F. ) ;
#10007 = DIRECTION ( 'NONE',  ( 0.7068146735022621300, -0.7073987682501932100, 0.0000000000000000000 ) ) ;
#10008 = ORIENTED_EDGE ( 'NONE', *, *, #10033, .F. ) ;
#10009 = VERTEX_POINT ( 'NONE', #5673 ) ;
#10010 = ORIENTED_EDGE ( 'NONE', *, *, #11240, .F. ) ;
#10011 = ORIENTED_EDGE ( 'NONE', *, *, #10682, .F. ) ;
#10012 = VERTEX_POINT ( 'NONE', #272 ) ;
#10013 = FACE_OUTER_BOUND ( 'NONE', #11297, .T. ) ;
#10014 = LINE ( 'NONE', #375, #10884 ) ;
#10015 = EDGE_CURVE ( 'NONE', #6143, #2360, #6556, .T. ) ;
#10016 = EDGE_CURVE ( 'NONE', #6284, #10581, #4435, .T. ) ;
#10017 = CARTESIAN_POINT ( 'NONE',  ( 68.19999999999419100, 2.882517024154526400, 250.0000000000000000 ) ) ;
#10018 = CARTESIAN_POINT ( 'NONE',  ( 7.309634879832146700, -26.24310889209111900, 0.0000000000000000000 ) ) ;
#10019 = ORIENTED_EDGE ( 'NONE', *, *, #1009, .T. ) ;
#10020 = ORIENTED_EDGE ( 'NONE', *, *, #9858, .T. ) ;
#10021 = ORIENTED_EDGE ( 'NONE', *, *, #5215, .F. ) ;
#10022 = EDGE_LOOP ( 'NONE', ( #4763, #2773, #2147, #4199 ) ) ;
#10023 = AXIS2_PLACEMENT_3D ( 'NONE', #4792, #9371, #11350 ) ;
#10024 = ORIENTED_EDGE ( 'NONE', *, *, #6432, .F. ) ;
#10025 = DIRECTION ( 'NONE',  ( 1.000000000000000000, 0.0000000000000000000, 0.0000000000000000000 ) ) ;
#10026 = DIRECTION ( 'NONE',  ( 1.000000000000000000, 0.0000000000000000000, 0.0000000000000000000 ) ) ;
#10027 = LINE ( 'NONE', #8688, #6457 ) ;
#10028 = VECTOR ( 'NONE', #7863, 1000.000000000000000 ) ;
#10029 = DIRECTION ( 'NONE',  ( -0.0000000000000000000, -0.0000000000000000000, -1.000000000000000000 ) ) ;
#10030 = ORIENTED_EDGE ( 'NONE', *, *, #2221, .F. ) ;
#10031 = EDGE_LOOP ( 'NONE', ( #8443, #4275, #6562, #11556 ) ) ;
#10032 = ORIENTED_EDGE ( 'NONE', *, *, #8725, .T. ) ;
#10033 = EDGE_CURVE ( 'NONE', #2845, #1371, #469, .T. ) ;
#10034 = EDGE_CURVE ( 'NONE', #9259, #8195, #8010, .T. ) ;
#10035 = VERTEX_POINT ( 'NONE', #6571 ) ;
#10036 = LINE ( 'NONE', #4252, #3477 ) ;
#10037 = VECTOR ( 'NONE', #3355, 1000.000000000000000 ) ;
#10038 = LINE ( 'NONE', #10528, #2898 ) ;
#10039 = AXIS2_PLACEMENT_3D ( 'NONE', #749, #11623, #4319 ) ;
#10040 = CARTESIAN_POINT ( 'NONE',  ( 15.08862915010184300, -29.19036512018207900, 0.0000000000000000000 ) ) ;
#10041 = DIRECTION ( 'NONE',  ( -0.0000000000000000000, -0.0000000000000000000, -1.000000000000000000 ) ) ;
#10042 = CARTESIAN_POINT ( 'NONE',  ( 47.30000001409307200, -11.79869069127881800, 250.0000000000000000 ) ) ;
#10043 = EDGE_CURVE ( 'NONE', #1394, #4425, #2152, .T. ) ;
#10044 = DIRECTION ( 'NONE',  ( 0.7295601560337936500, 0.6839166460380582400, 0.0000000000000000000 ) ) ;
#10045 = ORIENTED_EDGE ( 'NONE', *, *, #6184, .F. ) ;
#10046 = DIRECTION ( 'NONE',  ( 0.7073987682501935400, -0.7068146735022619000, 0.0000000000000000000 ) ) ;
#10047 = ORIENTED_EDGE ( 'NONE', *, *, #3384, .T. ) ;
#10048 = FACE_OUTER_BOUND ( 'NONE', #2598, .T. ) ;
#10049 = VECTOR ( 'NONE', #5576, 1000.000000000000000 ) ;
#10050 = CARTESIAN_POINT ( 'NONE',  ( 7.309634879817814100, -28.19036512018228900, 250.0000000000000000 ) ) ;
#10051 = DIRECTION ( 'NONE',  ( 1.408956491735679000E-012, -1.000000000000000000, 0.0000000000000000000 ) ) ;
#10052 = VERTEX_POINT ( 'NONE', #3917 ) ;
#10053 = VERTEX_POINT ( 'NONE', #10284 ) ;
#10054 = ORIENTED_EDGE ( 'NONE', *, *, #9363, .T. ) ;
#10055 = VECTOR ( 'NONE', #934, 1000.000000000000000 ) ;
#10056 = DIRECTION ( 'NONE',  ( 0.0000000000000000000, -1.000000000000000000, 0.0000000000000000000 ) ) ;
#10057 = LINE ( 'NONE', #9217, #6626 ) ;
#10058 = CARTESIAN_POINT ( 'NONE',  ( 6.559999999999918800, 5.495853944692208300, 250.0000000000000000 ) ) ;
#10059 = CARTESIAN_POINT ( 'NONE',  ( 63.89999999999420100, -17.16832557109312100, 250.0000000000000000 ) ) ;
#10060 = CARTESIAN_POINT ( 'NONE',  ( -6.559999999999963200, -25.49370204071641800, 250.0000000000000000 ) ) ;
#10061 = FACE_OUTER_BOUND ( 'NONE', #11570, .T. ) ;
#10062 = VECTOR ( 'NONE', #4098, 1000.000000000000000 ) ;
#10063 = DIRECTION ( 'NONE',  ( -0.0000000000000000000, -0.0000000000000000000, -1.000000000000000000 ) ) ;
#10064 = EDGE_CURVE ( 'NONE', #4444, #4025, #9433, .T. ) ;
#10065 = CARTESIAN_POINT ( 'NONE',  ( 2.889999999999921100, -28.19036512018228900, 0.0000000000000000000 ) ) ;
#10066 = CARTESIAN_POINT ( 'NONE',  ( 53.43999999999427100, 5.495853944692208300, 250.0000000000000000 ) ) ;
#10067 = DIRECTION ( 'NONE',  ( -0.6839166460380887700, -0.7295601560337651200, 0.0000000000000000000 ) ) ;
#10068 = LINE ( 'NONE', #5176, #114 ) ;
#10069 = DIRECTION ( 'NONE',  ( 1.000000000000000000, 5.484285338767178500E-012, -0.0000000000000000000 ) ) ;
#10070 = CARTESIAN_POINT ( 'NONE',  ( 64.34130259194363100, 9.778249236954939900, 0.0000000000000000000 ) ) ;
#10071 = CARTESIAN_POINT ( 'NONE',  ( 51.79999999997984600, -7.297745508358056900, 0.0000000000000000000 ) ) ;
#10072 = LINE ( 'NONE', #8332, #4521 ) ;
#10073 = PLANE ( 'NONE',  #6364 ) ;
#10074 = LOCAL_TIME ( 0, 21, 2.000000000000000000, #7961 ) ;
#10075 = EDGE_CURVE ( 'NONE', #8969, #8845, #11146, .T. ) ;
#10076 = AXIS2_PLACEMENT_3D ( 'NONE', #10681, #5199, #6099 ) ;
#10077 = DIRECTION ( 'NONE',  ( -1.000000000000000000, 0.0000000000000000000, 0.0000000000000000000 ) ) ;
#10078 = LINE ( 'NONE', #11385, #710 ) ;
#10079 = CARTESIAN_POINT ( 'NONE',  ( 59.91128660982330700, -23.89285944546705000, 0.0000000000000000000 ) ) ;
#10080 = FACE_OUTER_BOUND ( 'NONE', #3150, .T. ) ;
#10081 = CYLINDRICAL_SURFACE ( 'NONE', #4220, 0.7999999999964146900 ) ;
#10082 = PLANE ( 'NONE',  #7116 ) ;
#10083 = DIRECTION ( 'NONE',  ( 1.000000000000000000, 1.057758217049727200E-015, 0.0000000000000000000 ) ) ;
#10084 = VERTEX_POINT ( 'NONE', #7507 ) ;
#10085 = LINE ( 'NONE', #8634, #3965 ) ;
#10086 = DIRECTION ( 'NONE',  ( 0.7089894245298813400, 0.7052191119820758700, -0.0000000000000000000 ) ) ;
#10087 = EDGE_CURVE ( 'NONE', #6733, #9287, #4871, .T. ) ;
#10088 = EDGE_CURVE ( 'NONE', #2032, #3178, #4005, .T. ) ;
#10089 = LINE ( 'NONE', #9736, #11680 ) ;
#10090 = VECTOR ( 'NONE', #11524, 1000.000000000000100 ) ;
#10091 = CARTESIAN_POINT ( 'NONE',  ( 59.99999999999418100, -23.79285944546526100, 0.0000000000000000000 ) ) ;
#10092 = CARTESIAN_POINT ( 'NONE',  ( 37.15084280695820200, -23.89285944546705000, 0.0000000000000000000 ) ) ;
#10093 = DIRECTION ( 'NONE',  ( -0.0000000000000000000, 0.0000000000000000000, -1.000000000000000000 ) ) ;
#10094 = ORIENTED_EDGE ( 'NONE', *, *, #6019, .F. ) ;
#10095 = ORIENTED_EDGE ( 'NONE', *, *, #11601, .F. ) ;
#10096 = ORIENTED_EDGE ( 'NONE', *, *, #2681, .T. ) ;
#10097 = VECTOR ( 'NONE', #4119, 1000.000000000000000 ) ;
#10098 = FACE_OUTER_BOUND ( 'NONE', #5789, .T. ) ;
#10099 = DIRECTION ( 'NONE',  ( 2.935685882421766200E-014, 1.000000000000000000, 0.0000000000000000000 ) ) ;
#10100 = PLANE ( 'NONE',  #6471 ) ;
#10101 = DIRECTION ( 'NONE',  ( 5.484285338750569400E-012, 1.000000000000000000, 0.0000000000000000000 ) ) ;
#10102 = LINE ( 'NONE', #10678, #2264 ) ;
#10103 = AXIS2_PLACEMENT_3D ( 'NONE', #7061, #8072, #9898 ) ;
#10104 = CARTESIAN_POINT ( 'NONE',  ( 25.48871339015736100, -28.19036512018228900, 0.0000000000000000000 ) ) ;
#10105 = CARTESIAN_POINT ( 'NONE',  ( 67.65999999999419900, -26.56036512018241400, 0.0000000000000000000 ) ) ;
#10106 = DIRECTION ( 'NONE',  ( -0.7078322512429712200, -0.7063805660550885900, 0.0000000000000000000 ) ) ;
#10107 = ADVANCED_FACE ( 'NONE', ( #11003 ), #3830, .F. ) ;
#10108 = DIRECTION ( 'NONE',  ( -2.832201593432359000E-014, 1.000000000000000000, -0.0000000000000000000 ) ) ;
#10109 = VERTEX_POINT ( 'NONE', #7811 ) ;
#10110 = ORIENTED_EDGE ( 'NONE', *, *, #8248, .F. ) ;
#10111 = VERTEX_POINT ( 'NONE', #7145 ) ;
#10112 = CIRCLE ( 'NONE', #1391, 0.8000000000000853100 ) ;
#10113 = DIRECTION ( 'NONE',  ( 0.0000000000000000000, -1.000000000000000000, 0.0000000000000000000 ) ) ;
#10114 = CARTESIAN_POINT ( 'NONE',  ( 8.200000000000006400, -2.882859445469489600, 250.0000000000000000 ) ) ;
#10115 = LINE ( 'NONE', #4950, #9422 ) ;
#10116 = VECTOR ( 'NONE', #10800, 1000.000000000000000 ) ;
#10117 = DIRECTION ( 'NONE',  ( 1.000000000000000000, 0.0000000000000000000, 0.0000000000000000000 ) ) ;
#10118 = CARTESIAN_POINT ( 'NONE',  ( 35.10325268046423700, -29.99036512018231400, 0.0000000000000000000 ) ) ;
#10119 = EDGE_CURVE ( 'NONE', #4711, #2028, #8728, .T. ) ;
#10120 = ORIENTED_EDGE ( 'NONE', *, *, #1414, .T. ) ;
#10121 = ORIENTED_EDGE ( 'NONE', *, *, #6269, .F. ) ;
#10122 = ORIENTED_EDGE ( 'NONE', *, *, #6393, .F. ) ;
#10124 = ORIENTED_EDGE ( 'NONE', *, *, #3500, .T. ) ;
#10123 = PLANE ( 'NONE',  #4138 ) ;
#10125 = DIRECTION ( 'NONE',  ( 0.7071067811865474600, 0.7071067811865474600, 0.0000000000000000000 ) ) ;
#10126 = VECTOR ( 'NONE', #2215, 1000.000000000000000 ) ;
#10127 = CARTESIAN_POINT ( 'NONE',  ( 51.79999999999418500, 6.577983149782563800, 250.0000000000000000 ) ) ;
#10128 = DIRECTION ( 'NONE',  ( 0.0000000000000000000, 0.0000000000000000000, 1.000000000000000000 ) ) ;
#10129 = ORIENTED_EDGE ( 'NONE', *, *, #663, .T. ) ;
#10130 = CARTESIAN_POINT ( 'NONE',  ( 24.34436508139353700, -10.22467969523303600, 250.0000000000000000 ) ) ;
#10131 = ORIENTED_EDGE ( 'NONE', *, *, #5929, .T. ) ;
#10132 = ORIENTED_EDGE ( 'NONE', *, *, #5277, .F. ) ;
#10133 = ORIENTED_EDGE ( 'NONE', *, *, #11476, .T. ) ;
#10134 = DIRECTION ( 'NONE',  ( -0.7072143353590408800, 0.7069992106520841500, 0.0000000000000000000 ) ) ;
#10135 = ORIENTED_EDGE ( 'NONE', *, *, #2155, .T. ) ;
#10136 = ORIENTED_EDGE ( 'NONE', *, *, #3239, .T. ) ;
#10137 = EDGE_CURVE ( 'NONE', #10035, #5070, #3716, .T. ) ;
#10138 = ORIENTED_EDGE ( 'NONE', *, *, #10780, .T. ) ;
#10139 = VECTOR ( 'NONE', #10575, 1000.000000000000000 ) ;
#10140 = VECTOR ( 'NONE', #8086, 1000.000000000000000 ) ;
#10141 = CARTESIAN_POINT ( 'NONE',  ( 65.48871339015163100, -26.55168528746671400, 0.0000000000000000000 ) ) ;
#10142 = ORIENTED_EDGE ( 'NONE', *, *, #11193, .T. ) ;
#10143 = DIRECTION ( 'NONE',  ( -1.000000000000000000, 0.0000000000000000000, 0.0000000000000000000 ) ) ;
#10144 = EDGE_CURVE ( 'NONE', #11442, #7349, #11303, .T. ) ;
#10145 = PLANE ( 'NONE',  #4644 ) ;
#10146 = CARTESIAN_POINT ( 'NONE',  ( 68.19999999999419100, -14.50165173002494800, 250.0000000000000000 ) ) ;
#10147 = ORIENTED_EDGE ( 'NONE', *, *, #94, .T. ) ;
#10148 = ORIENTED_EDGE ( 'NONE', *, *, #3696, .F. ) ;
#10149 = ORIENTED_EDGE ( 'NONE', *, *, #5764, .F. ) ;
#10150 = VERTEX_POINT ( 'NONE', #3763 ) ;
#10151 = PLANE ( 'NONE',  #8657 ) ;
#10152 = EDGE_CURVE ( 'NONE', #9151, #8005, #8285, .T. ) ;
#10153 = ORIENTED_EDGE ( 'NONE', *, *, #11089, .F. ) ;
#10154 = CC_DESIGN_APPROVAL ( #9546, ( #8956 ) ) ;
#10155 = PLANE ( 'NONE',  #1066 ) ;
#10156 = VECTOR ( 'NONE', #10470, 1000.000000000000000 ) ;
#10157 = VECTOR ( 'NONE', #9328, 1000.000000000000000 ) ;
#10158 = CARTESIAN_POINT ( 'NONE',  ( 68.19999999999419100, -26.56036512018241400, 0.0000000000000000000 ) ) ;
#10159 = ORIENTED_EDGE ( 'NONE', *, *, #4930, .T. ) ;
#10160 = VERTEX_POINT ( 'NONE', #8263 ) ;
#10161 = VERTEX_POINT ( 'NONE', #2764 ) ;
#10162 = ORIENTED_EDGE ( 'NONE', *, *, #7192, .F. ) ;
#10163 = PLANE ( 'NONE',  #6702 ) ;
#10164 = DIRECTION ( 'NONE',  ( -1.000000000000000000, 4.175839678922507800E-012, 0.0000000000000000000 ) ) ;
#10165 = ORIENTED_EDGE ( 'NONE', *, *, #11476, .F. ) ;
#10166 = CARTESIAN_POINT ( 'NONE',  ( 8.200000000000006400, 8.207983149782574400, 250.0000000000000000 ) ) ;
#10167 = ORIENTED_EDGE ( 'NONE', *, *, #3197, .T. ) ;
#10168 = CARTESIAN_POINT ( 'NONE',  ( -8.309999999992822200, 2.882517024158107500, 0.0000000000000000000 ) ) ;
#10169 = EDGE_CURVE ( 'NONE', #6916, #4414, #1458, .T. ) ;
#10170 = EDGE_CURVE ( 'NONE', #8618, #7818, #6985, .T. ) ;
#10171 = LINE ( 'NONE', #10166, #6188 ) ;
#10172 = LINE ( 'NONE', #3170, #7764 ) ;
#10173 = CARTESIAN_POINT ( 'NONE',  ( 39.88915761646221400, -23.89285944546705000, 250.0000000000000000 ) ) ;
#10174 = CARTESIAN_POINT ( 'NONE',  ( 3.900000000014340000, -17.16832557109312100, 250.0000000000000000 ) ) ;
#10175 = PLANE ( 'NONE',  #8544 ) ;
#10176 = AXIS2_PLACEMENT_3D ( 'NONE', #3813, #9323, #4782 ) ;
#10177 = ORIENTED_EDGE ( 'NONE', *, *, #4884, .F. ) ;
#10178 = ADVANCED_FACE ( 'NONE', ( #11575 ), #5525, .F. ) ;
#10179 = PLANE ( 'NONE',  #5511 ) ;
#10180 = ORIENTED_EDGE ( 'NONE', *, *, #7953, .T. ) ;
#10181 = LINE ( 'NONE', #11285, #7772 ) ;
#10182 = CARTESIAN_POINT ( 'NONE',  ( -6.559999999985583600, 5.495853944692208300, 0.0000000000000000000 ) ) ;
#10183 = CARTESIAN_POINT ( 'NONE',  ( 9.269634879828643600, -11.79869069127881800, 250.0000000000000000 ) ) ;
#10184 = VECTOR ( 'NONE', #7473, 1000.000000000000100 ) ;
#10185 = VECTOR ( 'NONE', #11648, 1000.000000000000000 ) ;
#10186 = CARTESIAN_POINT ( 'NONE',  ( 68.49595693162238800, 10.00963487981757200, 0.0000000000000000000 ) ) ;
#10187 = DIRECTION ( 'NONE',  ( 0.0000000000000000000, 0.0000000000000000000, 1.000000000000000000 ) ) ;
#10188 = EDGE_CURVE ( 'NONE', #6012, #9151, #10987, .T. ) ;
#10189 = EDGE_CURVE ( 'NONE', #9852, #9755, #1033, .T. ) ;
#10190 = VERTEX_POINT ( 'NONE', #10059 ) ;
#10191 = EDGE_LOOP ( 'NONE', ( #7173, #1862, #6237, #8603 ) ) ;
#10192 = ORIENTED_EDGE ( 'NONE', *, *, #9183, .T. ) ;
#10193 = LINE ( 'NONE', #4743, #7043 ) ;
#10194 = AXIS2_PLACEMENT_3D ( 'NONE', #3659, #5512, #336 ) ;
#10195 = CARTESIAN_POINT ( 'NONE',  ( 53.43999999999427100, 5.495853944692208300, 250.0000000000000000 ) ) ;
#10196 = DIRECTION ( 'NONE',  ( -0.7071067811865491300, 0.7071067811865459100, -0.0000000000000000000 ) ) ;
#10197 = LINE ( 'NONE', #7288, #3070 ) ;
#10198 = CARTESIAN_POINT ( 'NONE',  ( 4.899916949086820000, 9.219634879817565600, 0.0000000000000000000 ) ) ;
#10199 = DIRECTION ( 'NONE',  ( -0.7050037098199480900, 0.7092036161358108400, 0.0000000000000000000 ) ) ;
#10200 = DIRECTION ( 'NONE',  ( -0.0000000000000000000, -0.0000000000000000000, -1.000000000000000000 ) ) ;
#10201 = ORIENTED_EDGE ( 'NONE', *, *, #3650, .F. ) ;
#10202 = CARTESIAN_POINT ( 'NONE',  ( 22.88867965644328400, -11.79036512018251400, 250.0000000000000000 ) ) ;
#10203 = ORIENTED_EDGE ( 'NONE', *, *, #572, .F. ) ;
#10204 = EDGE_CURVE ( 'NONE', #3540, #2032, #6418, .T. ) ;
#10205 = ORIENTED_EDGE ( 'NONE', *, *, #8808, .F. ) ;
#10206 = ORIENTED_EDGE ( 'NONE', *, *, #3503, .F. ) ;
#10207 = DIRECTION ( 'NONE',  ( 0.7050037098199473100, 0.7092036161358117300, -0.0000000000000000000 ) ) ;
#10208 = VECTOR ( 'NONE', #2817, 1000.000000000000000 ) ;
#10209 = DIRECTION ( 'NONE',  ( 0.0000000000000000000, 0.0000000000000000000, 1.000000000000000000 ) ) ;
#10210 = CARTESIAN_POINT ( 'NONE',  ( 6.570000000007161700, 8.207983149782574400, 0.0000000000000000000 ) ) ;
#10211 = CARTESIAN_POINT ( 'NONE',  ( 62.09999999999419600, -19.99036512018243200, 250.0000000000000000 ) ) ;
#10212 = ADVANCED_FACE ( 'NONE', ( #6683 ), #2831, .F. ) ;
#10213 = DIRECTION ( 'NONE',  ( -0.7071067811865474600, -0.7071067811865474600, 0.0000000000000000000 ) ) ;
#10214 = DIRECTION ( 'NONE',  ( 0.0000000000000000000, 1.000000000000000000, 0.0000000000000000000 ) ) ;
#10215 = DIRECTION ( 'NONE',  ( 7.358464543525670200E-012, -1.000000000000000000, 0.0000000000000000000 ) ) ;
#10216 = CARTESIAN_POINT ( 'NONE',  ( 64.33399082676281500, -29.75897947731955600, 250.0000000000000000 ) ) ;
#10217 = VERTEX_POINT ( 'NONE', #6474 ) ;
#10218 = LINE ( 'NONE', #5664, #5093 ) ;
#10219 = CARTESIAN_POINT ( 'NONE',  ( -6.569999999999968300, -28.19036512018242000, 250.0000000000000000 ) ) ;
#10220 = LINE ( 'NONE', #2228, #7958 ) ;
#10221 = EDGE_CURVE ( 'NONE', #3040, #4210, #3993, .T. ) ;
#10222 = DIRECTION ( 'NONE',  ( 1.000000000000000000, 0.0000000000000000000, 0.0000000000000000000 ) ) ;
#10223 = CARTESIAN_POINT ( 'NONE',  ( 32.68073025445671200, -28.19036512018301400, 250.0000000000000000 ) ) ;
#10224 = CARTESIAN_POINT ( 'NONE',  ( -9.999999999999998200, -4.904230295371562000, 250.0000000000000000 ) ) ;
#10225 = CARTESIAN_POINT ( 'NONE',  ( 60.08871339015073700, -23.89285944546705000, 0.0000000000000000000 ) ) ;
#10226 = EDGE_CURVE ( 'NONE', #10982, #5894, #3427, .T. ) ;
#10227 = VECTOR ( 'NONE', #423, 1000.000000000000100 ) ;
#10228 = CARTESIAN_POINT ( 'NONE',  ( 8.200000000000006400, 6.577983149782563800, 0.0000000000000000000 ) ) ;
#10229 = EDGE_CURVE ( 'NONE', #3560, #10973, #7274, .T. ) ;
#10230 = VECTOR ( 'NONE', #9079, 1000.000000000000000 ) ;
#10231 = AXIS2_PLACEMENT_3D ( 'NONE', #11068, #5602, #933 ) ;
#10232 = APPROVAL_PERSON_ORGANIZATION ( #10950, #9546, #11056 ) ;
#10233 = CARTESIAN_POINT ( 'NONE',  ( 52.69036512016204200, -26.24310889209111900, 0.0000000000000000000 ) ) ;
#10234 = CARTESIAN_POINT ( 'NONE',  ( 32.68073025445627200, -13.75036512018161100, 0.0000000000000000000 ) ) ;
#10235 = DIRECTION ( 'NONE',  ( 0.0000000000000000000, -1.000000000000000000, 0.0000000000000000000 ) ) ;
#10236 = FACE_OUTER_BOUND ( 'NONE', #9636, .T. ) ;
#10237 = ADVANCED_FACE ( 'NONE', ( #457 ), #4679, .F. ) ;
#10238 = DIRECTION ( 'NONE',  ( -0.0000000000000000000, -0.0000000000000000000, -1.000000000000000000 ) ) ;
#10239 = LINE ( 'NONE', #6239, #5533 ) ;
#10240 = EDGE_CURVE ( 'NONE', #8978, #5364, #4290, .T. ) ;
#10241 = EDGE_CURVE ( 'NONE', #6205, #5468, #1857, .T. ) ;
#10242 = CYLINDRICAL_SURFACE ( 'NONE', #5442, 0.7900000000000042500 ) ;
#10243 = DIRECTION ( 'NONE',  ( -1.000000000000000000, 3.848691132894412300E-015, 0.0000000000000000000 ) ) ;
#10244 = ORIENTED_EDGE ( 'NONE', *, *, #421, .T. ) ;
#10245 = ORIENTED_EDGE ( 'NONE', *, *, #1039, .T. ) ;
#10246 = LINE ( 'NONE', #4366, #9112 ) ;
#10247 = CARTESIAN_POINT ( 'NONE',  ( 4.899916949086820000, 10.00963487981757000, 0.0000000000000000000 ) ) ;
#10248 = LINE ( 'NONE', #8850, #8119 ) ;
#10249 = VECTOR ( 'NONE', #706, 1000.000000000000000 ) ;
#10250 = DIRECTION ( 'NONE',  ( 0.003549905670444936900, -0.9999936990650145600, 0.0000000000000000000 ) ) ;
#10251 = DIRECTION ( 'NONE',  ( 0.7071067811865476800, -0.7071067811865474600, 0.0000000000000000000 ) ) ;
#10252 = EDGE_CURVE ( 'NONE', #9635, #10345, #8427, .T. ) ;
#10253 = EDGE_CURVE ( 'NONE', #9163, #11061, #8873, .T. ) ;
#10254 = ORIENTED_EDGE ( 'NONE', *, *, #4296, .T. ) ;
#10255 = ORIENTED_EDGE ( 'NONE', *, *, #6612, .F. ) ;
#10256 = ORIENTED_EDGE ( 'NONE', *, *, #6532, .F. ) ;
#10257 = FACE_BOUND ( 'NONE', #4163, .T. ) ;
#10258 = CARTESIAN_POINT ( 'NONE',  ( 68.49595693162238800, 8.505591811452930500, 250.0000000000000000 ) ) ;
#10259 = VERTEX_POINT ( 'NONE', #5714 ) ;
#10260 = CARTESIAN_POINT ( 'NONE',  ( 32.68073025445621500, -11.79036512018218900, 250.0000000000000000 ) ) ;
#10261 = FACE_OUTER_BOUND ( 'NONE', #10859, .T. ) ;
#10262 = PLANE ( 'NONE',  #5423 ) ;
#10263 = AXIS2_PLACEMENT_3D ( 'NONE', #8658, #3194, #10433 ) ;
#10264 = LINE ( 'NONE', #467, #605 ) ;
#10265 = DIRECTION ( 'NONE',  ( -3.009214193020912300E-014, -1.000000000000000000, -0.0000000000000000000 ) ) ;
#10266 = EDGE_CURVE ( 'NONE', #11114, #610, #6005, .T. ) ;
#10267 = ADVANCED_FACE ( 'NONE', ( #8140 ), #10179, .T. ) ;
#10268 = VERTEX_POINT ( 'NONE', #1210 ) ;
#10269 = ORIENTED_EDGE ( 'NONE', *, *, #10632, .T. ) ;
#10270 = EDGE_LOOP ( 'NONE', ( #4285, #11286, #2334, #881 ) ) ;
#10271 = CARTESIAN_POINT ( 'NONE',  ( 2.835002123243146600, -3.901602146817069200, 250.0000000000000000 ) ) ;
#10272 = PLANE ( 'NONE',  #10518 ) ;
#10273 = CARTESIAN_POINT ( 'NONE',  ( 62.87537646962544400, -28.30036512018218900, 250.0000000000000000 ) ) ;
#10274 = VECTOR ( 'NONE', #9242, 1000.000000000000000 ) ;
#10275 = VECTOR ( 'NONE', #5886, 1000.000000000000000 ) ;
#10276 = DIRECTION ( 'NONE',  ( -1.000000000000000000, 0.0000000000000000000, 0.0000000000000000000 ) ) ;
#10277 = ORIENTED_EDGE ( 'NONE', *, *, #6247, .T. ) ;
#10278 = VERTEX_POINT ( 'NONE', #5680 ) ;
#10279 = ORIENTED_EDGE ( 'NONE', *, *, #10860, .T. ) ;
#10280 = ORIENTED_EDGE ( 'NONE', *, *, #10861, .F. ) ;
#10281 = CARTESIAN_POINT ( 'NONE',  ( 55.65869740804474500, 9.778249236954939900, 0.0000000000000000000 ) ) ;
#10282 = VECTOR ( 'NONE', #4400, 1000.000000000000100 ) ;
#10283 = FACE_OUTER_BOUND ( 'NONE', #8158, .T. ) ;
#10284 = CARTESIAN_POINT ( 'NONE',  ( 65.49602515533275900, 6.565966396540218000, 0.0000000000000000000 ) ) ;
#10285 = VERTEX_POINT ( 'NONE', #6533 ) ;
#10286 = CARTESIAN_POINT ( 'NONE',  ( 44.90302966803178500, -10.79034973122128200, 0.0000000000000000000 ) ) ;
#10287 = DIRECTION ( 'NONE',  ( -0.0000000000000000000, -0.0000000000000000000, -1.000000000000000000 ) ) ;
#10288 = VERTEX_POINT ( 'NONE', #3007 ) ;
#10289 = ORIENTED_EDGE ( 'NONE', *, *, #1061, .F. ) ;
#10290 = ORIENTED_EDGE ( 'NONE', *, *, #2910, .F. ) ;
#10291 = VERTEX_POINT ( 'NONE', #7547 ) ;
#10292 = VERTEX_POINT ( 'NONE', #4718 ) ;
#10293 = ADVANCED_FACE ( 'NONE', ( #11295 ), #9253, .T. ) ;
#10294 = LINE ( 'NONE', #2063, #7891 ) ;
#10295 = VECTOR ( 'NONE', #8653, 1000.000000000000000 ) ;
#10296 = DIRECTION ( 'NONE',  ( -0.7295601560796088900, 0.6839166459891854500, -0.0000000000000000000 ) ) ;
#10297 = DIRECTION ( 'NONE',  ( 0.0000000000000000000, 1.000000000000000000, 0.0000000000000000000 ) ) ;
#10298 = CARTESIAN_POINT ( 'NONE',  ( 51.79999999999417800, -10.72952252493693900, 250.0000000000000000 ) ) ;
#10299 = ORIENTED_EDGE ( 'NONE', *, *, #1505, .F. ) ;
#10300 = ORIENTED_EDGE ( 'NONE', *, *, #7508, .F. ) ;
#10301 = EDGE_LOOP ( 'NONE', ( #531, #237, #1072, #6129 ) ) ;
#10302 = EDGE_CURVE ( 'NONE', #5762, #3699, #3564, .T. ) ;
#10304 = ORIENTED_EDGE ( 'NONE', *, *, #8575, .T. ) ;
#10303 = DIRECTION ( 'NONE',  ( -0.0000000000000000000, -0.0000000000000000000, -1.000000000000000000 ) ) ;
#10305 = DIRECTION ( 'NONE',  ( -0.7071067811865472400, 0.7071067811865479100, -0.0000000000000000000 ) ) ;
#10306 = CARTESIAN_POINT ( 'NONE',  ( 2.835002123243146600, -3.901602146817069200, 250.0000000000000000 ) ) ;
#10307 = ORIENTED_EDGE ( 'NONE', *, *, #9991, .T. ) ;
#10308 = LINE ( 'NONE', #10545, #3607 ) ;
#10309 = VECTOR ( 'NONE', #5313, 1000.000000000000000 ) ;
#10310 = EDGE_CURVE ( 'NONE', #1793, #7808, #745, .T. ) ;
#10311 = DIRECTION ( 'NONE',  ( 1.000000000000000000, 3.255760560352907200E-011, -0.0000000000000000000 ) ) ;
#10312 = CARTESIAN_POINT ( 'NONE',  ( 52.69036512017637400, -28.19036512018228900, 0.0000000000000000000 ) ) ;
#10313 = CARTESIAN_POINT ( 'NONE',  ( -4.341302591949443000, 9.778249236954939900, 250.0000000000000000 ) ) ;
#10314 = EDGE_LOOP ( 'NONE', ( #3435, #5550, #10400, #784 ) ) ;
#10315 = ORIENTED_EDGE ( 'NONE', *, *, #11434, .T. ) ;
#10316 = ORIENTED_EDGE ( 'NONE', *, *, #10405, .F. ) ;
#10317 = AXIS2_PLACEMENT_3D ( 'NONE', #7774, #500, #6826 ) ;
#10318 = CARTESIAN_POINT ( 'NONE',  ( 64.89991694908100300, 9.219634879817565600, 250.0000000000000000 ) ) ;
#10319 = VERTEX_POINT ( 'NONE', #1155 ) ;
#10320 = VECTOR ( 'NONE', #8930, 1000.000000000000100 ) ;
#10321 = DIRECTION ( 'NONE',  ( -0.0000000000000000000, -0.0000000000000000000, -1.000000000000000000 ) ) ;
#10322 = VECTOR ( 'NONE', #2429, 1000.000000000000000 ) ;
#10323 = FACE_OUTER_BOUND ( 'NONE', #9865, .T. ) ;
#10324 = DIRECTION ( 'NONE',  ( 0.7071067811865474600, 0.7071067811865474600, 0.0000000000000000000 ) ) ;
#10325 = ADVANCED_FACE ( 'NONE', ( #7999 ), #1087, .F. ) ;
#10326 = DIRECTION ( 'NONE',  ( -1.000000000000000000, 0.0000000000000000000, 0.0000000000000000000 ) ) ;
#10327 = ORIENTED_EDGE ( 'NONE', *, *, #4931, .F. ) ;
#10328 = EDGE_CURVE ( 'NONE', #3726, #4363, #3291, .T. ) ;
#10329 = EDGE_CURVE ( 'NONE', #5698, #9730, #3004, .T. ) ;
#10330 = ORIENTED_EDGE ( 'NONE', *, *, #4471, .T. ) ;
#10331 = FACE_OUTER_BOUND ( 'NONE', #5893, .T. ) ;
#10332 = CARTESIAN_POINT ( 'NONE',  ( -6.559999999985606700, -5.496196365999260500, 250.0000000000000000 ) ) ;
#10333 = CARTESIAN_POINT ( 'NONE',  ( 22.84915719303598500, -23.89285944546705000, 250.0000000000000000 ) ) ;
#10334 = LINE ( 'NONE', #5175, #7033 ) ;
#10335 = LINE ( 'NONE', #10644, #7925 ) ;
#10336 = ORIENTED_EDGE ( 'NONE', *, *, #10392, .F. ) ;
#10337 = DIRECTION ( 'NONE',  ( -0.0000000000000000000, -0.0000000000000000000, -1.000000000000000000 ) ) ;
#10338 = ORIENTED_EDGE ( 'NONE', *, *, #4470, .F. ) ;
#10339 = DIRECTION ( 'NONE',  ( -2.941907609485902000E-014, -1.000000000000000000, 0.0000000000000000000 ) ) ;
#10340 = VERTEX_POINT ( 'NONE', #5588 ) ;
#10341 = VERTEX_POINT ( 'NONE', #9294 ) ;
#10342 = LINE ( 'NONE', #9921, #8354 ) ;
#10343 = LINE ( 'NONE', #11064, #4939 ) ;
#10344 = DIRECTION ( 'NONE',  ( 0.0000000000000000000, -1.000000000000000000, 0.0000000000000000000 ) ) ;
#10345 = VERTEX_POINT ( 'NONE', #3791 ) ;
#10346 = DIRECTION ( 'NONE',  ( -1.000000000000000000, 0.0000000000000000000, 0.0000000000000000000 ) ) ;
#10347 = CARTESIAN_POINT ( 'NONE',  ( 39.89007336210561000, -16.08952446469493200, 250.0000000000000000 ) ) ;
#10348 = CARTESIAN_POINT ( 'NONE',  ( 27.31926974553791600, -13.75036512018161100, 0.0000000000000000000 ) ) ;
#10349 = ORIENTED_EDGE ( 'NONE', *, *, #11794, .F. ) ;
#10350 = VECTOR ( 'NONE', #10932, 1000.000000000000000 ) ;
#10351 = CARTESIAN_POINT ( 'NONE',  ( 24.33106189458026900, -29.75605054513136600, 250.0000000000000000 ) ) ;
#10352 = VECTOR ( 'NONE', #2292, 1000.000000000000000 ) ;
#10353 = ADVANCED_FACE ( 'NONE', ( #5857 ), #7420, .F. ) ;
#10354 = EDGE_CURVE ( 'NONE', #10035, #1780, #1185, .T. ) ;
#10355 = CARTESIAN_POINT ( 'NONE',  ( 4.911370849898591300, -29.99036512018233200, 250.0000000000000000 ) ) ;
#10356 = ORIENTED_EDGE ( 'NONE', *, *, #4450, .T. ) ;
#10357 = LINE ( 'NONE', #8053, #8959 ) ;
#10358 = DIRECTION ( 'NONE',  ( 0.7071067811865597900, -0.7071067811865352500, 0.0000000000000000000 ) ) ;
#10359 = DIRECTION ( 'NONE',  ( 0.7071067811865264800, -0.7071067811865685600, 0.0000000000000000000 ) ) ;
#10360 = LINE ( 'NONE', #9553, #9937 ) ;
#10361 = CARTESIAN_POINT ( 'NONE',  ( -9.765685424949234400, -4.338544870422323300, 250.0000000000000000 ) ) ;
#10362 = LINE ( 'NONE', #4552, #2673 ) ;
#10363 = ORIENTED_EDGE ( 'NONE', *, *, #6046, .T. ) ;
#10364 = AXIS2_PLACEMENT_3D ( 'NONE', #9573, #5957, #6846 ) ;
#10365 = DIRECTION ( 'NONE',  ( 0.0000000000000000000, -1.000000000000000000, 0.0000000000000000000 ) ) ;
#10366 = ORIENTED_EDGE ( 'NONE', *, *, #3604, .T. ) ;
#10367 = VECTOR ( 'NONE', #8502, 1000.000000000000000 ) ;
#10368 = EDGE_CURVE ( 'NONE', #2506, #9307, #2426, .T. ) ;
#10369 = CARTESIAN_POINT ( 'NONE',  ( 0.1066738410882871200, 3.907140554540114300, 250.0000000000000000 ) ) ;
#10370 = VECTOR ( 'NONE', #9007, 1000.000000000000000 ) ;
#10371 = DIRECTION ( 'NONE',  ( -0.0000000000000000000, 0.0000000000000000000, -1.000000000000000000 ) ) ;
#10372 = FACE_OUTER_BOUND ( 'NONE', #1203, .T. ) ;
#10373 = DIRECTION ( 'NONE',  ( 0.7071067811865475700, 0.7071067811865475700, -0.0000000000000000000 ) ) ;
#10374 = EDGE_CURVE ( 'NONE', #8075, #1219, #7864, .T. ) ;
#10375 = EDGE_CURVE ( 'NONE', #1027, #4455, #3705, .T. ) ;
#10376 = DIRECTION ( 'NONE',  ( -0.0000000000000000000, -0.0000000000000000000, -1.000000000000000000 ) ) ;
#10377 = ORIENTED_EDGE ( 'NONE', *, *, #3832, .F. ) ;
#10378 = ADVANCED_FACE ( 'NONE', ( #312 ), #10163, .T. ) ;
#10379 = ORIENTED_EDGE ( 'NONE', *, *, #1935, .F. ) ;
#10380 = LINE ( 'NONE', #10614, #7977 ) ;
#10381 = LINE ( 'NONE', #226, #5543 ) ;
#10382 = DIRECTION ( 'NONE',  ( -0.0000000000000000000, -0.0000000000000000000, -1.000000000000000000 ) ) ;
#10383 = DIRECTION ( 'NONE',  ( -0.0000000000000000000, 1.000000000000000000, -0.0000000000000000000 ) ) ;
#10384 = DIRECTION ( 'NONE',  ( 1.000000000000000000, 2.124148279354379300E-014, 0.0000000000000000000 ) ) ;
#10385 = LINE ( 'NONE', #6085, #3970 ) ;
#10386 = ORIENTED_EDGE ( 'NONE', *, *, #382, .F. ) ;
#10387 = ORIENTED_EDGE ( 'NONE', *, *, #8303, .F. ) ;
#10388 = ORIENTED_EDGE ( 'NONE', *, *, #9892, .T. ) ;
#10389 = DIRECTION ( 'NONE',  ( 4.175334190521718000E-012, -1.000000000000000000, 0.0000000000000000000 ) ) ;
#10390 = LINE ( 'NONE', #9399, #3687 ) ;
#10391 = EDGE_CURVE ( 'NONE', #4532, #1875, #6136, .T. ) ;
#10392 = EDGE_CURVE ( 'NONE', #10341, #9735, #9712, .T. ) ;
#10393 = LINE ( 'NONE', #8521, #5415 ) ;
#10394 = VECTOR ( 'NONE', #3936, 1000.000000000000200 ) ;
#10395 = DIRECTION ( 'NONE',  ( -1.000000000000000000, 0.0000000000000000000, 0.0000000000000000000 ) ) ;
#10396 = DIRECTION ( 'NONE',  ( 0.0000000000000000000, 0.0000000000000000000, 1.000000000000000000 ) ) ;
#10397 = CARTESIAN_POINT ( 'NONE',  ( 45.49003367241985500, -11.78952446469386800, 250.0000000000000000 ) ) ;
#10398 = EDGE_LOOP ( 'NONE', ( #11008, #4553, #10030, #5877 ) ) ;
#10399 = ORIENTED_EDGE ( 'NONE', *, *, #3285, .T. ) ;
#10400 = ORIENTED_EDGE ( 'NONE', *, *, #8533, .T. ) ;
#10401 = VECTOR ( 'NONE', #9439, 1000.000000000000000 ) ;
#10402 = VECTOR ( 'NONE', #11578, 1000.000000000000000 ) ;
#10403 = ADVANCED_FACE ( 'NONE', ( #10557 ), #1998, .T. ) ;
#10404 = DIRECTION ( 'NONE',  ( -0.0000000000000000000, -0.0000000000000000000, -1.000000000000000000 ) ) ;
#10405 = EDGE_CURVE ( 'NONE', #4172, #11508, #10703, .T. ) ;
#10406 = EDGE_CURVE ( 'NONE', #8563, #10012, #899, .T. ) ;
#10407 = DIRECTION ( 'NONE',  ( -0.7071067811865254800, -0.7071067811865694400, 0.0000000000000000000 ) ) ;
#10408 = CARTESIAN_POINT ( 'NONE',  ( 5.496025155352902500, 6.565966396540218000, 250.0000000000000000 ) ) ;
#10409 = VERTEX_POINT ( 'NONE', #7343 ) ;
#10410 = ORIENTED_EDGE ( 'NONE', *, *, #7689, .F. ) ;
#10411 = VERTEX_POINT ( 'NONE', #7624 ) ;
#10412 = CARTESIAN_POINT ( 'NONE',  ( -2.882688234812006200, 8.319634879817504800, 250.0000000000000000 ) ) ;
#10413 = ORIENTED_EDGE ( 'NONE', *, *, #10549, .F. ) ;
#10414 = AXIS2_PLACEMENT_3D ( 'NONE', #1892, #7311, #1746 ) ;
#10415 = DIRECTION ( 'NONE',  ( -0.0000000000000000000, -0.0000000000000000000, -1.000000000000000000 ) ) ;
#10416 = DIRECTION ( 'NONE',  ( -1.000000000000000000, 0.0000000000000000000, 0.0000000000000000000 ) ) ;
#10417 = DIRECTION ( 'NONE',  ( -0.0000000000000000000, -0.0000000000000000000, -1.000000000000000000 ) ) ;
#10418 = CIRCLE ( 'NONE', #11770, 0.7899999999999990400 ) ;
#10419 = VECTOR ( 'NONE', #1215, 1000.000000000000000 ) ;
#10420 = ORIENTED_EDGE ( 'NONE', *, *, #7689, .T. ) ;
#10421 = CARTESIAN_POINT ( 'NONE',  ( -8.200000000000002800, -7.297745508358056900, 250.0000000000000000 ) ) ;
#10422 = CARTESIAN_POINT ( 'NONE',  ( -6.570000000007158100, 8.207983149782574400, 250.0000000000000000 ) ) ;
#10423 = PLANE ( 'NONE',  #10886 ) ;
#10424 = ORIENTED_EDGE ( 'NONE', *, *, #2137, .T. ) ;
#10425 = ORIENTED_EDGE ( 'NONE', *, *, #1916, .F. ) ;
#10426 = VERTEX_POINT ( 'NONE', #8582 ) ;
#10427 = ORIENTED_EDGE ( 'NONE', *, *, #3368, .T. ) ;
#10428 = PRODUCT ( 'V-Slot C-Beam', 'V-Slot C-Beam', '', ( #7382 ) ) ;
#10429 = ORIENTED_EDGE ( 'NONE', *, *, #7968, .F. ) ;
#10430 = DIRECTION ( 'NONE',  ( -0.7071067811865504600, -0.7071067811865446900, 0.0000000000000000000 ) ) ;
#10431 = ORIENTED_EDGE ( 'NONE', *, *, #10015, .F. ) ;
#10432 = VERTEX_POINT ( 'NONE', #5704 ) ;
#10433 = DIRECTION ( 'NONE',  ( 0.0000000000000000000, -0.0000000000000000000, -1.000000000000000000 ) ) ;
#10434 = VECTOR ( 'NONE', #1774, 1000.000000000000000 ) ;
#10435 = LINE ( 'NONE', #10636, #8027 ) ;
#10436 = DIRECTION ( 'NONE',  ( -0.7052191119820758700, 0.7089894245298813400, 0.0000000000000000000 ) ) ;
#10437 = CARTESIAN_POINT ( 'NONE',  ( 23.90963486571973800, -17.15999999999958400, 250.0000000000000000 ) ) ;
#10438 = ORIENTED_EDGE ( 'NONE', *, *, #9928, .T. ) ;
#10439 = ORIENTED_EDGE ( 'NONE', *, *, #328, .F. ) ;
#10440 = EDGE_LOOP ( 'NONE', ( #8765, #171, #4438, #5327 ) ) ;
#10441 = VERTEX_POINT ( 'NONE', #5751 ) ;
#10442 = ORIENTED_EDGE ( 'NONE', *, *, #11657, .F. ) ;
#10443 = VERTEX_POINT ( 'NONE', #11261 ) ;
#10444 = DIRECTION ( 'NONE',  ( 1.000000000000000000, -7.360691681704703100E-012, 0.0000000000000000000 ) ) ;
#10445 = ORIENTED_EDGE ( 'NONE', *, *, #11418, .T. ) ;
#10446 = VERTEX_POINT ( 'NONE', #11301 ) ;
#10447 = ADVANCED_FACE ( 'NONE', ( #3145 ), #4831, .F. ) ;
#10448 = EDGE_CURVE ( 'NONE', #5100, #492, #2838, .T. ) ;
#10449 = CARTESIAN_POINT ( 'NONE',  ( 49.99999999999418800, -4.904230295371559300, 250.0000000000000000 ) ) ;
#10450 = LINE ( 'NONE', #5974, #5189 ) ;
#10451 = FACE_OUTER_BOUND ( 'NONE', #6180, .T. ) ;
#10452 = DIRECTION ( 'NONE',  ( 1.000000000000000000, -0.0000000000000000000, -0.0000000000000000000 ) ) ;
#10453 = EDGE_CURVE ( 'NONE', #3356, #9876, #10115, .T. ) ;
#10454 = ORIENTED_EDGE ( 'NONE', *, *, #4192, .T. ) ;
#10455 = EDGE_LOOP ( 'NONE', ( #2931, #9394, #4087, #7778 ) ) ;
#10456 = ORIENTED_EDGE ( 'NONE', *, *, #5674, .T. ) ;
#10457 = ORIENTED_EDGE ( 'NONE', *, *, #7041, .F. ) ;
#10458 = EDGE_CURVE ( 'NONE', #2476, #1470, #7416, .T. ) ;
#10459 = ORIENTED_EDGE ( 'NONE', *, *, #3414, .F. ) ;
#10460 = CIRCLE ( 'NONE', #6093, 0.8000000000000020400 ) ;
#10461 = AXIS2_PLACEMENT_3D ( 'NONE', #4596, #9180, #1957 ) ;
#10462 = CARTESIAN_POINT ( 'NONE',  ( 69.99999999999060700, -15.09361780066056700, 250.0000000000000000 ) ) ;
#10463 = VECTOR ( 'NONE', #6895, 1000.000000000000000 ) ;
#10464 = LINE ( 'NONE', #1398, #3617 ) ;
#10465 = ORIENTED_EDGE ( 'NONE', *, *, #3454, .T. ) ;
#10466 = PLANE ( 'NONE',  #4877 ) ;
#10467 = ORIENTED_EDGE ( 'NONE', *, *, #2910, .T. ) ;
#10468 = DIRECTION ( 'NONE',  ( -0.6659235971038775000, 0.7460199480042291100, -0.0000000000000000000 ) ) ;
#10469 = ORIENTED_EDGE ( 'NONE', *, *, #9115, .F. ) ;
#10470 = DIRECTION ( 'NONE',  ( 0.0000000000000000000, -1.000000000000000000, 0.0000000000000000000 ) ) ;
#10471 = PLANE ( 'NONE',  #10317 ) ;
#10472 = EDGE_CURVE ( 'NONE', #11114, #8450, #1450, .T. ) ;
#10473 = EDGE_CURVE ( 'NONE', #3587, #5347, #11431, .T. ) ;
#10474 = CARTESIAN_POINT ( 'NONE',  ( 51.79999999997984600, -7.297745508358056900, 250.0000000000000000 ) ) ;
#10475 = VECTOR ( 'NONE', #2051, 1000.000000000000000 ) ;
#10476 = VECTOR ( 'NONE', #4756, 1000.000000000000000 ) ;
#10477 = CARTESIAN_POINT ( 'NONE',  ( 49.99999999999419500, -4.904230295371559300, 250.0000000000000000 ) ) ;
#10478 = ADVANCED_FACE ( 'NONE', ( #3981 ), #6769, .F. ) ;
#10479 = AXIS2_PLACEMENT_3D ( 'NONE', #7601, #5054, #6909 ) ;
#10480 = DIRECTION ( 'NONE',  ( 0.7071067811865687800, 0.7071067811865263700, 0.0000000000000000000 ) ) ;
#10482 = ORIENTED_EDGE ( 'NONE', *, *, #4258, .F. ) ;
#10481 = DIRECTION ( 'NONE',  ( -1.000000000000000000, 0.0000000000000000000, 0.0000000000000000000 ) ) ;
#10483 = VERTEX_POINT ( 'NONE', #7658 ) ;
#10484 = EDGE_LOOP ( 'NONE', ( #10924, #3583, #1584, #6850 ) ) ;
#10485 = VECTOR ( 'NONE', #7408, 1000.000000000000000 ) ;
#10486 = CARTESIAN_POINT ( 'NONE',  ( 45.49003367241985500, -11.78952446469386800, 0.0000000000000000000 ) ) ;
#10487 = VECTOR ( 'NONE', #1024, 1000.000000000000000 ) ;
#10488 = CARTESIAN_POINT ( 'NONE',  ( 6.570000000007161700, 7.667983149782571700, 250.0000000000000000 ) ) ;
#10489 = EDGE_CURVE ( 'NONE', #3586, #5376, #6677, .T. ) ;
#10490 = EDGE_CURVE ( 'NONE', #1456, #11485, #9980, .T. ) ;
#10491 = CARTESIAN_POINT ( 'NONE',  ( 68.19999999999419100, -17.11498865055904900, 0.0000000000000000000 ) ) ;
#10492 = ORIENTED_EDGE ( 'NONE', *, *, #10354, .T. ) ;
#10493 = VERTEX_POINT ( 'NONE', #9452 ) ;
#10494 = AXIS2_PLACEMENT_3D ( 'NONE', #11080, #101, #224 ) ;
#10495 = VECTOR ( 'NONE', #11025, 1000.000000000000000 ) ;
#10496 = CARTESIAN_POINT ( 'NONE',  ( 27.31926974553754000, -26.23036512018296300, 0.0000000000000000000 ) ) ;
#10497 = CARTESIAN_POINT ( 'NONE',  ( -6.559999999985583600, 5.495853944692208300, 0.0000000000000000000 ) ) ;
#10498 = DIRECTION ( 'NONE',  ( 1.000000000000000000, 0.0000000000000000000, 0.0000000000000000000 ) ) ;
#10499 = ORIENTED_EDGE ( 'NONE', *, *, #1673, .T. ) ;
#10500 = LINE ( 'NONE', #2809, #3372 ) ;
#10501 = AXIS2_PLACEMENT_3D ( 'NONE', #878, #8103, #3662 ) ;
#10502 = ADVANCED_FACE ( 'NONE', ( #3555 ), #2085, .T. ) ;
#10503 = LINE ( 'NONE', #10104, #9803 ) ;
#10504 = CC_DESIGN_SECURITY_CLASSIFICATION ( #7615, ( #1406 ) ) ;
#10505 = DIRECTION ( 'NONE',  ( -0.0000000000000000000, 1.000000000000000000, -0.0000000000000000000 ) ) ;
#10506 = VECTOR ( 'NONE', #10799, 1000.000000000000000 ) ;
#10507 = CARTESIAN_POINT ( 'NONE',  ( 9.765685424949238000, -4.338544870422319700, 250.0000000000000000 ) ) ;
#10508 = LINE ( 'NONE', #2792, #8227 ) ;
#10509 = CARTESIAN_POINT ( 'NONE',  ( 56.09999999999428200, 0.09834826997499368500, 250.0000000000000000 ) ) ;
#10510 = EDGE_CURVE ( 'NONE', #2475, #9150, #1581, .T. ) ;
#10511 = ORGANIZATION ( 'UNSPECIFIED', 'UNSPECIFIED', '' ) ;
#10512 = CARTESIAN_POINT ( 'NONE',  ( 2.835002123243146600, 3.907140554540113400, 0.0000000000000000000 ) ) ;
#10513 = CARTESIAN_POINT ( 'NONE',  ( 24.33106189458026900, -29.75605054513136600, 250.0000000000000000 ) ) ;
#10514 = DIRECTION ( 'NONE',  ( 0.0000000000000000000, 0.0000000000000000000, 1.000000000000000000 ) ) ;
#10515 = ORIENTED_EDGE ( 'NONE', *, *, #11418, .F. ) ;
#10516 = VECTOR ( 'NONE', #808, 1000.000000000000000 ) ;
#10517 = CARTESIAN_POINT ( 'NONE',  ( 22.87537646963117400, -28.30036512018227100, 250.0000000000000000 ) ) ;
#10518 = AXIS2_PLACEMENT_3D ( 'NONE', #10195, #4823, #1019 ) ;
#10519 = DIRECTION ( 'NONE',  ( -1.000000000000000000, -1.327592674600509100E-015, -0.0000000000000000000 ) ) ;
#10520 = CARTESIAN_POINT ( 'NONE',  ( 2.099999999999999600, -19.99036512018243200, 0.0000000000000000000 ) ) ;
#10521 = CYLINDRICAL_SURFACE ( 'NONE', #9482, 2.099999999999997900 ) ;
#10522 = AXIS2_PLACEMENT_3D ( 'NONE', #6231, #822, #3411 ) ;
#10523 = CARTESIAN_POINT ( 'NONE',  ( 62.09999999999419600, -19.99036512018243200, 250.0000000000000000 ) ) ;
#10524 = LINE ( 'NONE', #6151, #6952 ) ;
#10525 = EDGE_CURVE ( 'NONE', #227, #1044, #4422, .T. ) ;
#10526 = ADVANCED_FACE ( 'NONE', ( #8557 ), #4026, .F. ) ;
#10527 = DIRECTION ( 'NONE',  ( -0.7078322512429712200, -0.7063805660550883700, 0.0000000000000000000 ) ) ;
#10528 = CARTESIAN_POINT ( 'NONE',  ( 49.99999999999418800, 8.505591811452930500, 250.0000000000000000 ) ) ;
#10529 = ORIENTED_EDGE ( 'NONE', *, *, #2911, .F. ) ;
#10530 = VERTEX_POINT ( 'NONE', #2233 ) ;
#10531 = ORIENTED_EDGE ( 'NONE', *, *, #2747, .T. ) ;
#10532 = CARTESIAN_POINT ( 'NONE',  ( 6.570000000007161700, 8.207983149782574400, 250.0000000000000000 ) ) ;
#10533 = FACE_OUTER_BOUND ( 'NONE', #5387, .T. ) ;
#10534 = CARTESIAN_POINT ( 'NONE',  ( -8.199999999999999300, -26.56036512018241400, 250.0000000000000000 ) ) ;
#10535 = EDGE_CURVE ( 'NONE', #4444, #3599, #4562, .T. ) ;
#10536 = LINE ( 'NONE', #1944, #736 ) ;
#10537 = CARTESIAN_POINT ( 'NONE',  ( -0.08871339015654969300, -23.89285944546705000, 0.0000000000000000000 ) ) ;
#10538 = EDGE_CURVE ( 'NONE', #7349, #5259, #10264, .T. ) ;
#10539 = CARTESIAN_POINT ( 'NONE',  ( 53.42999999998703200, 8.207983149782574400, 250.0000000000000000 ) ) ;
#10540 = AXIS2_PLACEMENT_3D ( 'NONE', #3482, #1953, #6462 ) ;
#10541 = ORIENTED_EDGE ( 'NONE', *, *, #8575, .F. ) ;
#10542 = ORIENTED_EDGE ( 'NONE', *, *, #8723, .F. ) ;
#10543 = ORIENTED_EDGE ( 'NONE', *, *, #4817, .F. ) ;
#10544 = VECTOR ( 'NONE', #3619, 1000.000000000000000 ) ;
#10545 = CARTESIAN_POINT ( 'NONE',  ( 68.30999999999419000, -22.88036512018231500, 250.0000000000000000 ) ) ;
#10546 = LINE ( 'NONE', #8679, #2989 ) ;
#10547 = DIRECTION ( 'NONE',  ( 0.0000000000000000000, 0.0000000000000000000, 1.000000000000000000 ) ) ;
#10548 = LINE ( 'NONE', #6961, #10843 ) ;
#10549 = EDGE_CURVE ( 'NONE', #9469, #4479, #3847, .T. ) ;
#10550 = EDGE_CURVE ( 'NONE', #5480, #9590, #2416, .T. ) ;
#10551 = EDGE_LOOP ( 'NONE', ( #6168, #6493, #4769, #10120 ) ) ;
#10552 = ORIENTED_EDGE ( 'NONE', *, *, #5385, .F. ) ;
#10553 = ORIENTED_EDGE ( 'NONE', *, *, #9221, .T. ) ;
#10554 = DIRECTION ( 'NONE',  ( -0.0000000000000000000, -0.0000000000000000000, -1.000000000000000000 ) ) ;
#10555 = DIRECTION ( 'NONE',  ( -1.000000000000000000, -1.057758217049745200E-015, -0.0000000000000000000 ) ) ;
#10556 = DIRECTION ( 'NONE',  ( 1.000000000000000000, 0.0000000000000000000, 0.0000000000000000000 ) ) ;
#10557 = FACE_OUTER_BOUND ( 'NONE', #2933, .T. ) ;
#10559 = ADVANCED_FACE ( 'NONE', ( #6128 ), #554, .F. ) ;
#10558 = FACE_OUTER_BOUND ( 'NONE', #6124, .T. ) ;
#10560 = DIRECTION ( 'NONE',  ( -0.7071067811865475700, -0.7071067811865475700, 0.0000000000000000000 ) ) ;
#10561 = CARTESIAN_POINT ( 'NONE',  ( 3.899999999999906200, -0.1033369205210043500, 250.0000000000000000 ) ) ;
#10562 = CARTESIAN_POINT ( 'NONE',  ( 66.55999999999414700, -25.49370204071641800, 250.0000000000000000 ) ) ;
#10563 = CARTESIAN_POINT ( 'NONE',  ( -0.08871339015654969300, -23.89285944546705000, 250.0000000000000000 ) ) ;
#10564 = ORIENTED_EDGE ( 'NONE', *, *, #1617, .F. ) ;
#10565 = ORIENTED_EDGE ( 'NONE', *, *, #8893, .T. ) ;
#10566 = VERTEX_POINT ( 'NONE', #4236 ) ;
#10567 = ORIENTED_EDGE ( 'NONE', *, *, #6644, .F. ) ;
#10568 = EDGE_LOOP ( 'NONE', ( #4589, #7162, #10696, #5456 ) ) ;
#10569 = CARTESIAN_POINT ( 'NONE',  ( 22.87537646963117400, -28.19036512018228500, 250.0000000000000000 ) ) ;
#10570 = EDGE_CURVE ( 'NONE', #2043, #6835, #4703, .T. ) ;
#10571 = EDGE_CURVE ( 'NONE', #8577, #2309, #1173, .T. ) ;
#10572 = DIRECTION ( 'NONE',  ( -0.0000000000000000000, -0.0000000000000000000, -1.000000000000000000 ) ) ;
#10573 = VECTOR ( 'NONE', #5127, 1000.000000000000000 ) ;
#10574 = LINE ( 'NONE', #1749, #10140 ) ;
#10575 = DIRECTION ( 'NONE',  ( 0.7089894245298819000, -0.7052191119820753200, 0.0000000000000000000 ) ) ;
#10576 = ORIENTED_EDGE ( 'NONE', *, *, #6060, .T. ) ;
#10577 = ORIENTED_EDGE ( 'NONE', *, *, #3794, .F. ) ;
#10578 = ORIENTED_EDGE ( 'NONE', *, *, #3386, .F. ) ;
#10579 = ORIENTED_EDGE ( 'NONE', *, *, #8558, .T. ) ;
#10580 = EDGE_LOOP ( 'NONE', ( #621, #11602, #10277, #1885 ) ) ;
#10581 = VERTEX_POINT ( 'NONE', #2312 ) ;
#10582 = DIRECTION ( 'NONE',  ( -0.0000000000000000000, -0.0000000000000000000, -1.000000000000000000 ) ) ;
#10583 = EDGE_LOOP ( 'NONE', ( #5921, #7933, #4406, #922 ) ) ;
#10584 = CARTESIAN_POINT ( 'NONE',  ( 54.50397484464128400, 8.207983149782574400, 0.0000000000000000000 ) ) ;
#10585 = VECTOR ( 'NONE', #10824, 1000.000000000000000 ) ;
#10586 = VECTOR ( 'NONE', #7494, 1000.000000000000100 ) ;
#10587 = DIRECTION ( 'NONE',  ( -1.000000000000000000, 0.0000000000000000000, 0.0000000000000000000 ) ) ;
#10588 = CARTESIAN_POINT ( 'NONE',  ( -8.200000000000002800, 6.577983149782563800, 250.0000000000000000 ) ) ;
#10589 = DIRECTION ( 'NONE',  ( 0.7071067811865476800, -0.7071067811865474600, -0.0000000000000000000 ) ) ;
#10590 = EDGE_CURVE ( 'NONE', #8882, #647, #1719, .T. ) ;
#10591 = CARTESIAN_POINT ( 'NONE',  ( -5.488713390157446500, -28.19036512018228900, 250.0000000000000000 ) ) ;
#10592 = ORIENTED_EDGE ( 'NONE', *, *, #10929, .F. ) ;
#10593 = ORIENTED_EDGE ( 'NONE', *, *, #9372, .F. ) ;
#10594 = ORIENTED_EDGE ( 'NONE', *, *, #957, .F. ) ;
#10595 = ORIENTED_EDGE ( 'NONE', *, *, #8118, .F. ) ;
#10596 = ADVANCED_FACE ( 'NONE', ( #7855 ), #635, .F. ) ;
#10597 = ORIENTED_EDGE ( 'NONE', *, *, #37, .F. ) ;
#10598 = AXIS2_PLACEMENT_3D ( 'NONE', #4453, #9051, #8160 ) ;
#10599 = LINE ( 'NONE', #3392, #2470 ) ;
#10600 = VECTOR ( 'NONE', #947, 1000.000000000000000 ) ;
#10601 = CARTESIAN_POINT ( 'NONE',  ( 35.10325268046423700, -29.99036512018231400, 250.0000000000000000 ) ) ;
#10602 = CARTESIAN_POINT ( 'NONE',  ( 22.87537646963117400, -28.19036512018228500, 0.0000000000000000000 ) ) ;
#10603 = DIRECTION ( 'NONE',  ( -0.0000000000000000000, -1.000000000000000000, -0.0000000000000000000 ) ) ;
#10604 = CARTESIAN_POINT ( 'NONE',  ( 51.79999999999417800, -10.72952252493693900, 250.0000000000000000 ) ) ;
#10605 = CARTESIAN_POINT ( 'NONE',  ( 7.167877051065232000E-012, -3.901602146817069200, 0.0000000000000000000 ) ) ;
#10606 = EDGE_CURVE ( 'NONE', #3063, #11526, #10548, .T. ) ;
#10607 = VERTEX_POINT ( 'NONE', #2388 ) ;
#10608 = ORIENTED_EDGE ( 'NONE', *, *, #5930, .F. ) ;
#10609 = LINE ( 'NONE', #11181, #2205 ) ;
#10610 = CARTESIAN_POINT ( 'NONE',  ( 68.30999999999059500, -2.882859445469490500, 0.0000000000000000000 ) ) ;
#10611 = VECTOR ( 'NONE', #7511, 1000.000000000000000 ) ;
#10612 = LINE ( 'NONE', #7593, #7037 ) ;
#10613 = EDGE_CURVE ( 'NONE', #4362, #1565, #5703, .T. ) ;
#10614 = CARTESIAN_POINT ( 'NONE',  ( 57.10999999999427200, -28.19036512018228900, 250.0000000000000000 ) ) ;
#10615 = EDGE_CURVE ( 'NONE', #6436, #6956, #2563, .T. ) ;
#10616 = ORIENTED_EDGE ( 'NONE', *, *, #4451, .T. ) ;
#10617 = CARTESIAN_POINT ( 'NONE',  ( 12.69999998590111500, -28.19036512018258000, 250.0000000000000000 ) ) ;
#10618 = AXIS2_PLACEMENT_3D ( 'NONE', #3982, #10358, #3154 ) ;
#10619 = CARTESIAN_POINT ( 'NONE',  ( 54.50397484464128400, 8.207983149782574400, 250.0000000000000000 ) ) ;
#10620 = ORIENTED_EDGE ( 'NONE', *, *, #11782, .F. ) ;
#10621 = CARTESIAN_POINT ( 'NONE',  ( -8.200000000000002800, -7.297745508358056900, 250.0000000000000000 ) ) ;
#10622 = LINE ( 'NONE', #7249, #7202 ) ;
#10623 = VECTOR ( 'NONE', #9349, 1000.000000000000000 ) ;
#10624 = PLANE ( 'NONE',  #10935 ) ;
#10625 = ADVANCED_FACE ( 'NONE', ( #7558 ), #3352, .T. ) ;
#10626 = DIRECTION ( 'NONE',  ( 0.7071067811865474600, -0.7071067811865474600, -0.0000000000000000000 ) ) ;
#10627 = ORIENTED_EDGE ( 'NONE', *, *, #1403, .T. ) ;
#10628 = ORIENTED_EDGE ( 'NONE', *, *, #7758, .T. ) ;
#10629 = DIRECTION ( 'NONE',  ( 0.6636301409130585000, -0.7480608505139899600, -0.0000000000000000000 ) ) ;
#10630 = DIRECTION ( 'NONE',  ( 0.0000000000000000000, 0.0000000000000000000, -1.000000000000000000 ) ) ;
#10631 = EDGE_CURVE ( 'NONE', #11591, #10878, #5144, .T. ) ;
#10632 = EDGE_CURVE ( 'NONE', #4322, #7105, #11562, .T. ) ;
#10633 = ORIENTED_EDGE ( 'NONE', *, *, #6644, .T. ) ;
#10634 = ORIENTED_EDGE ( 'NONE', *, *, #7509, .F. ) ;
#10635 = VECTOR ( 'NONE', #8999, 1000.000000000000100 ) ;
#10636 = CARTESIAN_POINT ( 'NONE',  ( -9.999999999999994700, -24.89759383445705900, 250.0000000000000000 ) ) ;
#10637 = CIRCLE ( 'NONE', #10176, 0.8000000000000923000 ) ;
#10638 = AXIS2_PLACEMENT_3D ( 'NONE', #8378, #6414, #1030 ) ;
#10639 = VERTEX_POINT ( 'NONE', #1501 ) ;
#10640 = CARTESIAN_POINT ( 'NONE',  ( 36.09036513427462000, -22.82073024036478900, 250.0000000000000000 ) ) ;
#10641 = CARTESIAN_POINT ( 'NONE',  ( 64.33399082676281500, -29.75897947731955600, 0.0000000000000000000 ) ) ;
#10642 = ORIENTED_EDGE ( 'NONE', *, *, #3, .T. ) ;
#10643 = LINE ( 'NONE', #10105, #4649 ) ;
#10644 = CARTESIAN_POINT ( 'NONE',  ( 43.89036513427498000, -17.15999998590069400, 250.0000000000000000 ) ) ;
#10645 = DIRECTION ( 'NONE',  ( -1.000000000000000000, 7.885106709243211700E-015, -0.0000000000000000000 ) ) ;
#10646 = PLANE ( 'NONE',  #4030 ) ;
#10647 = DIRECTION ( 'NONE',  ( 0.0000000000000000000, 1.000000000000000000, 0.0000000000000000000 ) ) ;
#10648 = FACE_OUTER_BOUND ( 'NONE', #6424, .T. ) ;
#10649 = CARTESIAN_POINT ( 'NONE',  ( 3.899999999999906200, -0.1033369205210043500, 250.0000000000000000 ) ) ;
#10650 = EDGE_CURVE ( 'NONE', #2534, #10771, #1997, .T. ) ;
#10651 = EDGE_CURVE ( 'NONE', #3738, #7499, #165, .T. ) ;
#10652 = CARTESIAN_POINT ( 'NONE',  ( 8.200000000000006400, 2.882517024154526400, 250.0000000000000000 ) ) ;
#10653 = DIRECTION ( 'NONE',  ( 0.0000000000000000000, -1.000000000000000000, 0.0000000000000000000 ) ) ;
#10654 = VERTEX_POINT ( 'NONE', #7787 ) ;
#10655 = LINE ( 'NONE', #1557, #8226 ) ;
#10656 = ADVANCED_FACE ( 'NONE', ( #9699 ), #8019, .T. ) ;
#10657 = DIRECTION ( 'NONE',  ( -0.0000000000000000000, 0.0000000000000000000, -1.000000000000000000 ) ) ;
#10658 = EDGE_CURVE ( 'NONE', #6358, #10710, #6267, .T. ) ;
#10659 = FACE_OUTER_BOUND ( 'NONE', #9835, .T. ) ;
#10660 = LINE ( 'NONE', #5369, #5810 ) ;
#10661 = CARTESIAN_POINT ( 'NONE',  ( 10.00000000000000200, 8.505591811452930500, 250.0000000000000000 ) ) ;
#10662 = EDGE_LOOP ( 'NONE', ( #3624, #4014, #2177, #8122 ) ) ;
#10663 = AXIS2_PLACEMENT_3D ( 'NONE', #7567, #2905, #11178 ) ;
#10664 = VECTOR ( 'NONE', #8792, 1000.000000000000000 ) ;
#10665 = DIRECTION ( 'NONE',  ( -0.0000000000000000000, -0.0000000000000000000, -1.000000000000000000 ) ) ;
#10666 = VECTOR ( 'NONE', #2968, 1000.000000000000000 ) ;
#10667 = CARTESIAN_POINT ( 'NONE',  ( -6.569999999999968300, -28.19036512018242000, 0.0000000000000000000 ) ) ;
#10668 = DIRECTION ( 'NONE',  ( -1.000000000000000000, 0.0000000000000000000, 0.0000000000000000000 ) ) ;
#10669 = CARTESIAN_POINT ( 'NONE',  ( 59.99999999998702500, -3.901602146817069200, 250.0000000000000000 ) ) ;
#10670 = FACE_OUTER_BOUND ( 'NONE', #8539, .T. ) ;
#10671 = EDGE_LOOP ( 'NONE', ( #6876, #7686, #2202, #10969 ) ) ;
#10672 = ORIENTED_EDGE ( 'NONE', *, *, #2040, .F. ) ;
#10673 = VECTOR ( 'NONE', #2439, 1000.000000000000000 ) ;
#10674 = CARTESIAN_POINT ( 'NONE',  ( 9.269634879828643600, -11.79869069127881800, 250.0000000000000000 ) ) ;
#10675 = VECTOR ( 'NONE', #2545, 1000.000000000000000 ) ;
#10676 = PLANE ( 'NONE',  #5849 ) ;
#10677 = FACE_OUTER_BOUND ( 'NONE', #8148, .T. ) ;
#10678 = CARTESIAN_POINT ( 'NONE',  ( 8.200000000014338000, 5.495853944692210100, 250.0000000000000000 ) ) ;
#10679 = DIRECTION ( 'NONE',  ( 1.000000000000000000, 0.0000000000000000000, 0.0000000000000000000 ) ) ;
#10680 = ADVANCED_FACE ( 'NONE', ( #4281 ), #1606, .F. ) ;
#10681 = CARTESIAN_POINT ( 'NONE',  ( 4.911370849898455400, -29.19036512018225000, 250.0000000000000000 ) ) ;
#10682 = EDGE_CURVE ( 'NONE', #4261, #10917, #4852, .T. ) ;
#10683 = ORIENTED_EDGE ( 'NONE', *, *, #8265, .F. ) ;
#10684 = CARTESIAN_POINT ( 'NONE',  ( -4.899916949086816400, 9.219634879817565600, 250.0000000000000000 ) ) ;
#10685 = EDGE_LOOP ( 'NONE', ( #4474, #10592, #3629, #8296 ) ) ;
#10686 = ORIENTED_EDGE ( 'NONE', *, *, #4047, .T. ) ;
#10687 = LINE ( 'NONE', #3957, #7414 ) ;
#10688 = VERTEX_POINT ( 'NONE', #8091 ) ;
#10689 = DIRECTION ( 'NONE',  ( -0.0000000000000000000, -0.0000000000000000000, -1.000000000000000000 ) ) ;
#10690 = LINE ( 'NONE', #9844, #591 ) ;
#10691 = VECTOR ( 'NONE', #5855, 1000.000000000000000 ) ;
#10692 = CARTESIAN_POINT ( 'NONE',  ( -8.200000000000002800, 5.495853944692210100, 0.0000000000000000000 ) ) ;
#10693 = DIRECTION ( 'NONE',  ( -1.000000000000000000, 0.0000000000000000000, 0.0000000000000000000 ) ) ;
#10694 = PLANE ( 'NONE',  #10700 ) ;
#10695 = CARTESIAN_POINT ( 'NONE',  ( 69.99999999998701100, 4.899745738432866200, 250.0000000000000000 ) ) ;
#10696 = ORIENTED_EDGE ( 'NONE', *, *, #11540, .F. ) ;
#10697 = ORIENTED_EDGE ( 'NONE', *, *, #8366, .F. ) ;
#10698 = EDGE_LOOP ( 'NONE', ( #6130, #2835, #11580, #6880 ) ) ;
#10699 = EDGE_CURVE ( 'NONE', #11542, #10217, #9556, .T. ) ;
#10700 = AXIS2_PLACEMENT_3D ( 'NONE', #8772, #5166, #720 ) ;
#10701 = LINE ( 'NONE', #1366, #444 ) ;
#10702 = CARTESIAN_POINT ( 'NONE',  ( 37.11132034355090800, -11.79036512018251400, 250.0000000000000000 ) ) ;
#10703 = LINE ( 'NONE', #4073, #5151 ) ;
#10704 = LINE ( 'NONE', #520, #3428 ) ;
#10705 = DIRECTION ( 'NONE',  ( -0.0000000000000000000, -0.0000000000000000000, -1.000000000000000000 ) ) ;
#10706 = AXIS2_PLACEMENT_3D ( 'NONE', #11808, #911, #3537 ) ;
#10707 = DIRECTION ( 'NONE',  ( -0.0000000000000000000, -0.0000000000000000000, -1.000000000000000000 ) ) ;
#10708 = CARTESIAN_POINT ( 'NONE',  ( -8.495956931628196400, 8.505591811452930500, 0.0000000000000000000 ) ) ;
#10709 = DIRECTION ( 'NONE',  ( -1.000000000000000000, 0.0000000000000000000, 0.0000000000000000000 ) ) ;
#10710 = VERTEX_POINT ( 'NONE', #2508 ) ;
#10711 = ORIENTED_EDGE ( 'NONE', *, *, #3318, .T. ) ;
#10712 = ORIENTED_EDGE ( 'NONE', *, *, #664, .T. ) ;
#10713 = VERTEX_POINT ( 'NONE', #7123 ) ;
#10714 = CARTESIAN_POINT ( 'NONE',  ( 35.10325268046423700, -29.99036512018231400, 250.0000000000000000 ) ) ;
#10715 = ADVANCED_FACE ( 'NONE', ( #2127 ), #7081, .T. ) ;
#10716 = VECTOR ( 'NONE', #8506, 1000.000000000000000 ) ;
#10717 = LINE ( 'NONE', #282, #10419 ) ;
#10718 = EDGE_CURVE ( 'NONE', #3988, #7051, #4136, .T. ) ;
#10719 = EDGE_CURVE ( 'NONE', #2475, #6923, #9127, .T. ) ;
#10720 = DIRECTION ( 'NONE',  ( 1.000000000000000000, 0.0000000000000000000, 0.0000000000000000000 ) ) ;
#10721 = ORIENTED_EDGE ( 'NONE', *, *, #10189, .F. ) ;
#10722 = ORIENTED_EDGE ( 'NONE', *, *, #10472, .F. ) ;
#10723 = VERTEX_POINT ( 'NONE', #8064 ) ;
#10724 = ORIENTED_EDGE ( 'NONE', *, *, #5138, .T. ) ;
#10725 = ORIENTED_EDGE ( 'NONE', *, *, #7790, .T. ) ;
#10726 = AXIS2_PLACEMENT_3D ( 'NONE', #6827, #3232, #580 ) ;
#10727 = CARTESIAN_POINT ( 'NONE',  ( 16.10963486571920800, -17.15999998590069400, 250.0000000000000000 ) ) ;
#10728 = DIRECTION ( 'NONE',  ( 1.000000000000000000, 1.057758217049728800E-015, 0.0000000000000000000 ) ) ;
#10729 = ORIENTED_EDGE ( 'NONE', *, *, #9540, .T. ) ;
#10730 = ORIENTED_EDGE ( 'NONE', *, *, #1009, .F. ) ;
#10731 = CARTESIAN_POINT ( 'NONE',  ( 50.73036512016554400, -11.79869069127881800, 0.0000000000000000000 ) ) ;
#10732 = VECTOR ( 'NONE', #1884, 1000.000000000000000 ) ;
#10733 = LINE ( 'NONE', #5023, #5322 ) ;
#10734 = DIRECTION ( 'NONE',  ( -0.0000000000000000000, -0.0000000000000000000, -1.000000000000000000 ) ) ;
#10735 = ORIENTED_EDGE ( 'NONE', *, *, #2440, .F. ) ;
#10736 = ORIENTED_EDGE ( 'NONE', *, *, #6292, .F. ) ;
#10737 = ORIENTED_EDGE ( 'NONE', *, *, #8366, .T. ) ;
#10738 = ORIENTED_EDGE ( 'NONE', *, *, #6592, .F. ) ;
#10739 = ORIENTED_EDGE ( 'NONE', *, *, #8533, .F. ) ;
#10740 = ORIENTED_EDGE ( 'NONE', *, *, #3222, .T. ) ;
#10741 = CC_DESIGN_PERSON_AND_ORGANIZATION_ASSIGNMENT ( #9510, #7341, ( #1406 ) ) ;
#10742 = DIRECTION ( 'NONE',  ( -1.000000000000000000, 0.0000000000000000000, 0.0000000000000000000 ) ) ;
#10743 = VECTOR ( 'NONE', #289, 1000.000000000000000 ) ;
#10744 = CIRCLE ( 'NONE', #10726, 1.504043068364636900 ) ;
#10745 = CARTESIAN_POINT ( 'NONE',  ( 66.55999999997978000, 5.495853944692208300, 0.0000000000000000000 ) ) ;
#10746 = CARTESIAN_POINT ( 'NONE',  ( 65.49602515533275900, 8.207983149782574400, 0.0000000000000000000 ) ) ;
#10747 = ORIENTED_EDGE ( 'NONE', *, *, #9227, .F. ) ;
#10748 = ADVANCED_FACE ( 'NONE', ( #8996 ), #6829, .T. ) ;
#10749 = EDGE_LOOP ( 'NONE', ( #6482, #9027, #2637, #10729 ) ) ;
#10750 = ORIENTED_EDGE ( 'NONE', *, *, #7128, .T. ) ;
#10751 = EDGE_LOOP ( 'NONE', ( #11498, #465, #1605, #5638 ) ) ;
#10752 = VECTOR ( 'NONE', #3405, 1000.000000000000200 ) ;
#10753 = CARTESIAN_POINT ( 'NONE',  ( 44.34568542494296400, -29.75605054513145500, 0.0000000000000000000 ) ) ;
#10754 = CARTESIAN_POINT ( 'NONE',  ( 2.889999999999921100, -28.30036512018227400, 0.0000000000000000000 ) ) ;
#10755 = EDGE_CURVE ( 'NONE', #3566, #11011, #5996, .T. ) ;
#10756 = VECTOR ( 'NONE', #1390, 1000.000000000000000 ) ;
#10757 = CIRCLE ( 'NONE', #1717, 0.7999999999999917200 ) ;
#10758 = CARTESIAN_POINT ( 'NONE',  ( 62.87537646962544400, -28.30036512018218900, 250.0000000000000000 ) ) ;
#10759 = AXIS2_PLACEMENT_3D ( 'NONE', #7212, #6402, #10927 ) ;
#10760 = ORIENTED_EDGE ( 'NONE', *, *, #8626, .T. ) ;
#10761 = ORIENTED_EDGE ( 'NONE', *, *, #5155, .F. ) ;
#10762 = VECTOR ( 'NONE', #7733, 1000.000000000000000 ) ;
#10763 = CARTESIAN_POINT ( 'NONE',  ( 3.799157404752007600, 0.009634879817567443300, 250.0000000000000000 ) ) ;
#10764 = AXIS2_PLACEMENT_3D ( 'NONE', #10911, #3002, #2115 ) ;
#10765 = LINE ( 'NONE', #9421, #10475 ) ;
#10766 = LINE ( 'NONE', #8358, #3212 ) ;
#10767 = CARTESIAN_POINT ( 'NONE',  ( 25.50201657697738600, -11.79036512018251400, 250.0000000000000000 ) ) ;
#10768 = CARTESIAN_POINT ( 'NONE',  ( 20.10992663788858100, -16.08952446469493200, 250.0000000000000000 ) ) ;
#10769 = EDGE_CURVE ( 'NONE', #11061, #9696, #8417, .T. ) ;
#10770 = PLANE ( 'NONE',  #1330 ) ;
#10771 = VERTEX_POINT ( 'NONE', #2584 ) ;
#10772 = PLANE ( 'NONE',  #8369 ) ;
#10773 = EDGE_LOOP ( 'NONE', ( #552, #453, #7996, #4338 ) ) ;
#10774 = ORIENTED_EDGE ( 'NONE', *, *, #6789, .T. ) ;
#10775 = VECTOR ( 'NONE', #2513, 1000.000000000000000 ) ;
#10776 = EDGE_CURVE ( 'NONE', #11558, #4233, #11421, .T. ) ;
#10777 = LINE ( 'NONE', #11572, #2352 ) ;
#10778 = ADVANCED_FACE ( 'NONE', ( #4989 ), #6177, .F. ) ;
#10779 = CARTESIAN_POINT ( 'NONE',  ( 8.495956931635365800, 8.505591811452930500, 250.0000000000000000 ) ) ;
#10780 = EDGE_CURVE ( 'NONE', #1013, #4984, #11123, .T. ) ;
#10781 = CC_DESIGN_PERSON_AND_ORGANIZATION_ASSIGNMENT ( #7523, #2914, ( #8956 ) ) ;
#10782 = CARTESIAN_POINT ( 'NONE',  ( -4.341302591949443000, 9.778249236954939900, 0.0000000000000000000 ) ) ;
#10783 = ORIENTED_EDGE ( 'NONE', *, *, #6257, .T. ) ;
#10784 = ORIENTED_EDGE ( 'NONE', *, *, #8329, .F. ) ;
#10785 = DIRECTION ( 'NONE',  ( 0.0000000000000000000, -1.000000000000000000, 0.0000000000000000000 ) ) ;
#10786 = PLANE ( 'NONE',  #7080 ) ;
#10787 = LINE ( 'NONE', #9606, #7069 ) ;
#10788 = ADVANCED_FACE ( 'NONE', ( #3271 ), #791, .F. ) ;
#10789 = PLANE ( 'NONE',  #8879 ) ;
#10790 = CARTESIAN_POINT ( 'NONE',  ( -8.199999999999999300, -26.56036512018241400, 0.0000000000000000000 ) ) ;
#10791 = EDGE_CURVE ( 'NONE', #3700, #4995, #3416, .T. ) ;
#10792 = EDGE_CURVE ( 'NONE', #5421, #10340, #10102, .T. ) ;
#10793 = ORIENTED_EDGE ( 'NONE', *, *, #5519, .F. ) ;
#10794 = VECTOR ( 'NONE', #7079, 1000.000000000000000 ) ;
#10795 = AXIS2_PLACEMENT_3D ( 'NONE', #6604, #3032, #3910 ) ;
#10796 = LINE ( 'NONE', #6489, #11802 ) ;
#10797 = CARTESIAN_POINT ( 'NONE',  ( -3.799157404752004000, 0.009634879817567443300, 250.0000000000000000 ) ) ;
#10798 = DIRECTION ( 'NONE',  ( -0.0000000000000000000, -0.0000000000000000000, -1.000000000000000000 ) ) ;
#10799 = DIRECTION ( 'NONE',  ( -0.0000000000000000000, -0.0000000000000000000, -1.000000000000000000 ) ) ;
#10800 = DIRECTION ( 'NONE',  ( -0.0000000000000000000, -0.0000000000000000000, -1.000000000000000000 ) ) ;
#10801 = ORIENTED_EDGE ( 'NONE', *, *, #8042, .F. ) ;
#10802 = LINE ( 'NONE', #11260, #4959 ) ;
#10803 = EDGE_CURVE ( 'NONE', #8175, #966, #7691, .T. ) ;
#10804 = EDGE_CURVE ( 'NONE', #7549, #11568, #5128, .T. ) ;
#10805 = CARTESIAN_POINT ( 'NONE',  ( 51.68999999999778100, -2.882859445469489600, 0.0000000000000000000 ) ) ;
#10806 = CARTESIAN_POINT ( 'NONE',  ( 19.99999999991255400, -19.99036512018248500, 250.0000000000000000 ) ) ;
#10807 = DIRECTION ( 'NONE',  ( 0.0000000000000000000, -0.0000000000000000000, 1.000000000000000000 ) ) ;
#10808 = CIRCLE ( 'NONE', #11347, 0.7899999999999990400 ) ;
#10809 = CARTESIAN_POINT ( 'NONE',  ( 42.82952246339918600, -23.89285944546705000, 250.0000000000000000 ) ) ;
#10810 = ORIENTED_EDGE ( 'NONE', *, *, #5911, .T. ) ;
#10811 = UNCERTAINTY_MEASURE_WITH_UNIT (LENGTH_MEASURE( 1.000000000000000100E-005 ), #11785, 'distance_accuracy_value', 'NONE');
#10812 = ORIENTED_EDGE ( 'NONE', *, *, #7316, .T. ) ;
#10813 = LINE ( 'NONE', #990, #7236 ) ;
#10814 = CARTESIAN_POINT ( 'NONE',  ( 57.16499787675104500, -3.901602146817069200, 250.0000000000000000 ) ) ;
#10815 = VECTOR ( 'NONE', #5784, 1000.000000000000000 ) ;
#10816 = DIRECTION ( 'NONE',  ( 0.0000000000000000000, 1.000000000000000000, 0.0000000000000000000 ) ) ;
#10817 = EDGE_CURVE ( 'NONE', #1780, #3085, #8261, .T. ) ;
#10818 = VECTOR ( 'NONE', #10825, 1000.000000000000000 ) ;
#10819 = CARTESIAN_POINT ( 'NONE',  ( 68.30999999998699900, 2.882517024158107500, 250.0000000000000000 ) ) ;
#10820 = CARTESIAN_POINT ( 'NONE',  ( -3.899999999985570600, 2.836663079479063000, 250.0000000000000000 ) ) ;
#10821 = ORIENTED_EDGE ( 'NONE', *, *, #4802, .F. ) ;
#10822 = ORIENTED_EDGE ( 'NONE', *, *, #2291, .F. ) ;
#10823 = FACE_OUTER_BOUND ( 'NONE', #11797, .T. ) ;
#10824 = DIRECTION ( 'NONE',  ( -0.0000000000000000000, 1.000000000000000000, -0.0000000000000000000 ) ) ;
#10825 = DIRECTION ( 'NONE',  ( -1.000000000000000000, -0.0000000000000000000, -0.0000000000000000000 ) ) ;
#10826 = DIRECTION ( 'NONE',  ( -0.0000000000000000000, -0.0000000000000000000, -1.000000000000000000 ) ) ;
#10827 = LINE ( 'NONE', #5173, #9831 ) ;
#10828 = CARTESIAN_POINT ( 'NONE',  ( 68.19999999999419100, -22.88036512018231500, 250.0000000000000000 ) ) ;
#10829 = CIRCLE ( 'NONE', #2982, 0.7900000000000008100 ) ;
#10830 = ADVANCED_FACE ( 'NONE', ( #4412 ), #7325, .T. ) ;
#10831 = EDGE_CURVE ( 'NONE', #4750, #4736, #7114, .T. ) ;
#10832 = DIRECTION ( 'NONE',  ( 0.0000000000000000000, 0.0000000000000000000, 1.000000000000000000 ) ) ;
#10833 = DIRECTION ( 'NONE',  ( -1.000000000000000000, 0.0000000000000000000, 0.0000000000000000000 ) ) ;
#10834 = EDGE_LOOP ( 'NONE', ( #2490, #11700, #8339, #10869 ) ) ;
#10835 = VERTEX_POINT ( 'NONE', #5390 ) ;
#10836 = ORIENTED_EDGE ( 'NONE', *, *, #902, .F. ) ;
#10837 = FACE_OUTER_BOUND ( 'NONE', #2649, .T. ) ;
#10838 = LINE ( 'NONE', #9340, #19 ) ;
#10839 = CARTESIAN_POINT ( 'NONE',  ( 69.99999999998701100, 4.899745738432866200, 0.0000000000000000000 ) ) ;
#10840 = EDGE_CURVE ( 'NONE', #9872, #3036, #593, .T. ) ;
#10841 = DIRECTION ( 'NONE',  ( 1.000000000000000000, -7.885106709243211700E-015, 0.0000000000000000000 ) ) ;
#10842 = PLANE ( 'NONE',  #4776 ) ;
#10843 = VECTOR ( 'NONE', #8831, 1000.000000000000000 ) ;
#10844 = DIRECTION ( 'NONE',  ( -1.000000000000000000, 0.0000000000000000000, 0.0000000000000000000 ) ) ;
#10845 = CARTESIAN_POINT ( 'NONE',  ( 5.503336920534022300, -28.19036512018228900, 0.0000000000000000000 ) ) ;
#10846 = EDGE_CURVE ( 'NONE', #10190, #5730, #7843, .T. ) ;
#10847 = CARTESIAN_POINT ( 'NONE',  ( -5.488713390157446500, -28.19036512018228900, 250.0000000000000000 ) ) ;
#10848 = ADVANCED_FACE ( 'NONE', ( #6818 ), #8237, .F. ) ;
#10849 = AXIS2_PLACEMENT_3D ( 'NONE', #3885, #10251, #5646 ) ;
#10850 = DIRECTION ( 'NONE',  ( -0.0000000000000000000, -0.0000000000000000000, -1.000000000000000000 ) ) ;
#10851 = ORIENTED_EDGE ( 'NONE', *, *, #2791, .T. ) ;
#10852 = ORIENTED_EDGE ( 'NONE', *, *, #6269, .T. ) ;
#10853 = ORIENTED_EDGE ( 'NONE', *, *, #7347, .F. ) ;
#10854 = EDGE_LOOP ( 'NONE', ( #4008, #2908, #3310, #6303 ) ) ;
#10855 = PLANE ( 'NONE',  #10638 ) ;
#10856 = VECTOR ( 'NONE', #5670, 1000.000000000000000 ) ;
#10857 = LINE ( 'NONE', #9615, #3005 ) ;
#10858 = CARTESIAN_POINT ( 'NONE',  ( 12.69999998590111500, -13.75036510608260100, 250.0000000000000000 ) ) ;
#10859 = EDGE_LOOP ( 'NONE', ( #9289, #6849, #9029, #2349 ) ) ;
#10860 = EDGE_CURVE ( 'NONE', #8293, #4909, #1982, .T. ) ;
#10861 = EDGE_CURVE ( 'NONE', #2874, #5272, #1165, .T. ) ;
#10862 = PLANE ( 'NONE',  #1208 ) ;
#10863 = ORIENTED_EDGE ( 'NONE', *, *, #9183, .F. ) ;
#10864 = VERTEX_POINT ( 'NONE', #10839 ) ;
#10865 = ORIENTED_EDGE ( 'NONE', *, *, #5233, .T. ) ;
#10866 = ORIENTED_EDGE ( 'NONE', *, *, #5508, .T. ) ;
#10867 = ORIENTED_EDGE ( 'NONE', *, *, #4524, .T. ) ;
#10868 = DIRECTION ( 'NONE',  ( 0.0000000000000000000, 0.0000000000000000000, 1.000000000000000000 ) ) ;
#10869 = ORIENTED_EDGE ( 'NONE', *, *, #5277, .T. ) ;
#10870 = AXIS2_PLACEMENT_3D ( 'NONE', #6830, #9558, #11496 ) ;
#10871 = LINE ( 'NONE', #6942, #914 ) ;
#10872 = CIRCLE ( 'NONE', #9981, 0.8000000000000020400 ) ;
#10873 = CARTESIAN_POINT ( 'NONE',  ( 68.30999999999059500, -2.882859445469490500, 0.0000000000000000000 ) ) ;
#10874 = CARTESIAN_POINT ( 'NONE',  ( -8.199999999999999300, -28.19036512018242000, 0.0000000000000000000 ) ) ;
#10875 = VERTEX_POINT ( 'NONE', #9061 ) ;
#10876 = ORIENTED_EDGE ( 'NONE', *, *, #9978, .F. ) ;
#10877 = ORIENTED_EDGE ( 'NONE', *, *, #2488, .T. ) ;
#10878 = VERTEX_POINT ( 'NONE', #945 ) ;
#10879 = ORIENTED_EDGE ( 'NONE', *, *, #4385, .F. ) ;
#10880 = DIRECTION ( 'NONE',  ( -1.000000000000000000, 0.0000000000000000000, 0.0000000000000000000 ) ) ;
#10881 = EDGE_CURVE ( 'NONE', #9924, #11425, #4122, .T. ) ;
#10882 = EDGE_CURVE ( 'NONE', #227, #8684, #9969, .T. ) ;
#10883 = FACE_OUTER_BOUND ( 'NONE', #10270, .T. ) ;
#10884 = VECTOR ( 'NONE', #1227, 1000.000000000000000 ) ;
#10885 = CARTESIAN_POINT ( 'NONE',  ( 65.48871339015163100, -26.55168528746671400, 250.0000000000000000 ) ) ;
#10886 = AXIS2_PLACEMENT_3D ( 'NONE', #5341, #11713, #6125 ) ;
#10887 = DIRECTION ( 'NONE',  ( 0.0000000000000000000, 0.0000000000000000000, -1.000000000000000000 ) ) ;
#10888 = ORIENTED_EDGE ( 'NONE', *, *, #10001, .F. ) ;
#10889 = ORIENTED_EDGE ( 'NONE', *, *, #8698, .T. ) ;
#10890 = ORIENTED_EDGE ( 'NONE', *, *, #2802, .F. ) ;
#10891 = ORIENTED_EDGE ( 'NONE', *, *, #9637, .F. ) ;
#10892 = DIRECTION ( 'NONE',  ( 1.000000000000000000, 0.0000000000000000000, 0.0000000000000000000 ) ) ;
#10893 = DIRECTION ( 'NONE',  ( -0.0000000000000000000, -0.0000000000000000000, -1.000000000000000000 ) ) ;
#10894 = ORIENTED_EDGE ( 'NONE', *, *, #8190, .F. ) ;
#10895 = DIRECTION ( 'NONE',  ( -0.6659235971565212700, 0.7460199479572373600, -0.0000000000000000000 ) ) ;
#10896 = CARTESIAN_POINT ( 'NONE',  ( 14.49666307946589100, -28.19036512018228900, 250.0000000000000000 ) ) ;
#10897 = VECTOR ( 'NONE', #9475, 1000.000000000000000 ) ;
#10898 = VECTOR ( 'NONE', #6726, 1000.000000000000000 ) ;
#10899 = ADVANCED_FACE ( 'NONE', ( #5417 ), #8128, .T. ) ;
#10900 = CARTESIAN_POINT ( 'NONE',  ( 68.30999999999419000, -17.11498865055904900, 0.0000000000000000000 ) ) ;
#10901 = AXIS2_PLACEMENT_3D ( 'NONE', #7318, #10880, #10832 ) ;
#10902 = ORIENTED_EDGE ( 'NONE', *, *, #3239, .F. ) ;
#10903 = CARTESIAN_POINT ( 'NONE',  ( 35.65563491860065400, -10.22467969523303600, 250.0000000000000000 ) ) ;
#10904 = DIRECTION ( 'NONE',  ( -0.7071067811865474600, -0.7071067811865476800, -0.0000000000000000000 ) ) ;
#10905 = ORIENTED_EDGE ( 'NONE', *, *, #4896, .F. ) ;
#10906 = DIRECTION ( 'NONE',  ( 4.810863916118015400E-016, 1.000000000000000000, 0.0000000000000000000 ) ) ;
#10907 = LINE ( 'NONE', #2176, #8476 ) ;
#10908 = FACE_OUTER_BOUND ( 'NONE', #9705, .T. ) ;
#10909 = FACE_OUTER_BOUND ( 'NONE', #6425, .T. ) ;
#10910 = DIRECTION ( 'NONE',  ( -1.000000000000000000, 0.0000000000000000000, 0.0000000000000000000 ) ) ;
#10911 = CARTESIAN_POINT ( 'NONE',  ( -8.309999999996403400, -2.882859445469490500, 250.0000000000000000 ) ) ;
#10912 = CARTESIAN_POINT ( 'NONE',  ( 62.88268823480619600, 8.207983149782574400, 250.0000000000000000 ) ) ;
#10913 = ORIENTED_EDGE ( 'NONE', *, *, #1018, .F. ) ;
#10914 = ADVANCED_FACE ( 'NONE', ( #6255 ), #173, .T. ) ;
#10915 = CARTESIAN_POINT ( 'NONE',  ( 8.200000000000006400, -2.882859445469489600, 250.0000000000000000 ) ) ;
#10916 = CARTESIAN_POINT ( 'NONE',  ( -8.499999999999992900, -28.49036512018231400, 250.0000000000000000 ) ) ;
#10917 = VERTEX_POINT ( 'NONE', #3691 ) ;
#10918 = VECTOR ( 'NONE', #5432, 1000.000000000000000 ) ;
#10919 = CARTESIAN_POINT ( 'NONE',  ( 51.79999999997984600, -5.496196365999258800, 250.0000000000000000 ) ) ;
#10920 = FACE_OUTER_BOUND ( 'NONE', #10031, .T. ) ;
#10921 = DIRECTION ( 'NONE',  ( -1.000000000000000000, 0.0000000000000000000, 0.0000000000000000000 ) ) ;
#10922 = ORIENTED_EDGE ( 'NONE', *, *, #5268, .F. ) ;
#10923 = EDGE_LOOP ( 'NONE', ( #601, #4698, #11184, #1993 ) ) ;
#10924 = ORIENTED_EDGE ( 'NONE', *, *, #11782, .T. ) ;
#10925 = EDGE_LOOP ( 'NONE', ( #10565, #6072, #2920, #10627 ) ) ;
#10926 = LINE ( 'NONE', #7357, #5501 ) ;
#10927 = DIRECTION ( 'NONE',  ( 1.000000000000000000, 0.0000000000000000000, 0.0000000000000000000 ) ) ;
#10928 = FACE_OUTER_BOUND ( 'NONE', #11158, .T. ) ;
#10929 = EDGE_CURVE ( 'NONE', #10607, #8207, #1709, .T. ) ;
#10930 = DIRECTION ( 'NONE',  ( -1.000000000000000000, 0.0000000000000000000, 0.0000000000000000000 ) ) ;
#10931 = CARTESIAN_POINT ( 'NONE',  ( -9.200000000000004600, -15.09361780066056700, 0.0000000000000000000 ) ) ;
#10932 = DIRECTION ( 'NONE',  ( -0.0000000000000000000, -0.0000000000000000000, -1.000000000000000000 ) ) ;
#10933 = CARTESIAN_POINT ( 'NONE',  ( 12.69999998590117400, -26.24036512018223300, 250.0000000000000000 ) ) ;
#10934 = EDGE_CURVE ( 'NONE', #1802, #5041, #292, .T. ) ;
#10935 = AXIS2_PLACEMENT_3D ( 'NONE', #9669, #1484, #8724 ) ;
#10936 = ORIENTED_EDGE ( 'NONE', *, *, #2364, .F. ) ;
#10937 = FACE_OUTER_BOUND ( 'NONE', #9575, .T. ) ;
#10938 = CARTESIAN_POINT ( 'NONE',  ( 12.69999998590111500, -13.75036510608260100, 0.0000000000000000000 ) ) ;
#10939 = DIRECTION ( 'NONE',  ( -1.000000000000000000, -0.0000000000000000000, -0.0000000000000000000 ) ) ;
#10940 = LINE ( 'NONE', #3364, #9213 ) ;
#10941 = CARTESIAN_POINT ( 'NONE',  ( 37.12462353036301000, -28.19036512018228500, 0.0000000000000000000 ) ) ;
#10942 = PLANE ( 'NONE',  #5263 ) ;
#10943 = ORIENTED_EDGE ( 'NONE', *, *, #399, .T. ) ;
#10944 = FACE_OUTER_BOUND ( 'NONE', #645, .T. ) ;
#10945 = DIRECTION ( 'NONE',  ( -0.7072143353590419900, -0.7069992106520830400, 0.0000000000000000000 ) ) ;
#10946 = LINE ( 'NONE', #5405, #10230 ) ;
#10947 = CARTESIAN_POINT ( 'NONE',  ( 14.49666307946589100, -26.55245490884332000, 250.0000000000000000 ) ) ;
#10948 = EDGE_CURVE ( 'NONE', #718, #2629, #7405, .T. ) ;
#10949 = EDGE_CURVE ( 'NONE', #10409, #5021, #2552, .T. ) ;
#10950 = PERSON_AND_ORGANIZATION ( #4411, #10511 ) ;
#10951 = ORIENTED_EDGE ( 'NONE', *, *, #5636, .T. ) ;
#10952 = VECTOR ( 'NONE', #11091, 1000.000000000000000 ) ;
#10953 = LINE ( 'NONE', #8323, #11673 ) ;
#10954 = LINE ( 'NONE', #9945, #581 ) ;
#10955 = CARTESIAN_POINT ( 'NONE',  ( 27.31926974553754000, -26.23036512018296300, 250.0000000000000000 ) ) ;
#10956 = CARTESIAN_POINT ( 'NONE',  ( 8.200000000000006400, 2.882517024154526400, 250.0000000000000000 ) ) ;
#10957 = AXIS2_PLACEMENT_3D ( 'NONE', #5477, #9935, #7294 ) ;
#10958 = CARTESIAN_POINT ( 'NONE',  ( 32.68073025445665500, -26.23036512018296300, 250.0000000000000000 ) ) ;
#10959 = DIRECTION ( 'NONE',  ( -0.0000000000000000000, -0.0000000000000000000, -1.000000000000000000 ) ) ;
#10960 = EDGE_LOOP ( 'NONE', ( #5172, #2088, #7502, #6910 ) ) ;
#10961 = VERTEX_POINT ( 'NONE', #5657 ) ;
#10962 = VECTOR ( 'NONE', #11432, 1000.000000000000000 ) ;
#10963 = ADVANCED_FACE ( 'NONE', ( #1440 ), #9541, .T. ) ;
#10964 = CARTESIAN_POINT ( 'NONE',  ( 25.50201657697738600, -11.79036512018251400, 250.0000000000000000 ) ) ;
#10965 = LINE ( 'NONE', #1763, #6520 ) ;
#10966 = VECTOR ( 'NONE', #3101, 1000.000000000000000 ) ;
#10967 = CARTESIAN_POINT ( 'NONE',  ( -4.341302591949443000, 9.778249236954939900, 250.0000000000000000 ) ) ;
#10968 = ORIENTED_EDGE ( 'NONE', *, *, #10016, .F. ) ;
#10969 = ORIENTED_EDGE ( 'NONE', *, *, #6645, .T. ) ;
#10970 = ORIENTED_EDGE ( 'NONE', *, *, #4133, .F. ) ;
#10971 = CARTESIAN_POINT ( 'NONE',  ( 55.65431457504502800, -29.75605054513154700, 250.0000000000000000 ) ) ;
#10972 = FACE_BOUND ( 'NONE', #6190, .T. ) ;
#10973 = VERTEX_POINT ( 'NONE', #9324 ) ;
#10974 = EDGE_CURVE ( 'NONE', #6891, #325, #2692, .T. ) ;
#10975 = LINE ( 'NONE', #3094, #3281 ) ;
#10976 = PLANE ( 'NONE',  #1496 ) ;
#10977 = DIRECTION ( 'NONE',  ( -0.6659235971038775000, 0.7460199480042291100, -0.0000000000000000000 ) ) ;
#10978 = DIRECTION ( 'NONE',  ( -0.0000000000000000000, -0.0000000000000000000, -1.000000000000000000 ) ) ;
#10979 = CARTESIAN_POINT ( 'NONE',  ( -8.309999999996403400, -2.882859445469490500, 0.0000000000000000000 ) ) ;
#10980 = DIRECTION ( 'NONE',  ( 0.0000000000000000000, 1.000000000000000000, -0.0000000000000000000 ) ) ;
#10981 = CARTESIAN_POINT ( 'NONE',  ( 52.69036512016204200, -26.24310889209112600, 250.0000000000000000 ) ) ;
#10982 = VERTEX_POINT ( 'NONE', #6551 ) ;
#10983 = ORIENTED_EDGE ( 'NONE', *, *, #6363, .F. ) ;
#10984 = ORIENTED_EDGE ( 'NONE', *, *, #11679, .T. ) ;
#10985 = AXIS2_PLACEMENT_3D ( 'NONE', #7962, #2495, #539 ) ;
#10986 = VECTOR ( 'NONE', #8492, 1000.000000000000000 ) ;
#10987 = LINE ( 'NONE', #10947, #7568 ) ;
#10988 = VECTOR ( 'NONE', #4086, 1000.000000000000100 ) ;
#10989 = EDGE_CURVE ( 'NONE', #3642, #2194, #8985, .T. ) ;
#10990 = CARTESIAN_POINT ( 'NONE',  ( 60.10667384106814400, 3.907140554540114300, 250.0000000000000000 ) ) ;
#10991 = DIRECTION ( 'NONE',  ( -0.0000000000000000000, 0.0000000000000000000, -1.000000000000000000 ) ) ;
#10992 = CARTESIAN_POINT ( 'NONE',  ( 25.48871339015736100, -28.19036512018228900, 250.0000000000000000 ) ) ;
#10993 = VERTEX_POINT ( 'NONE', #7524 ) ;
#10994 = VERTEX_POINT ( 'NONE', #9231 ) ;
#10995 = ORIENTED_EDGE ( 'NONE', *, *, #8808, .T. ) ;
#10996 = VERTEX_POINT ( 'NONE', #4821 ) ;
#10997 = EDGE_CURVE ( 'NONE', #488, #5934, #8406, .T. ) ;
#10998 = CARTESIAN_POINT ( 'NONE',  ( 47.30000001409301500, -26.24036512018223300, 250.0000000000000000 ) ) ;
#10999 = DIRECTION ( 'NONE',  ( -0.0000000000000000000, -1.000000000000000000, -0.0000000000000000000 ) ) ;
#11000 = DIRECTION ( 'NONE',  ( -0.01665110428261081300, -0.9998613607526644100, -0.0000000000000000000 ) ) ;
#11001 = EDGE_CURVE ( 'NONE', #9246, #6970, #2979, .T. ) ;
#11002 = DIRECTION ( 'NONE',  ( -0.7071067811865486800, -0.7071067811865464600, 0.0000000000000000000 ) ) ;
#11003 = FACE_OUTER_BOUND ( 'NONE', #5581, .T. ) ;
#11004 = LINE ( 'NONE', #162, #3307 ) ;
#11005 = CARTESIAN_POINT ( 'NONE',  ( 69.99999999999418800, -4.904230295371562000, 0.0000000000000000000 ) ) ;
#11006 = CARTESIAN_POINT ( 'NONE',  ( 42.83043820904266900, -16.08952446469493200, 250.0000000000000000 ) ) ;
#11007 = ORIENTED_EDGE ( 'NONE', *, *, #1329, .F. ) ;
#11008 = ORIENTED_EDGE ( 'NONE', *, *, #8946, .T. ) ;
#11009 = VERTEX_POINT ( 'NONE', #8490 ) ;
#11010 = VERTEX_POINT ( 'NONE', #6513 ) ;
#11011 = VERTEX_POINT ( 'NONE', #4784 ) ;
#11012 = CARTESIAN_POINT ( 'NONE',  ( 25.51587163031308600, -26.55957388274415000, 250.0000000000000000 ) ) ;
#11013 = FACE_OUTER_BOUND ( 'NONE', #4156, .T. ) ;
#11014 = DIRECTION ( 'NONE',  ( -0.0000000000000000000, -0.0000000000000000000, -1.000000000000000000 ) ) ;
#11015 = LINE ( 'NONE', #10477, #1743 ) ;
#11016 = CARTESIAN_POINT ( 'NONE',  ( 69.99999999999418800, -24.89759383445705900, 0.0000000000000000000 ) ) ;
#11017 = EDGE_CURVE ( 'NONE', #9246, #2612, #3132, .T. ) ;
#11018 = EDGE_CURVE ( 'NONE', #3989, #2768, #2404, .T. ) ;
#11019 = CARTESIAN_POINT ( 'NONE',  ( 39.99025578557461100, -16.18970688816392900, 250.0000000000000000 ) ) ;
#11020 = ORIENTED_EDGE ( 'NONE', *, *, #4258, .T. ) ;
#11021 = DIRECTION ( 'NONE',  ( 0.7508172437159988900, 0.6605100048740446500, -0.0000000000000000000 ) ) ;
#11022 = VERTEX_POINT ( 'NONE', #10271 ) ;
#11023 = ORIENTED_EDGE ( 'NONE', *, *, #1566, .T. ) ;
#11024 = ORIENTED_EDGE ( 'NONE', *, *, #2240, .T. ) ;
#11025 = DIRECTION ( 'NONE',  ( -0.01665110428260868600, 0.9998613607526644100, 0.0000000000000000000 ) ) ;
#11026 = ORIENTED_EDGE ( 'NONE', *, *, #5503, .T. ) ;
#11027 = ADVANCED_FACE ( 'NONE', ( #5554 ), #6630, .F. ) ;
#11028 = DIRECTION ( 'NONE',  ( 0.0000000000000000000, 0.0000000000000000000, 1.000000000000000000 ) ) ;
#11029 = CARTESIAN_POINT ( 'NONE',  ( 63.89999999997976200, -2.841651730025073900, 250.0000000000000000 ) ) ;
#11030 = LINE ( 'NONE', #1407, #5900 ) ;
#11031 = FACE_OUTER_BOUND ( 'NONE', #9123, .T. ) ;
#11032 = DIRECTION ( 'NONE',  ( -2.846725704166561300E-014, 1.000000000000000000, 0.0000000000000000000 ) ) ;
#11033 = ORIENTED_EDGE ( 'NONE', *, *, #2539, .T. ) ;
#11034 = ORIENTED_EDGE ( 'NONE', *, *, #2348, .F. ) ;
#11035 = ORIENTED_EDGE ( 'NONE', *, *, #8483, .F. ) ;
#11036 = ORIENTED_EDGE ( 'NONE', *, *, #6310, .T. ) ;
#11037 = CARTESIAN_POINT ( 'NONE',  ( 6.570000000007161700, 8.207983149782574400, 250.0000000000000000 ) ) ;
#11038 = EDGE_CURVE ( 'NONE', #9287, #8777, #10829, .T. ) ;
#11039 = EDGE_CURVE ( 'NONE', #8739, #481, #10536, .T. ) ;
#11040 = ORIENTED_EDGE ( 'NONE', *, *, #11794, .T. ) ;
#11041 = LINE ( 'NONE', #8776, #7044 ) ;
#11042 = VECTOR ( 'NONE', #11390, 1000.000000000000100 ) ;
#11043 = VECTOR ( 'NONE', #10572, 1000.000000000000000 ) ;
#11044 = AXIS2_PLACEMENT_3D ( 'NONE', #4567, #9182, #11071 ) ;
#11045 = CARTESIAN_POINT ( 'NONE',  ( 66.55999999999414700, -25.49370204071641800, 0.0000000000000000000 ) ) ;
#11046 = DIRECTION ( 'NONE',  ( 1.000000000000000000, 0.0000000000000000000, 0.0000000000000000000 ) ) ;
#11047 = PLANE ( 'NONE',  #7492 ) ;
#11048 = CARTESIAN_POINT ( 'NONE',  ( 8.309999999996406900, -2.882859445469489600, 250.0000000000000000 ) ) ;
#11049 = CARTESIAN_POINT ( 'NONE',  ( 56.09999999999428200, -2.841651730025073900, 250.0000000000000000 ) ) ;
#11050 = ORIENTED_EDGE ( 'NONE', *, *, #7364, .T. ) ;
#11051 = ORIENTED_EDGE ( 'NONE', *, *, #10329, .T. ) ;
#11052 = VECTOR ( 'NONE', #460, 1000.000000000000000 ) ;
#11053 = VECTOR ( 'NONE', #11360, 1000.000000000000000 ) ;
#11054 = LINE ( 'NONE', #4883, #7777 ) ;
#11055 = CARTESIAN_POINT ( 'NONE',  ( 56.09999999999428200, 0.09834826997499368500, 0.0000000000000000000 ) ) ;
#11056 = APPROVAL_ROLE ( '' ) ;
#11057 = DIRECTION ( 'NONE',  ( -1.000000000000000000, 0.0000000000000000000, 0.0000000000000000000 ) ) ;
#11058 = CARTESIAN_POINT ( 'NONE',  ( 60.08871339015073700, -23.89285944546705000, 250.0000000000000000 ) ) ;
#11059 = DIRECTION ( 'NONE',  ( -0.0000000000000000000, -0.0000000000000000000, -1.000000000000000000 ) ) ;
#11060 = ORIENTED_EDGE ( 'NONE', *, *, #3472, .T. ) ;
#11061 = VERTEX_POINT ( 'NONE', #1979 ) ;
#11062 = ORIENTED_EDGE ( 'NONE', *, *, #1461, .F. ) ;
#11063 = VECTOR ( 'NONE', #10734, 1000.000000000000000 ) ;
#11064 = CARTESIAN_POINT ( 'NONE',  ( 63.79915740474619000, 0.009634879817567443300, 250.0000000000000000 ) ) ;
#11065 = DIRECTION ( 'NONE',  ( -0.0000000000000000000, -0.0000000000000000000, -1.000000000000000000 ) ) ;
#11066 = LINE ( 'NONE', #3743, #4071 ) ;
#11067 = EDGE_CURVE ( 'NONE', #3446, #11715, #1302, .T. ) ;
#11068 = CARTESIAN_POINT ( 'NONE',  ( 64.90722871426893900, -29.99036512018231800, 250.0000000000000000 ) ) ;
#11069 = CARTESIAN_POINT ( 'NONE',  ( 43.89036513427484500, -22.83073024036426800, 0.0000000000000000000 ) ) ;
#11070 = ORIENTED_EDGE ( 'NONE', *, *, #8491, .T. ) ;
#11071 = DIRECTION ( 'NONE',  ( -1.000000000000000000, 0.0000000000000000000, 0.0000000000000000000 ) ) ;
#11072 = ORIENTED_EDGE ( 'NONE', *, *, #9267, .T. ) ;
#11073 = EDGE_CURVE ( 'NONE', #11142, #51, #8121, .T. ) ;
#11074 = LINE ( 'NONE', #8013, #1395 ) ;
#11075 = CARTESIAN_POINT ( 'NONE',  ( 62.09999999999418900, 0.009634879817567700000, 250.0000000000000000 ) ) ;
#11076 = EDGE_CURVE ( 'NONE', #905, #8924, #6806, .T. ) ;
#11077 = DIRECTION ( 'NONE',  ( -0.0000000000000000000, -0.0000000000000000000, -1.000000000000000000 ) ) ;
#11078 = DIRECTION ( 'NONE',  ( -0.0000000000000000000, -0.0000000000000000000, -1.000000000000000000 ) ) ;
#11079 = DIRECTION ( 'NONE',  ( 0.01665110428260868600, -0.9998613607526644100, 0.0000000000000000000 ) ) ;
#11080 = CARTESIAN_POINT ( 'NONE',  ( 8.200000000014338000, -7.297745508358056900, 250.0000000000000000 ) ) ;
#11081 = LINE ( 'NONE', #5809, #1671 ) ;
#11082 = DIRECTION ( 'NONE',  ( -0.0000000000000000000, 0.0000000000000000000, -1.000000000000000000 ) ) ;
#11083 = CARTESIAN_POINT ( 'NONE',  ( 54.49666307946017000, -26.55128087389479300, 250.0000000000000000 ) ) ;
#11084 = CARTESIAN_POINT ( 'NONE',  ( 52.69036512017637400, -28.19036512018228900, 250.0000000000000000 ) ) ;
#11085 = VECTOR ( 'NONE', #7780, 1000.000000000000000 ) ;
#11086 = DIRECTION ( 'NONE',  ( -0.0000000000000000000, -1.000000000000000000, -0.0000000000000000000 ) ) ;
#11087 = ADVANCED_FACE ( 'NONE', ( #12 ), #9438, .F. ) ;
#11088 = DIRECTION ( 'NONE',  ( -0.7068146735022619000, -0.7073987682501935400, 0.0000000000000000000 ) ) ;
#11089 = EDGE_CURVE ( 'NONE', #5168, #7590, #137, .T. ) ;
#11090 = EDGE_CURVE ( 'NONE', #3740, #1060, #1569, .T. ) ;
#11091 = DIRECTION ( 'NONE',  ( -0.0000000000000000000, -0.0000000000000000000, -1.000000000000000000 ) ) ;
#11092 = ORIENTED_EDGE ( 'NONE', *, *, #7347, .T. ) ;
#11093 = FACE_OUTER_BOUND ( 'NONE', #827, .T. ) ;
#11094 = APPLICATION_CONTEXT ( 'configuration controlled 3d designs of mechanical parts and assemblies' ) ;
#11095 = AXIS2_PLACEMENT_3D ( 'NONE', #253, #5656, #9266 ) ;
#11096 = DIRECTION ( 'NONE',  ( -0.0000000000000000000, -0.0000000000000000000, -1.000000000000000000 ) ) ;
#11097 = LINE ( 'NONE', #5471, #8677 ) ;
#11098 = CARTESIAN_POINT ( 'NONE',  ( 1.734723475976807100E-015, -23.79285944546526100, 250.0000000000000000 ) ) ;
#11099 = LINE ( 'NONE', #8074, #6512 ) ;
#11100 = CARTESIAN_POINT ( 'NONE',  ( 8.200000000000006400, -2.882859445469489600, 0.0000000000000000000 ) ) ;
#11101 = PLANE ( 'NONE',  #3804 ) ;
#11102 = CARTESIAN_POINT ( 'NONE',  ( 6.570000000007161700, 8.207983149782574400, 250.0000000000000000 ) ) ;
#11103 = ORIENTED_EDGE ( 'NONE', *, *, #11240, .T. ) ;
#11104 = LINE ( 'NONE', #11055, #2390 ) ;
#11105 = EDGE_CURVE ( 'NONE', #1296, #10654, #8972, .T. ) ;
#11106 = EDGE_CURVE ( 'NONE', #7207, #325, #9401, .T. ) ;
#11107 = CARTESIAN_POINT ( 'NONE',  ( -8.200000000000001100, -22.88036512018231500, 250.0000000000000000 ) ) ;
#11108 = CYLINDRICAL_SURFACE ( 'NONE', #4216, 0.7899999999999990400 ) ;
#11109 = VECTOR ( 'NONE', #8734, 1000.000000000000100 ) ;
#11110 = CARTESIAN_POINT ( 'NONE',  ( 10.00000000000716800, -9.990365120182433500, 250.0000000000000000 ) ) ;
#11111 = AXIS2_PLACEMENT_3D ( 'NONE', #4951, #5827, #4074 ) ;
#11112 = DIRECTION ( 'NONE',  ( 0.0000000000000000000, -1.000000000000000000, 0.0000000000000000000 ) ) ;
#11113 = EDGE_CURVE ( 'NONE', #3737, #8661, #11269, .T. ) ;
#11114 = VERTEX_POINT ( 'NONE', #10422 ) ;
#11115 = ADVANCED_FACE ( 'NONE', ( #5264 ), #5903, .T. ) ;
#11116 = VERTEX_POINT ( 'NONE', #1257 ) ;
#11117 = VERTEX_POINT ( 'NONE', #8526 ) ;
#11118 = LINE ( 'NONE', #10223, #8697 ) ;
#11119 = VECTOR ( 'NONE', #9570, 1000.000000000000000 ) ;
#11120 = DIRECTION ( 'NONE',  ( 0.7071067811865599000, 0.7071067811865351400, -0.0000000000000000000 ) ) ;
#11121 = DIRECTION ( 'NONE',  ( -0.7071067811865470200, 0.7071067811865481300, 0.0000000000000000000 ) ) ;
#11122 = CARTESIAN_POINT ( 'NONE',  ( -3.900000000000004400, -19.90664038059719200, 0.0000000000000000000 ) ) ;
#11123 = LINE ( 'NONE', #676, #10249 ) ;
#11124 = AXIS2_PLACEMENT_3D ( 'NONE', #650, #4394, #8987 ) ;
#11125 = DIRECTION ( 'NONE',  ( -0.7092036161358108400, -0.7050037098199480900, 0.0000000000000000000 ) ) ;
#11126 = DIRECTION ( 'NONE',  ( -1.000000000000000000, 0.0000000000000000000, 0.0000000000000000000 ) ) ;
#11127 = CC_DESIGN_DATE_AND_TIME_ASSIGNMENT ( #412, #8297, ( #7615 ) ) ;
#11128 = CARTESIAN_POINT ( 'NONE',  ( 1.734723475976807100E-015, 3.807140554534739000, 0.0000000000000000000 ) ) ;
#11129 = EDGE_LOOP ( 'NONE', ( #620, #5015, #2111, #9806 ) ) ;
#11130 = ORIENTED_EDGE ( 'NONE', *, *, #1676, .F. ) ;
#11131 = ORIENTED_EDGE ( 'NONE', *, *, #8669, .T. ) ;
#11132 = FACE_BOUND ( 'NONE', #5981, .T. ) ;
#11133 = VECTOR ( 'NONE', #4919, 1000.000000000000000 ) ;
#11134 = CARTESIAN_POINT ( 'NONE',  ( 51.68999999999778100, 2.882517024154526400, 250.0000000000000000 ) ) ;
#11135 = VECTOR ( 'NONE', #9491, 1000.000000000000000 ) ;
#11136 = PERSON_AND_ORGANIZATION_ROLE ( 'design_supplier' ) ;
#11137 = CARTESIAN_POINT ( 'NONE',  ( 15.08862915010164400, -29.99036512018207300, 250.0000000000000000 ) ) ;
#11138 = DIRECTION ( 'NONE',  ( 0.0000000000000000000, 1.000000000000000000, 0.0000000000000000000 ) ) ;
#11139 = EDGE_CURVE ( 'NONE', #9574, #4244, #8690, .T. ) ;
#11140 = ORIENTED_EDGE ( 'NONE', *, *, #1201, .F. ) ;
#11141 = ORIENTED_EDGE ( 'NONE', *, *, #737, .F. ) ;
#11142 = VERTEX_POINT ( 'NONE', #11408 ) ;
#11143 = ORIENTED_EDGE ( 'NONE', *, *, #9267, .F. ) ;
#11144 = CARTESIAN_POINT ( 'NONE',  ( 66.55999999997980900, -5.496196365999260500, 0.0000000000000000000 ) ) ;
#11145 = DIRECTION ( 'NONE',  ( -0.7062202859695078100, -0.7079921664009755100, 0.0000000000000000000 ) ) ;
#11146 = LINE ( 'NONE', #5755, #5163 ) ;
#11147 = VECTOR ( 'NONE', #8923, 1000.000000000000100 ) ;
#11148 = AXIS2_PLACEMENT_3D ( 'NONE', #6215, #3353, #7124 ) ;
#11149 = ADVANCED_FACE ( 'NONE', ( #11682 ), #10471, .F. ) ;
#11150 = CARTESIAN_POINT ( 'NONE',  ( 8.309999999996406900, 2.882517024154526400, 250.0000000000000000 ) ) ;
#11151 = EDGE_LOOP ( 'NONE', ( #6475, #764, #2436, #1012 ) ) ;
#11152 = AXIS2_PLACEMENT_3D ( 'NONE', #6610, #8541, #7582 ) ;
#11153 = DIRECTION ( 'NONE',  ( -0.0000000000000000000, -0.0000000000000000000, -1.000000000000000000 ) ) ;
#11154 = PLANE ( 'NONE',  #293 ) ;
#11155 = ORIENTED_EDGE ( 'NONE', *, *, #6949, .F. ) ;
#11156 = EDGE_LOOP ( 'NONE', ( #4287, #4864, #1494, #11033 ) ) ;
#11157 = ORIENTED_EDGE ( 'NONE', *, *, #6363, .T. ) ;
#11158 = EDGE_LOOP ( 'NONE', ( #10970, #11732, #918, #10245 ) ) ;
#11159 = DIRECTION ( 'NONE',  ( 1.000000000000000000, 0.0000000000000000000, 0.0000000000000000000 ) ) ;
#11160 = ORIENTED_EDGE ( 'NONE', *, *, #5281, .T. ) ;
#11161 = DIRECTION ( 'NONE',  ( -0.6636301409730114300, -0.7480608504608037300, 0.0000000000000000000 ) ) ;
#11162 = VERTEX_POINT ( 'NONE', #8689 ) ;
#11163 = EDGE_CURVE ( 'NONE', #9849, #10441, #7101, .T. ) ;
#11164 = DIRECTION ( 'NONE',  ( -0.0000000000000000000, -1.000000000000000000, -0.0000000000000000000 ) ) ;
#11165 = VECTOR ( 'NONE', #815, 1000.000000000000000 ) ;
#11166 = VECTOR ( 'NONE', #9679, 1000.000000000000000 ) ;
#11167 = ORIENTED_EDGE ( 'NONE', *, *, #9199, .T. ) ;
#11168 = DIRECTION ( 'NONE',  ( 1.000000000000000000, -0.0000000000000000000, -0.0000000000000000000 ) ) ;
#11169 = EDGE_CURVE ( 'NONE', #11568, #3408, #3680, .T. ) ;
#11170 = PLANE ( 'NONE',  #4809 ) ;
#11171 = DIRECTION ( 'NONE',  ( 0.7089894245298769000, -0.7052191119820803200, -0.0000000000000000000 ) ) ;
#11172 = ORIENTED_EDGE ( 'NONE', *, *, #6122, .T. ) ;
#11173 = ORIENTED_EDGE ( 'NONE', *, *, #4525, .F. ) ;
#11174 = ORIENTED_EDGE ( 'NONE', *, *, #6592, .T. ) ;
#11175 = ORIENTED_EDGE ( 'NONE', *, *, #1062, .T. ) ;
#11176 = EDGE_LOOP ( 'NONE', ( #10812, #6719, #7164, #7563 ) ) ;
#11177 = EDGE_CURVE ( 'NONE', #9743, #4011, #6521, .T. ) ;
#11178 = DIRECTION ( 'NONE',  ( -1.000000000000000000, 0.0000000000000000000, 0.0000000000000000000 ) ) ;
#11179 = EDGE_LOOP ( 'NONE', ( #11167, #369, #2077, #10192, #4983 ) ) ;
#11180 = AXIS2_PLACEMENT_3D ( 'NONE', #4449, #4341, #4491 ) ;
#11181 = CARTESIAN_POINT ( 'NONE',  ( 22.84915719303598500, -23.89285944546705000, 250.0000000000000000 ) ) ;
#11182 = CYLINDRICAL_SURFACE ( 'NONE', #561, 2.099999999999999600 ) ;
#11183 = VECTOR ( 'NONE', #3022, 1000.000000000000000 ) ;
#11184 = ORIENTED_EDGE ( 'NONE', *, *, #25, .F. ) ;
#11185 = ORIENTED_EDGE ( 'NONE', *, *, #9708, .F. ) ;
#11186 = ORIENTED_EDGE ( 'NONE', *, *, #4280, .T. ) ;
#11187 = CARTESIAN_POINT ( 'NONE',  ( 68.49595693162238800, 8.505591811452930500, 250.0000000000000000 ) ) ;
#11188 = CARTESIAN_POINT ( 'NONE',  ( 68.19999999999419100, -26.56036512018241400, 250.0000000000000000 ) ) ;
#11189 = CARTESIAN_POINT ( 'NONE',  ( 49.99999999998702500, -9.990365120182433500, 250.0000000000000000 ) ) ;
#11190 = ORIENTED_EDGE ( 'NONE', *, *, #347, .T. ) ;
#11191 = ADVANCED_FACE ( 'NONE', ( #7980 ), #2136, .F. ) ;
#11192 = PLANE ( 'NONE',  #4516 ) ;
#11193 = EDGE_CURVE ( 'NONE', #2969, #1516, #9823, .T. ) ;
#11194 = EDGE_CURVE ( 'NONE', #74, #9307, #7394, .T. ) ;
#11195 = VECTOR ( 'NONE', #11336, 1000.000000000000000 ) ;
#11196 = LINE ( 'NONE', #1572, #10309 ) ;
#11197 = DIRECTION ( 'NONE',  ( -1.057758217049745200E-015, -1.000000000000000000, 0.0000000000000000000 ) ) ;
#11198 = AXIS2_PLACEMENT_3D ( 'NONE', #3857, #1909, #3189 ) ;
#11199 = ORIENTED_EDGE ( 'NONE', *, *, #479, .F. ) ;
#11200 = DIRECTION ( 'NONE',  ( -0.0000000000000000000, -0.0000000000000000000, -1.000000000000000000 ) ) ;
#11201 = ORIENTED_EDGE ( 'NONE', *, *, #3924, .T. ) ;
#11202 = CARTESIAN_POINT ( 'NONE',  ( 64.33399082676281500, -29.75897947731955600, 250.0000000000000000 ) ) ;
#11203 = DIRECTION ( 'NONE',  ( -2.935685882421766200E-014, -1.000000000000000000, 0.0000000000000000000 ) ) ;
#11204 = LINE ( 'NONE', #6732, #11053 ) ;
#11205 = CIRCLE ( 'NONE', #3610, 1.500000000000001300 ) ;
#11206 = DIRECTION ( 'NONE',  ( -0.7071067811865599000, 0.7071067811865351400, 0.0000000000000000000 ) ) ;
#11207 = EDGE_CURVE ( 'NONE', #6026, #8030, #4682, .T. ) ;
#11208 = VERTEX_POINT ( 'NONE', #1529 ) ;
#11209 = VERTEX_POINT ( 'NONE', #3295 ) ;
#11210 = LINE ( 'NONE', #11538, #9630 ) ;
#11211 = CARTESIAN_POINT ( 'NONE',  ( 63.89999999997976200, -2.841651730025073900, 250.0000000000000000 ) ) ;
#11212 = DIRECTION ( 'NONE',  ( -0.7063805660550885900, -0.7078322512429711100, 0.0000000000000000000 ) ) ;
#11213 = CARTESIAN_POINT ( 'NONE',  ( 22.84824144739257800, -16.08952446469493200, 0.0000000000000000000 ) ) ;
#11214 = VECTOR ( 'NONE', #2923, 1000.000000000000000 ) ;
#11215 = CARTESIAN_POINT ( 'NONE',  ( 44.91137084989254200, -29.99036512018217600, 250.0000000000000000 ) ) ;
#11216 = ADVANCED_FACE ( 'NONE', ( #2255 ), #4131, .T. ) ;
#11217 = ORIENTED_EDGE ( 'NONE', *, *, #9833, .T. ) ;
#11218 = DIRECTION ( 'NONE',  ( -1.000000000000000000, 0.0000000000000000000, 0.0000000000000000000 ) ) ;
#11219 = EDGE_LOOP ( 'NONE', ( #7439, #3938, #1285, #5697 ) ) ;
#11220 = EDGE_CURVE ( 'NONE', #3085, #7667, #8851, .T. ) ;
#11221 = ORIENTED_EDGE ( 'NONE', *, *, #5889, .F. ) ;
#11222 = VERTEX_POINT ( 'NONE', #6948 ) ;
#11223 = VECTOR ( 'NONE', #10689, 1000.000000000000000 ) ;
#11224 = CARTESIAN_POINT ( 'NONE',  ( -2.875376469631258900, -28.30036512018218900, 250.0000000000000000 ) ) ;
#11225 = LINE ( 'NONE', #4714, #8806 ) ;
#11226 = CARTESIAN_POINT ( 'NONE',  ( 4.341302591949445700, 9.778249236954939900, 250.0000000000000000 ) ) ;
#11227 = CARTESIAN_POINT ( 'NONE',  ( -3.900000000000004800, -20.09619636599925100, 250.0000000000000000 ) ) ;
#11228 = DIRECTION ( 'NONE',  ( -1.000000000000000000, 1.327592674600507300E-015, 0.0000000000000000000 ) ) ;
#11229 = AXIS2_PLACEMENT_3D ( 'NONE', #1782, #6354, #4796 ) ;
#11230 = AXIS2_PLACEMENT_3D ( 'NONE', #1164, #11197, #2158 ) ;
#11231 = CARTESIAN_POINT ( 'NONE',  ( -9.768614357137366300, -24.33897947731968300, 0.0000000000000000000 ) ) ;
#11232 = CARTESIAN_POINT ( 'NONE',  ( 66.56999999999416700, -28.19036512018242000, 250.0000000000000000 ) ) ;
#11233 = LINE ( 'NONE', #1764, #9086 ) ;
#11234 = DIRECTION ( 'NONE',  ( 0.7071067811865474600, -0.7071067811865474600, -0.0000000000000000000 ) ) ;
#11235 = LINE ( 'NONE', #5629, #4374 ) ;
#11236 = EDGE_CURVE ( 'NONE', #6464, #10688, #2542, .T. ) ;
#11237 = DIRECTION ( 'NONE',  ( 0.0000000000000000000, 0.0000000000000000000, 1.000000000000000000 ) ) ;
#11238 = CARTESIAN_POINT ( 'NONE',  ( 45.49003367241985500, -11.78952446469386800, 250.0000000000000000 ) ) ;
#11239 = CARTESIAN_POINT ( 'NONE',  ( -3.900000000000004800, -20.09619636599925100, 0.0000000000000000000 ) ) ;
#11240 = EDGE_CURVE ( 'NONE', #5888, #11162, #1836, .T. ) ;
#11241 = ORIENTED_EDGE ( 'NONE', *, *, #6697, .F. ) ;
#11242 = CIRCLE ( 'NONE', #1947, 2.099999999999997900 ) ;
#11243 = EDGE_CURVE ( 'NONE', #821, #7781, #1153, .T. ) ;
#11244 = CARTESIAN_POINT ( 'NONE',  ( 63.89999999999420100, -19.90664038059719200, 250.0000000000000000 ) ) ;
#11245 = ADVANCED_FACE ( 'NONE', ( #1007 ), #2458, .T. ) ;
#11246 = FACE_OUTER_BOUND ( 'NONE', #9168, .T. ) ;
#11247 = AXIS2_PLACEMENT_3D ( 'NONE', #7577, #3944, #10395 ) ;
#11248 = APPROVAL_PERSON_ORGANIZATION ( #1817, #1989, #4634 ) ;
#11249 = DIRECTION ( 'NONE',  ( 1.000000000000000000, 0.0000000000000000000, 0.0000000000000000000 ) ) ;
#11250 = CARTESIAN_POINT ( 'NONE',  ( 42.83043820904266900, -16.08952446469493200, 0.0000000000000000000 ) ) ;
#11251 = DIRECTION ( 'NONE',  ( 0.0000000000000000000, 0.0000000000000000000, 1.000000000000000000 ) ) ;
#11252 = CARTESIAN_POINT ( 'NONE',  ( 67.65999999999419900, -26.56036512018241400, 250.0000000000000000 ) ) ;
#11253 = CARTESIAN_POINT ( 'NONE',  ( 42.10000000008163600, -19.99036512018248500, 250.0000000000000000 ) ) ;
#11254 = FACE_OUTER_BOUND ( 'NONE', #8436, .T. ) ;
#11255 = CARTESIAN_POINT ( 'NONE',  ( 5.503336920534022300, -26.55128087389479300, 250.0000000000000000 ) ) ;
#11256 = CIRCLE ( 'NONE', #3582, 0.8000000000000923000 ) ;
#11257 = EDGE_CURVE ( 'NONE', #5730, #9852, #3533, .T. ) ;
#11258 = EDGE_CURVE ( 'NONE', #3562, #488, #1969, .T. ) ;
#11259 = LINE ( 'NONE', #823, #6652 ) ;
#11260 = CARTESIAN_POINT ( 'NONE',  ( 2.835002123243146600, -3.901602146817069200, 0.0000000000000000000 ) ) ;
#11261 = CARTESIAN_POINT ( 'NONE',  ( 68.19999999999419100, -17.11498865055904900, 250.0000000000000000 ) ) ;
#11262 = ORIENTED_EDGE ( 'NONE', *, *, #3516, .F. ) ;
#11263 = DIRECTION ( 'NONE',  ( -0.7295601560337651200, 0.6839166460380887700, -0.0000000000000000000 ) ) ;
#11264 = ORIENTED_EDGE ( 'NONE', *, *, #7570, .F. ) ;
#11265 = EDGE_LOOP ( 'NONE', ( #2719, #1899 ) ) ;
#11266 = CARTESIAN_POINT ( 'NONE',  ( 44.33238217684301900, -10.22967028555615500, 0.0000000000000000000 ) ) ;
#11267 = LINE ( 'NONE', #2904, #136 ) ;
#11268 = DIRECTION ( 'NONE',  ( -0.0000000000000000000, -0.0000000000000000000, -1.000000000000000000 ) ) ;
#11269 = LINE ( 'NONE', #414, #3119 ) ;
#11270 = ADVANCED_FACE ( 'NONE', ( #10677 ), #11448, .F. ) ;
#11271 = EDGE_CURVE ( 'NONE', #8720, #751, #8250, .T. ) ;
#11272 = EDGE_CURVE ( 'NONE', #170, #11117, #10385, .T. ) ;
#11273 = ORIENTED_EDGE ( 'NONE', *, *, #5200, .T. ) ;
#11274 = ORIENTED_EDGE ( 'NONE', *, *, #3429, .F. ) ;
#11275 = EDGE_LOOP ( 'NONE', ( #7293, #2739, #1073, #4937 ) ) ;
#11276 = FACE_BOUND ( 'NONE', #1348, .T. ) ;
#11277 = DIRECTION ( 'NONE',  ( -0.0000000000000000000, -0.0000000000000000000, -1.000000000000000000 ) ) ;
#11278 = ORIENTED_EDGE ( 'NONE', *, *, #6210, .F. ) ;
#11279 = CARTESIAN_POINT ( 'NONE',  ( 1.734723475976807100E-015, -16.08952252493459100, 250.0000000000000000 ) ) ;
#11280 = FACE_OUTER_BOUND ( 'NONE', #1628, .T. ) ;
#11281 = AXIS2_PLACEMENT_3D ( 'NONE', #2815, #9171, #8377 ) ;
#11282 = VECTOR ( 'NONE', #2628, 1000.000000000000000 ) ;
#11283 = CARTESIAN_POINT ( 'NONE',  ( 0.08871339017088544800, -23.89285944546705000, 250.0000000000000000 ) ) ;
#11284 = EDGE_CURVE ( 'NONE', #3566, #7711, #6114, .T. ) ;
#11285 = CARTESIAN_POINT ( 'NONE',  ( 16.10963486571920800, -17.15999998590069400, 250.0000000000000000 ) ) ;
#11286 = ORIENTED_EDGE ( 'NONE', *, *, #5684, .F. ) ;
#11287 = EDGE_LOOP ( 'NONE', ( #3191, #10593, #8254, #3722 ) ) ;
#11288 = ORIENTED_EDGE ( 'NONE', *, *, #5976, .T. ) ;
#11289 = DIRECTION ( 'NONE',  ( -0.01665110428260868600, 0.9998613607526644100, 0.0000000000000000000 ) ) ;
#11290 = DIRECTION ( 'NONE',  ( -1.000000000000000000, 0.0000000000000000000, 0.0000000000000000000 ) ) ;
#11291 = CARTESIAN_POINT ( 'NONE',  ( 69.20999999999418200, -24.89759383445705900, 250.0000000000000000 ) ) ;
#11292 = CARTESIAN_POINT ( 'NONE',  ( -5.488713390157446500, -26.55168528746671400, 250.0000000000000000 ) ) ;
#11293 = CARTESIAN_POINT ( 'NONE',  ( 1.734723475976807100E-015, 3.807140554534739000, 250.0000000000000000 ) ) ;
#11294 = CARTESIAN_POINT ( 'NONE',  ( 17.12330324810052700, -11.68535571050550600, 250.0000000000000000 ) ) ;
#11295 = FACE_OUTER_BOUND ( 'NONE', #10960, .T. ) ;
#11296 = LINE ( 'NONE', #7793, #613 ) ;
#11297 = EDGE_LOOP ( 'NONE', ( #41, #5555, #1481, #6851 ) ) ;
#11298 = ORIENTED_EDGE ( 'NONE', *, *, #11039, .T. ) ;
#11299 = EDGE_LOOP ( 'NONE', ( #506, #4908, #2843, #5234 ) ) ;
#11300 = ORIENTED_EDGE ( 'NONE', *, *, #8204, .F. ) ;
#11301 = CARTESIAN_POINT ( 'NONE',  ( 37.11132034355090800, -11.68036512018329300, 0.0000000000000000000 ) ) ;
#11302 = CARTESIAN_POINT ( 'NONE',  ( 42.87669675189366100, -11.68535571050550600, 250.0000000000000000 ) ) ;
#11303 = LINE ( 'NONE', #4646, #8886 ) ;
#11305 = ADVANCED_FACE ( 'NONE', ( #5835 ), #8818, .F. ) ;
#11304 = VECTOR ( 'NONE', #403, 1000.000000000000000 ) ;
#11306 = CARTESIAN_POINT ( 'NONE',  ( -8.495956931628196400, 10.00963487981756800, 0.0000000000000000000 ) ) ;
#11307 = ORIENTED_EDGE ( 'NONE', *, *, #1255, .T. ) ;
#11308 = DIRECTION ( 'NONE',  ( -2.124148279354379300E-014, -1.000000000000000000, 0.0000000000000000000 ) ) ;
#11309 = EDGE_LOOP ( 'NONE', ( #8779, #7104, #1688, #5222 ) ) ;
#11310 = EDGE_LOOP ( 'NONE', ( #8867, #6734, #10008, #7142 ) ) ;
#11311 = ORIENTED_EDGE ( 'NONE', *, *, #9083, .T. ) ;
#11312 = ORIENTED_EDGE ( 'NONE', *, *, #10391, .F. ) ;
#11313 = CARTESIAN_POINT ( 'NONE',  ( 3.899999999999906200, 0.09834826997499368500, 250.0000000000000000 ) ) ;
#11314 = VERTEX_POINT ( 'NONE', #545 ) ;
#11315 = EDGE_CURVE ( 'NONE', #5184, #316, #8395, .T. ) ;
#11316 = DIRECTION ( 'NONE',  ( -0.7071067811865695600, 0.7071067811865255900, 0.0000000000000000000 ) ) ;
#11317 = LINE ( 'NONE', #2217, #5177 ) ;
#11318 = LINE ( 'NONE', #10313, #3731 ) ;
#11319 = CARTESIAN_POINT ( 'NONE',  ( 54.49666307946017000, -26.55128087389479300, 0.0000000000000000000 ) ) ;
#11320 = AXIS2_PLACEMENT_3D ( 'NONE', #4775, #1107, #2888 ) ;
#11321 = CARTESIAN_POINT ( 'NONE',  ( 7.309634879832146700, -26.24310889209111900, 0.0000000000000000000 ) ) ;
#11322 = DIRECTION ( 'NONE',  ( 0.0000000000000000000, 0.0000000000000000000, 1.000000000000000000 ) ) ;
#11323 = CARTESIAN_POINT ( 'NONE',  ( 45.49003367241985500, -11.78952446469386800, 250.0000000000000000 ) ) ;
#11324 = ORIENTED_EDGE ( 'NONE', *, *, #7705, .F. ) ;
#11325 = ORIENTED_EDGE ( 'NONE', *, *, #10769, .T. ) ;
#11326 = ORIENTED_EDGE ( 'NONE', *, *, #10570, .T. ) ;
#11328 = EDGE_LOOP ( 'NONE', ( #4308, #3634, #7454, #2600 ) ) ;
#11327 = CARTESIAN_POINT ( 'NONE',  ( 20.10992663788858100, -16.08952446469493200, 250.0000000000000000 ) ) ;
#11329 = DIRECTION ( 'NONE',  ( 0.7071067811865471300, 0.7071067811865479100, 0.0000000000000000000 ) ) ;
#11330 = EDGE_LOOP ( 'NONE', ( #11603, #204, #1655, #11026 ) ) ;
#11331 = CARTESIAN_POINT ( 'NONE',  ( 39.98907295128110200, -23.79294411064816100, 250.0000000000000000 ) ) ;
#11332 = ORIENTED_EDGE ( 'NONE', *, *, #4537, .F. ) ;
#11333 = DIRECTION ( 'NONE',  ( -0.0000000000000000000, -0.0000000000000000000, -1.000000000000000000 ) ) ;
#11334 = LINE ( 'NONE', #2529, #1622 ) ;
#11335 = VECTOR ( 'NONE', #1303, 1000.000000000000000 ) ;
#11336 = DIRECTION ( 'NONE',  ( -0.0000000000000000000, -0.0000000000000000000, -1.000000000000000000 ) ) ;
#11337 = CARTESIAN_POINT ( 'NONE',  ( -8.309999999996403400, -2.882859445469490500, 250.0000000000000000 ) ) ;
#11338 = EDGE_CURVE ( 'NONE', #10268, #3165, #1427, .T. ) ;
#11339 = CARTESIAN_POINT ( 'NONE',  ( 68.19999999999419100, -22.88036512018231500, 250.0000000000000000 ) ) ;
#11340 = DIRECTION ( 'NONE',  ( -0.7078322512429712200, -0.7063805660550883700, 0.0000000000000000000 ) ) ;
#11341 = CARTESIAN_POINT ( 'NONE',  ( 64.89991694908100300, 10.00963487981757000, 0.0000000000000000000 ) ) ;
#11342 = EDGE_LOOP ( 'NONE', ( #9485, #7942, #8124, #3458 ) ) ;
#11343 = EDGE_LOOP ( 'NONE', ( #6282, #9315, #5361, #3469 ) ) ;
#11344 = ORIENTED_EDGE ( 'NONE', *, *, #8819, .F. ) ;
#11345 = EDGE_LOOP ( 'NONE', ( #1759, #11349, #10683, #10136 ) ) ;
#11346 = ADVANCED_FACE ( 'NONE', ( #6960 ), #11641, .T. ) ;
#11347 = AXIS2_PLACEMENT_3D ( 'NONE', #8096, #2632, #10930 ) ;
#11348 = CARTESIAN_POINT ( 'NONE',  ( 51.79999999999418500, 6.577983149782563800, 0.0000000000000000000 ) ) ;
#11349 = ORIENTED_EDGE ( 'NONE', *, *, #6695, .F. ) ;
#11350 = DIRECTION ( 'NONE',  ( -1.000000000000000000, 0.0000000000000000000, 0.0000000000000000000 ) ) ;
#11351 = LINE ( 'NONE', #4150, #4343 ) ;
#11352 = FACE_OUTER_BOUND ( 'NONE', #7587, .T. ) ;
#11353 = DIRECTION ( 'NONE',  ( 1.000000000000000000, -2.941907609485902000E-014, 0.0000000000000000000 ) ) ;
#11354 = CARTESIAN_POINT ( 'NONE',  ( 5.503336920534022300, -28.19036512018228900, 250.0000000000000000 ) ) ;
#11355 = EDGE_LOOP ( 'NONE', ( #709, #6159, #11036, #11050, #2794, #9766, #10244, #10180, #4866, #10740, #7289 ) ) ;
#11356 = EDGE_CURVE ( 'NONE', #647, #2157, #2116, .T. ) ;
#11357 = EDGE_CURVE ( 'NONE', #1357, #8722, #9120, .T. ) ;
#11358 = VERTEX_POINT ( 'NONE', #4295 ) ;
#11359 = CIRCLE ( 'NONE', #4321, 0.7899999999999990400 ) ;
#11360 = DIRECTION ( 'NONE',  ( 1.000000000000000000, 2.761305597428296800E-014, 0.0000000000000000000 ) ) ;
#11361 = LINE ( 'NONE', #7752, #5926 ) ;
#11362 = FACE_OUTER_BOUND ( 'NONE', #8441, .T. ) ;
#11363 = CARTESIAN_POINT ( 'NONE',  ( 68.30999999998699900, 2.882517024158107500, 250.0000000000000000 ) ) ;
#11364 = DIRECTION ( 'NONE',  ( -0.0000000000000000000, -0.0000000000000000000, -1.000000000000000000 ) ) ;
#11365 = EDGE_LOOP ( 'NONE', ( #5187, #11742, #7066, #5299 ) ) ;
#11366 = CARTESIAN_POINT ( 'NONE',  ( 10.00000000000000000, 4.899745738432866200, 0.0000000000000000000 ) ) ;
#11367 = ORIENTED_EDGE ( 'NONE', *, *, #6140, .T. ) ;
#11368 = DIRECTION ( 'NONE',  ( -1.407933284406894900E-012, -1.000000000000000000, 0.0000000000000000000 ) ) ;
#11369 = ORIENTED_EDGE ( 'NONE', *, *, #2002, .T. ) ;
#11370 = CARTESIAN_POINT ( 'NONE',  ( 45.50333692052829800, -28.19036512018228900, 250.0000000000000000 ) ) ;
#11371 = LINE ( 'NONE', #6931, #11063 ) ;
#11372 = LINE ( 'NONE', #8487, #6768 ) ;
#11373 = DIRECTION ( 'NONE',  ( 0.0000000000000000000, -1.000000000000000000, 0.0000000000000000000 ) ) ;
#11374 = DIRECTION ( 'NONE',  ( -1.000000000000000000, 0.0000000000000000000, 0.0000000000000000000 ) ) ;
#11375 = ADVANCED_FACE ( 'NONE', ( #1696 ), #2616, .F. ) ;
#11376 = CARTESIAN_POINT ( 'NONE',  ( 37.15175855260161300, -16.08952446469493200, 250.0000000000000000 ) ) ;
#11377 = DIRECTION ( 'NONE',  ( -1.000000000000000000, 0.0000000000000000000, 0.0000000000000000000 ) ) ;
#11378 = ORIENTED_EDGE ( 'NONE', *, *, #1711, .F. ) ;
#11379 = ORIENTED_EDGE ( 'NONE', *, *, #8725, .F. ) ;
#11380 = CARTESIAN_POINT ( 'NONE',  ( 2.099999999999999600, -19.99036512018243200, 250.0000000000000000 ) ) ;
#11381 = LINE ( 'NONE', #11531, #10062 ) ;
#11382 = DIRECTION ( 'NONE',  ( -0.7071067811865217000, -0.7071067811865734400, 0.0000000000000000000 ) ) ;
#11383 = CARTESIAN_POINT ( 'NONE',  ( -8.200000000000002800, -2.882859445469489600, 250.0000000000000000 ) ) ;
#11384 = EDGE_CURVE ( 'NONE', #7257, #2785, #6384, .T. ) ;
#11385 = CARTESIAN_POINT ( 'NONE',  ( 42.87669675189366100, -11.68535571050550600, 250.0000000000000000 ) ) ;
#11386 = LINE ( 'NONE', #5388, #4527 ) ;
#11387 = DIRECTION ( 'NONE',  ( -0.7071067811865474600, 0.7071067811865474600, -0.0000000000000000000 ) ) ;
#11388 = LINE ( 'NONE', #5983, #11085 ) ;
#11389 = PLANE ( 'NONE',  #9382 ) ;
#11390 = DIRECTION ( 'NONE',  ( -0.7071067811865474600, 0.7071067811865474600, -0.0000000000000000000 ) ) ;
#11391 = VECTOR ( 'NONE', #6796, 1000.000000000000000 ) ;
#11392 = EDGE_CURVE ( 'NONE', #11763, #9121, #5404, .T. ) ;
#11393 = ADVANCED_FACE ( 'NONE', ( #3395 ), #1561, .T. ) ;
#11394 = PLANE ( 'NONE',  #743 ) ;
#11395 = FACE_OUTER_BOUND ( 'NONE', #1526, .T. ) ;
#11396 = CARTESIAN_POINT ( 'NONE',  ( 51.79999999999418500, 2.882517024154526400, 250.0000000000000000 ) ) ;
#11397 = LINE ( 'NONE', #7097, #3660 ) ;
#11398 = DIRECTION ( 'NONE',  ( -0.0000000000000000000, -0.0000000000000000000, -1.000000000000000000 ) ) ;
#11399 = EDGE_CURVE ( 'NONE', #10052, #9899, #3671, .T. ) ;
#11400 = DIRECTION ( 'NONE',  ( -1.000000000000000000, 0.0000000000000000000, 0.0000000000000000000 ) ) ;
#11401 = EDGE_CURVE ( 'NONE', #8618, #9451, #11259, .T. ) ;
#11402 = DIRECTION ( 'NONE',  ( -0.7071067811865459100, -0.7071067811865491300, 0.0000000000000000000 ) ) ;
#11403 = ORIENTED_EDGE ( 'NONE', *, *, #502, .T. ) ;
#11404 = LINE ( 'NONE', #6417, #275 ) ;
#11405 = DIRECTION ( 'NONE',  ( -1.000000000000000000, 0.0000000000000000000, 0.0000000000000000000 ) ) ;
#11406 = FACE_OUTER_BOUND ( 'NONE', #4175, .T. ) ;
#11407 = DIRECTION ( 'NONE',  ( 1.000000000000000000, 0.0000000000000000000, 0.0000000000000000000 ) ) ;
#11408 = CARTESIAN_POINT ( 'NONE',  ( 63.89999999999420100, -22.83451117550332300, 0.0000000000000000000 ) ) ;
#11409 = VECTOR ( 'NONE', #3261, 1000.000000000000000 ) ;
#11410 = DIRECTION ( 'NONE',  ( -0.7071067811865474600, 0.7071067811865474600, 0.0000000000000000000 ) ) ;
#11411 = DIRECTION ( 'NONE',  ( 0.7071067811865734400, -0.7071067811865217000, 0.0000000000000000000 ) ) ;
#11412 = ORIENTED_EDGE ( 'NONE', *, *, #6019, .T. ) ;
#11413 = ORIENTED_EDGE ( 'NONE', *, *, #11567, .F. ) ;
#11414 = ORIENTED_EDGE ( 'NONE', *, *, #5139, .F. ) ;
#11415 = DIRECTION ( 'NONE',  ( -0.6636301409730314100, 0.7480608504607859600, 0.0000000000000000000 ) ) ;
#11416 = FACE_OUTER_BOUND ( 'NONE', #6862, .T. ) ;
#11417 = EDGE_CURVE ( 'NONE', #2861, #7349, #4259, .T. ) ;
#11418 = EDGE_CURVE ( 'NONE', #9972, #4956, #10954, .T. ) ;
#11419 = VECTOR ( 'NONE', #6696, 1000.000000000000000 ) ;
#11420 = PLANE ( 'NONE',  #8282 ) ;
#11421 = CIRCLE ( 'NONE', #5729, 0.7999999999999917200 ) ;
#11422 = CARTESIAN_POINT ( 'NONE',  ( 63.89999999997976200, 2.836663079479063000, 250.0000000000000000 ) ) ;
#11423 = CARTESIAN_POINT ( 'NONE',  ( 66.55999999997980900, -5.496196365999260500, 250.0000000000000000 ) ) ;
#11424 = ADVANCED_FACE ( 'NONE', ( #3110 ), #5255, .F. ) ;
#11425 = VERTEX_POINT ( 'NONE', #858 ) ;
#11426 = ORIENTED_EDGE ( 'NONE', *, *, #9497, .F. ) ;
#11427 = ORIENTED_EDGE ( 'NONE', *, *, #6480, .T. ) ;
#11428 = FACE_OUTER_BOUND ( 'NONE', #9682, .T. ) ;
#11429 = CARTESIAN_POINT ( 'NONE',  ( 45.50333692052829800, -28.19036512018228900, 250.0000000000000000 ) ) ;
#11430 = VECTOR ( 'NONE', #7659, 1000.000000000000100 ) ;
#11431 = CIRCLE ( 'NONE', #11247, 0.7899999999999990400 ) ;
#11432 = DIRECTION ( 'NONE',  ( -0.0000000000000000000, -0.0000000000000000000, -1.000000000000000000 ) ) ;
#11433 = EDGE_CURVE ( 'NONE', #4490, #4429, #8840, .T. ) ;
#11434 = EDGE_CURVE ( 'NONE', #8486, #8031, #5534, .T. ) ;
#11435 = DIRECTION ( 'NONE',  ( -1.000000000000000000, 0.0000000000000000000, 0.0000000000000000000 ) ) ;
#11436 = DIRECTION ( 'NONE',  ( -1.000000000000000000, 0.0000000000000000000, 0.0000000000000000000 ) ) ;
#11437 = PLANE ( 'NONE',  #8472 ) ;
#11438 = ORIENTED_EDGE ( 'NONE', *, *, #4683, .F. ) ;
#11439 = VERTEX_POINT ( 'NONE', #1745 ) ;
#11440 = ORIENTED_EDGE ( 'NONE', *, *, #10229, .F. ) ;
#11441 = CARTESIAN_POINT ( 'NONE',  ( 68.19999999999419100, -26.56036512018241400, 250.0000000000000000 ) ) ;
#11442 = VERTEX_POINT ( 'NONE', #1632 ) ;
#11443 = DIRECTION ( 'NONE',  ( 1.000000000000000000, -0.0000000000000000000, -0.0000000000000000000 ) ) ;
#11444 = VECTOR ( 'NONE', #10213, 1000.000000000000100 ) ;
#11445 = FACE_OUTER_BOUND ( 'NONE', #10455, .T. ) ;
#11446 = ORIENTED_EDGE ( 'NONE', *, *, #5374, .F. ) ;
#11447 = CARTESIAN_POINT ( 'NONE',  ( 10.00000000000000200, -4.904230295371559300, 250.0000000000000000 ) ) ;
#11448 = PLANE ( 'NONE',  #4593 ) ;
#11449 = CARTESIAN_POINT ( 'NONE',  ( 66.55999999997978000, 5.495853944692208300, 0.0000000000000000000 ) ) ;
#11450 = EDGE_CURVE ( 'NONE', #9513, #9084, #5257, .T. ) ;
#11451 = ORIENTED_EDGE ( 'NONE', *, *, #8321, .T. ) ;
#11452 = ORIENTED_EDGE ( 'NONE', *, *, #9038, .T. ) ;
#11453 = VERTEX_POINT ( 'NONE', #8156 ) ;
#11454 = ORIENTED_EDGE ( 'NONE', *, *, #320, .F. ) ;
#11455 = ORIENTED_EDGE ( 'NONE', *, *, #3453, .T. ) ;
#11456 = ADVANCED_FACE ( 'NONE', ( #10372 ), #7071, .F. ) ;
#11457 = DIRECTION ( 'NONE',  ( 1.000000000000000000, -0.0000000000000000000, -0.0000000000000000000 ) ) ;
#11458 = FACE_OUTER_BOUND ( 'NONE', #10671, .T. ) ;
#11459 = VECTOR ( 'NONE', #1638, 1000.000000000000000 ) ;
#11460 = DIRECTION ( 'NONE',  ( -0.0000000000000000000, -0.0000000000000000000, -1.000000000000000000 ) ) ;
#11461 = EDGE_LOOP ( 'NONE', ( #6460, #10122, #1000, #1600 ) ) ;
#11462 = ORIENTED_EDGE ( 'NONE', *, *, #7348, .F. ) ;
#11463 = ORIENTED_EDGE ( 'NONE', *, *, #7738, .F. ) ;
#11464 = ORIENTED_EDGE ( 'NONE', *, *, #4607, .F. ) ;
#11465 = EDGE_LOOP ( 'NONE', ( #5862, #6274, #1653, #1940 ) ) ;
#11466 = CARTESIAN_POINT ( 'NONE',  ( 56.09999999999428200, 0.09834826997499368500, 0.0000000000000000000 ) ) ;
#11467 = DIRECTION ( 'NONE',  ( -0.0000000000000000000, 1.000000000000000000, -0.0000000000000000000 ) ) ;
#11468 = EDGE_CURVE ( 'NONE', #4738, #1296, #9520, .T. ) ;
#11469 = DIRECTION ( 'NONE',  ( 1.000000000000000000, 0.0000000000000000000, 0.0000000000000000000 ) ) ;
#11470 = LINE ( 'NONE', #5223, #6032 ) ;
#11471 = FACE_OUTER_BOUND ( 'NONE', #9355, .T. ) ;
#11472 = EDGE_CURVE ( 'NONE', #6004, #5548, #2965, .T. ) ;
#11473 = ORIENTED_EDGE ( 'NONE', *, *, #3831, .T. ) ;
#11474 = ORIENTED_EDGE ( 'NONE', *, *, #6393, .T. ) ;
#11475 = VERTEX_POINT ( 'NONE', #486 ) ;
#11476 = EDGE_CURVE ( 'NONE', #11358, #5875, #4829, .T. ) ;
#11477 = DIRECTION ( 'NONE',  ( -0.0000000000000000000, -0.0000000000000000000, -1.000000000000000000 ) ) ;
#11478 = EDGE_LOOP ( 'NONE', ( #3340, #1297, #10469, #3568 ) ) ;
#11479 = CARTESIAN_POINT ( 'NONE',  ( -3.900000000000003900, -22.83451117550332300, 250.0000000000000000 ) ) ;
#11480 = DIRECTION ( 'NONE',  ( -1.000000000000000000, -0.0000000000000000000, -0.0000000000000000000 ) ) ;
#11481 = VECTOR ( 'NONE', #2201, 1000.000000000000000 ) ;
#11482 = VECTOR ( 'NONE', #3315, 1000.000000000000000 ) ;
#11483 = CARTESIAN_POINT ( 'NONE',  ( 68.30999999999059500, -2.882859445469490500, 250.0000000000000000 ) ) ;
#11484 = ADVANCED_FACE ( 'NONE', ( #10670 ), #10081, .T. ) ;
#11485 = VERTEX_POINT ( 'NONE', #1313 ) ;
#11486 = PLANE ( 'NONE',  #9071 ) ;
#11487 = ORIENTED_EDGE ( 'NONE', *, *, #2523, .T. ) ;
#11488 = FACE_OUTER_BOUND ( 'NONE', #11461, .T. ) ;
#11489 = DIRECTION ( 'NONE',  ( -0.0000000000000000000, -0.0000000000000000000, -1.000000000000000000 ) ) ;
#11490 = EDGE_CURVE ( 'NONE', #7910, #7847, #7674, .T. ) ;
#11491 = EDGE_CURVE ( 'NONE', #11639, #6041, #9107, .T. ) ;
#11492 = PLANE ( 'NONE',  #6147 ) ;
#11493 = FACE_OUTER_BOUND ( 'NONE', #5158, .T. ) ;
#11494 = VECTOR ( 'NONE', #7158, 1000.000000000000100 ) ;
#11495 = DIRECTION ( 'NONE',  ( -0.7063805660550885900, -0.7078322512429712200, 0.0000000000000000000 ) ) ;
#11497 = ORIENTED_EDGE ( 'NONE', *, *, #9784, .T. ) ;
#11496 = DIRECTION ( 'NONE',  ( -1.924345566447206200E-015, 1.000000000000000000, 0.0000000000000000000 ) ) ;
#11498 = ORIENTED_EDGE ( 'NONE', *, *, #6122, .F. ) ;
#11499 = FACE_OUTER_BOUND ( 'NONE', #6991, .T. ) ;
#11500 = DIRECTION ( 'NONE',  ( -1.000000000000000000, 0.0000000000000000000, 0.0000000000000000000 ) ) ;
#11501 = VECTOR ( 'NONE', #378, 1000.000000000000000 ) ;
#11502 = CARTESIAN_POINT ( 'NONE',  ( -8.200000000000002800, -7.297745508358056900, 0.0000000000000000000 ) ) ;
#11503 = CARTESIAN_POINT ( 'NONE',  ( 34.51128660983683000, -28.19036512018228900, 250.0000000000000000 ) ) ;
#11504 = VERTEX_POINT ( 'NONE', #7762 ) ;
#11505 = EDGE_CURVE ( 'NONE', #8978, #4274, #2394, .T. ) ;
#11506 = EDGE_CURVE ( 'NONE', #4956, #2892, #9813, .T. ) ;
#11507 = CARTESIAN_POINT ( 'NONE',  ( 57.10999999999427200, -28.19036512018228900, 0.0000000000000000000 ) ) ;
#11508 = VERTEX_POINT ( 'NONE', #10408 ) ;
#11509 = ORIENTED_EDGE ( 'NONE', *, *, #4655, .T. ) ;
#11510 = CARTESIAN_POINT ( 'NONE',  ( 39.89007336210561000, -16.08952446469493200, 0.0000000000000000000 ) ) ;
#11511 = VERTEX_POINT ( 'NONE', #8771 ) ;
#11512 = ORIENTED_EDGE ( 'NONE', *, *, #10860, .F. ) ;
#11513 = VECTOR ( 'NONE', #3768, 1000.000000000000100 ) ;
#11514 = AXIS2_PLACEMENT_3D ( 'NONE', #4982, #11382, #11411 ) ;
#11515 = CYLINDRICAL_SURFACE ( 'NONE', #11801, 0.7900000000000033700 ) ;
#11516 = ADVANCED_FACE ( 'NONE', ( #716 ), #2532, .T. ) ;
#11517 = DIRECTION ( 'NONE',  ( -0.0000000000000000000, -0.0000000000000000000, -1.000000000000000000 ) ) ;
#11518 = ORIENTED_EDGE ( 'NONE', *, *, #8906, .T. ) ;
#11519 = DIRECTION ( 'NONE',  ( -0.7071067811865464600, 0.7071067811865486800, 0.0000000000000000000 ) ) ;
#11520 = VECTOR ( 'NONE', #2335, 1000.000000000000100 ) ;
#11521 = CARTESIAN_POINT ( 'NONE',  ( -8.200000000000002800, 6.577983149782563800, 0.0000000000000000000 ) ) ;
#11522 = FACE_BOUND ( 'NONE', #7307, .T. ) ;
#11523 = DIRECTION ( 'NONE',  ( 0.7071067811865471300, 0.7071067811865479100, 0.0000000000000000000 ) ) ;
#11524 = DIRECTION ( 'NONE',  ( 0.7071067811865567900, 0.7071067811865382500, 0.0000000000000000000 ) ) ;
#11525 = DIRECTION ( 'NONE',  ( 0.0000000000000000000, 0.0000000000000000000, 1.000000000000000000 ) ) ;
#11526 = VERTEX_POINT ( 'NONE', #4168 ) ;
#11527 = DIRECTION ( 'NONE',  ( 0.0000000000000000000, -0.0000000000000000000, 1.000000000000000000 ) ) ;
#11528 = LINE ( 'NONE', #1325, #6641 ) ;
#11529 = VECTOR ( 'NONE', #9128, 1000.000000000000000 ) ;
#11530 = DIRECTION ( 'NONE',  ( -0.0000000000000000000, -0.0000000000000000000, -1.000000000000000000 ) ) ;
#11531 = CARTESIAN_POINT ( 'NONE',  ( -8.200000000000001100, -22.88036512018231500, 250.0000000000000000 ) ) ;
#11532 = CALENDAR_DATE ( 2015, 31, 3 ) ;
#11533 = DIRECTION ( 'NONE',  ( 0.0000000000000000000, 0.0000000000000000000, 1.000000000000000000 ) ) ;
#11534 = ADVANCED_FACE ( 'NONE', ( #126 ), #10242, .T. ) ;
#11535 = FACE_OUTER_BOUND ( 'NONE', #8901, .T. ) ;
#11536 = DIRECTION ( 'NONE',  ( 0.7089894245298769000, -0.7052191119820803200, -0.0000000000000000000 ) ) ;
#11537 = VECTOR ( 'NONE', #4777, 1000.000000000000000 ) ;
#11538 = CARTESIAN_POINT ( 'NONE',  ( 51.68999999999778100, -2.882859445469489600, 250.0000000000000000 ) ) ;
#11539 = LINE ( 'NONE', #7062, #8828 ) ;
#11540 = EDGE_CURVE ( 'NONE', #9471, #8293, #2805, .T. ) ;
#11541 = CARTESIAN_POINT ( 'NONE',  ( 8.200000000000006400, 6.577983149782563800, 250.0000000000000000 ) ) ;
#11542 = VERTEX_POINT ( 'NONE', #4085 ) ;
#11543 = ORIENTED_EDGE ( 'NONE', *, *, #8349, .F. ) ;
#11544 = LINE ( 'NONE', #6775, #5982 ) ;
#11545 = PLANE ( 'NONE',  #3376 ) ;
#11546 = DIRECTION ( 'NONE',  ( -0.0000000000000000000, -0.0000000000000000000, -1.000000000000000000 ) ) ;
#11547 = CIRCLE ( 'NONE', #2369, 0.7999999999964146900 ) ;
#11548 = DIRECTION ( 'NONE',  ( 0.7508172436694708900, 0.6605100049269340100, -0.0000000000000000000 ) ) ;
#11549 = EDGE_CURVE ( 'NONE', #11755, #6449, #2246, .T. ) ;
#11550 = AXIS2_PLACEMENT_3D ( 'NONE', #8599, #3129, #4965 ) ;
#11551 = VECTOR ( 'NONE', #8932, 1000.000000000000000 ) ;
#11552 = CARTESIAN_POINT ( 'NONE',  ( -2.875376469631258900, -28.19036512018228900, 250.0000000000000000 ) ) ;
#11553 = CARTESIAN_POINT ( 'NONE',  ( 32.68073025445671200, -28.19036512018301400, 250.0000000000000000 ) ) ;
#11554 = CARTESIAN_POINT ( 'NONE',  ( 40.00000000008163400, -19.99036512018248500, 0.0000000000000000000 ) ) ;
#11555 = AXIS2_PLACEMENT_3D ( 'NONE', #3367, #9788, #8922 ) ;
#11556 = ORIENTED_EDGE ( 'NONE', *, *, #10119, .T. ) ;
#11557 = ORIENTED_EDGE ( 'NONE', *, *, #3508, .T. ) ;
#11558 = VERTEX_POINT ( 'NONE', #4964 ) ;
#11559 = FACE_BOUND ( 'NONE', #586, .T. ) ;
#11560 = EDGE_LOOP ( 'NONE', ( #10737, #9028, #4518, #8014 ) ) ;
#11561 = CIRCLE ( 'NONE', #7252, 0.7999999999974156700 ) ;
#11562 = LINE ( 'NONE', #6837, #11709 ) ;
#11563 = ADVANCED_FACE ( 'NONE', ( #7971 ), #7708, .F. ) ;
#11564 = CARTESIAN_POINT ( 'NONE',  ( 44.33238217684301900, -10.22967028555615500, 250.0000000000000000 ) ) ;
#11565 = EDGE_CURVE ( 'NONE', #11741, #798, #422, .T. ) ;
#11566 = DIRECTION ( 'NONE',  ( -0.7071067811865476800, -0.7071067811865474600, 0.0000000000000000000 ) ) ;
#11567 = EDGE_CURVE ( 'NONE', #2033, #1089, #4540, .T. ) ;
#11568 = VERTEX_POINT ( 'NONE', #11319 ) ;
#11569 = EDGE_LOOP ( 'NONE', ( #5227, #4602, #10579, #1630 ) ) ;
#11570 = EDGE_LOOP ( 'NONE', ( #2161, #5208, #4781, #802 ) ) ;
#11571 = CARTESIAN_POINT ( 'NONE',  ( 56.09999999999428200, -2.841651730025073900, 0.0000000000000000000 ) ) ;
#11572 = CARTESIAN_POINT ( 'NONE',  ( 37.11132034355090800, -11.79036512018251400, 250.0000000000000000 ) ) ;
#11573 = CARTESIAN_POINT ( 'NONE',  ( 68.19999999999419100, 2.882517024154526400, 0.0000000000000000000 ) ) ;
#11574 = DIRECTION ( 'NONE',  ( -0.0000000000000000000, -0.0000000000000000000, -1.000000000000000000 ) ) ;
#11575 = FACE_OUTER_BOUND ( 'NONE', #6302, .T. ) ;
#11576 = VECTOR ( 'NONE', #10728, 1000.000000000000000 ) ;
#11577 = CARTESIAN_POINT ( 'NONE',  ( -9.999999999999994700, -28.49036512018231400, 250.0000000000000000 ) ) ;
#11578 = DIRECTION ( 'NONE',  ( -1.000000000000000000, 3.179095945533918700E-016, -0.0000000000000000000 ) ) ;
#11579 = DIRECTION ( 'NONE',  ( -0.0000000000000000000, -0.0000000000000000000, -1.000000000000000000 ) ) ;
#11580 = ORIENTED_EDGE ( 'NONE', *, *, #3896, .F. ) ;
#11581 = ORIENTED_EDGE ( 'NONE', *, *, #3746, .T. ) ;
#11582 = ORIENTED_EDGE ( 'NONE', *, *, #8349, .T. ) ;
#11583 = ORIENTED_EDGE ( 'NONE', *, *, #7206, .T. ) ;
#11584 = PLANE ( 'NONE',  #2554 ) ;
#11585 = LINE ( 'NONE', #10260, #11304 ) ;
#11586 = CARTESIAN_POINT ( 'NONE',  ( -8.200000000000002800, -5.496196365999258800, 250.0000000000000000 ) ) ;
#11587 = VERTEX_POINT ( 'NONE', #4934 ) ;
#11588 = ORIENTED_EDGE ( 'NONE', *, *, #2588, .F. ) ;
#11589 = ORIENTED_EDGE ( 'NONE', *, *, #5386, .F. ) ;
#11590 = VERTEX_POINT ( 'NONE', #8038 ) ;
#11591 = VERTEX_POINT ( 'NONE', #5210 ) ;
#11592 = ORIENTED_EDGE ( 'NONE', *, *, #1567, .F. ) ;
#11593 = DIRECTION ( 'NONE',  ( -1.000000000000000000, -0.0000000000000000000, -0.0000000000000000000 ) ) ;
#11594 = ORIENTED_EDGE ( 'NONE', *, *, #8165, .F. ) ;
#11595 = DIRECTION ( 'NONE',  ( 0.7071067811865474600, -0.7071067811865474600, 0.0000000000000000000 ) ) ;
#11596 = VECTOR ( 'NONE', #2499, 1000.000000000000000 ) ;
#11597 = VECTOR ( 'NONE', #9950, 1000.000000000000100 ) ;
#11598 = CARTESIAN_POINT ( 'NONE',  ( 68.30999999999419000, -22.88036512018231500, 250.0000000000000000 ) ) ;
#11599 = DIRECTION ( 'NONE',  ( 0.0000000000000000000, 0.0000000000000000000, 1.000000000000000000 ) ) ;
#11600 = DIRECTION ( 'NONE',  ( 0.0000000000000000000, -0.0000000000000000000, -1.000000000000000000 ) ) ;
#11601 = EDGE_CURVE ( 'NONE', #2699, #4835, #3264, .T. ) ;
#11602 = ORIENTED_EDGE ( 'NONE', *, *, #606, .F. ) ;
#11603 = ORIENTED_EDGE ( 'NONE', *, *, #11113, .T. ) ;
#11604 = VERTEX_POINT ( 'NONE', #1660 ) ;
#11605 = ORIENTED_EDGE ( 'NONE', *, *, #421, .F. ) ;
#11606 = EDGE_LOOP ( 'NONE', ( #8459, #7026, #6690, #11186 ) ) ;
#11607 = AXIS2_PLACEMENT_3D ( 'NONE', #11774, #7242, #4576 ) ;
#11608 = CARTESIAN_POINT ( 'NONE',  ( 5.503336920534022300, -28.19036512018228900, 250.0000000000000000 ) ) ;
#11609 = DIRECTION ( 'NONE',  ( -0.0000000000000000000, -0.0000000000000000000, -1.000000000000000000 ) ) ;
#11610 = VECTOR ( 'NONE', #2101, 1000.000000000000100 ) ;
#11611 = LINE ( 'NONE', #7788, #7182 ) ;
#11612 = DIRECTION ( 'NONE',  ( 0.0000000000000000000, 0.0000000000000000000, 1.000000000000000000 ) ) ;
#11613 = AXIS2_PLACEMENT_3D ( 'NONE', #11429, #11308, #2320 ) ;
#11614 = CARTESIAN_POINT ( 'NONE',  ( -4.907228714274736200, -29.99036512018231800, 250.0000000000000000 ) ) ;
#11615 = ORIENTED_EDGE ( 'NONE', *, *, #7316, .F. ) ;
#11616 = VERTEX_POINT ( 'NONE', #1619 ) ;
#11617 = EDGE_CURVE ( 'NONE', #966, #1207, #7240, .T. ) ;
#11618 = EDGE_LOOP ( 'NONE', ( #4558, #11757, #7995, #247 ) ) ;
#11619 = DIRECTION ( 'NONE',  ( -0.7078322512429712200, -0.7063805660550885900, 0.0000000000000000000 ) ) ;
#11620 = CARTESIAN_POINT ( 'NONE',  ( 59.89332615890590000, 3.907140554540114300, 250.0000000000000000 ) ) ;
#11621 = ORIENTED_EDGE ( 'NONE', *, *, #6978, .F. ) ;
#11622 = LINE ( 'NONE', #11637, #9181 ) ;
#11623 = DIRECTION ( 'NONE',  ( -0.0000000000000000000, -0.0000000000000000000, -1.000000000000000000 ) ) ;
#11624 = VECTOR ( 'NONE', #4954, 1000.000000000000000 ) ;
#11625 = LINE ( 'NONE', #3250, #3344 ) ;
#11626 = EDGE_CURVE ( 'NONE', #10993, #7549, #5117, .T. ) ;
#11627 = ADVANCED_FACE ( 'NONE', ( #9678 ), #9389, .T. ) ;
#11628 = EDGE_CURVE ( 'NONE', #10710, #11208, #10524, .T. ) ;
#11629 = VERTEX_POINT ( 'NONE', #5124 ) ;
#11630 = DIRECTION ( 'NONE',  ( 1.000000000000000000, -0.0000000000000000000, -0.0000000000000000000 ) ) ;
#11631 = AXIS2_PLACEMENT_3D ( 'NONE', #5193, #9884, #4353 ) ;
#11632 = ORIENTED_EDGE ( 'NONE', *, *, #5232, .F. ) ;
#11633 = LINE ( 'NONE', #7618, #5768 ) ;
#11634 = LINE ( 'NONE', #10333, #10184 ) ;
#11635 = LINE ( 'NONE', #7143, #4060 ) ;
#11636 = CARTESIAN_POINT ( 'NONE',  ( 8.200000000000006400, 6.577983149782563800, 250.0000000000000000 ) ) ;
#11637 = CARTESIAN_POINT ( 'NONE',  ( 25.50201657697738600, -11.79036512018251400, 250.0000000000000000 ) ) ;
#11638 = DIRECTION ( 'NONE',  ( 0.0000000000000000000, 1.000000000000000000, 0.0000000000000000000 ) ) ;
#11639 = VERTEX_POINT ( 'NONE', #5282 ) ;
#11640 = CARTESIAN_POINT ( 'NONE',  ( 0.0000000000000000000, -19.99036512018243200, 250.0000000000000000 ) ) ;
#11641 = PLANE ( 'NONE',  #6050 ) ;
#11642 = EDGE_CURVE ( 'NONE', #7575, #5259, #11539, .T. ) ;
#11643 = EDGE_CURVE ( 'NONE', #1565, #4362, #3387, .T. ) ;
#11644 = ORIENTED_EDGE ( 'NONE', *, *, #7010, .T. ) ;
#11645 = VERTEX_POINT ( 'NONE', #3330 ) ;
#11646 = VECTOR ( 'NONE', #715, 1000.000000000000000 ) ;
#11647 = VECTOR ( 'NONE', #9303, 1000.000000000000000 ) ;
#11648 = DIRECTION ( 'NONE',  ( -0.0000000000000000000, -0.0000000000000000000, -1.000000000000000000 ) ) ;
#11649 = AXIS2_PLACEMENT_3D ( 'NONE', #7117, #6999, #5348 ) ;
#11650 = ORIENTED_EDGE ( 'NONE', *, *, #8836, .F. ) ;
#11651 = CARTESIAN_POINT ( 'NONE',  ( 57.17092147554064500, -23.89285944546705000, 250.0000000000000000 ) ) ;
#11652 = ORIENTED_EDGE ( 'NONE', *, *, #3140, .F. ) ;
#11653 = EDGE_LOOP ( 'NONE', ( #7598, #5459, #6673, #6833 ) ) ;
#11654 = DIRECTION ( 'NONE',  ( -7.358464543525670200E-012, 1.000000000000000000, -0.0000000000000000000 ) ) ;
#11655 = ADVANCED_FACE ( 'NONE', ( #1960 ), #6938, .F. ) ;
#11656 = LINE ( 'NONE', #4191, #4239 ) ;
#11657 = EDGE_CURVE ( 'NONE', #2043, #2451, #283, .T. ) ;
#11658 = EDGE_CURVE ( 'NONE', #9872, #4425, #7233, .T. ) ;
#11659 = CARTESIAN_POINT ( 'NONE',  ( -2.882688234812006200, 8.319634879817504800, 250.0000000000000000 ) ) ;
#11660 = CARTESIAN_POINT ( 'NONE',  ( -3.799157404752004000, 0.009634879817567443300, 250.0000000000000000 ) ) ;
#11661 = DIRECTION ( 'NONE',  ( -0.0000000000000000000, -0.0000000000000000000, -1.000000000000000000 ) ) ;
#11662 = AXIS2_PLACEMENT_3D ( 'NONE', #9025, #11738, #1803 ) ;
#11663 = ORIENTED_EDGE ( 'NONE', *, *, #6490, .T. ) ;
#11664 = FACE_OUTER_BOUND ( 'NONE', #11791, .T. ) ;
#11665 = FACE_BOUND ( 'NONE', #239, .T. ) ;
#11666 = DIRECTION ( 'NONE',  ( 0.7072143353590414300, 0.7069992106520834900, -0.0000000000000000000 ) ) ;
#11667 = CARTESIAN_POINT ( 'NONE',  ( 56.09999999997984300, -17.16832557109312100, 0.0000000000000000000 ) ) ;
#11668 = CARTESIAN_POINT ( 'NONE',  ( 22.88867965644328400, -11.68036512018329300, 250.0000000000000000 ) ) ;
#11669 = VERTEX_POINT ( 'NONE', #4211 ) ;
#11670 = DIRECTION ( 'NONE',  ( -2.447266433964285900E-014, -1.000000000000000000, 0.0000000000000000000 ) ) ;
#11671 = CARTESIAN_POINT ( 'NONE',  ( 22.88867965644328400, -11.79036512018251400, 0.0000000000000000000 ) ) ;
#11672 = FACE_OUTER_BOUND ( 'NONE', #5736, .T. ) ;
#11673 = VECTOR ( 'NONE', #1972, 1000.000000000000000 ) ;
#11674 = DIRECTION ( 'NONE',  ( 0.0000000000000000000, 0.0000000000000000000, 1.000000000000000000 ) ) ;
#11675 = VECTOR ( 'NONE', #9082, 1000.000000000000000 ) ;
#11676 = ADVANCED_FACE ( 'NONE', ( #571 ), #11545, .F. ) ;
#11677 = ORIENTED_EDGE ( 'NONE', *, *, #10043, .F. ) ;
#11678 = FACE_OUTER_BOUND ( 'NONE', #8911, .T. ) ;
#11679 = EDGE_CURVE ( 'NONE', #6558, #5735, #11397, .T. ) ;
#11680 = VECTOR ( 'NONE', #8915, 1000.000000000000000 ) ;
#11681 = CARTESIAN_POINT ( 'NONE',  ( 54.50397484464128400, 6.565966396540218000, 0.0000000000000000000 ) ) ;
#11682 = FACE_OUTER_BOUND ( 'NONE', #2854, .T. ) ;
#11683 = DIRECTION ( 'NONE',  ( 0.0000000000000000000, 0.0000000000000000000, 1.000000000000000000 ) ) ;
#11684 = EDGE_CURVE ( 'NONE', #1371, #2845, #860, .T. ) ;
#11685 = DIRECTION ( 'NONE',  ( -0.7295601560337936500, -0.6839166460380582400, 0.0000000000000000000 ) ) ;
#11686 = CARTESIAN_POINT ( 'NONE',  ( 62.88268823480619600, 8.207983149782574400, 250.0000000000000000 ) ) ;
#11687 = DIRECTION ( 'NONE',  ( 0.7089894245298813400, 0.7052191119820758700, -0.0000000000000000000 ) ) ;
#11688 = EDGE_CURVE ( 'NONE', #9744, #8843, #6092, .T. ) ;
#11689 = ORIENTED_EDGE ( 'NONE', *, *, #4717, .T. ) ;
#11690 = CARTESIAN_POINT ( 'NONE',  ( 57.11731176518218700, 8.319634879817504800, 250.0000000000000000 ) ) ;
#11691 = VERTEX_POINT ( 'NONE', #4437 ) ;
#11692 = ORIENTED_EDGE ( 'NONE', *, *, #7901, .T. ) ;
#11693 = ADVANCED_FACE ( 'NONE', ( #9100 ), #6340, .F. ) ;
#11694 = CYLINDRICAL_SURFACE ( 'NONE', #1599, 0.7900000000000129100 ) ;
#11695 = AXIS2_PLACEMENT_3D ( 'NONE', #10621, #2331, #6078 ) ;
#11696 = CARTESIAN_POINT ( 'NONE',  ( 57.11731176518218700, 8.207983149782574400, 250.0000000000000000 ) ) ;
#11697 = VECTOR ( 'NONE', #3320, 1000.000000000000000 ) ;
#11698 = CARTESIAN_POINT ( 'NONE',  ( -2.835002123228811000, 3.907140554540113400, 250.0000000000000000 ) ) ;
#11699 = DIRECTION ( 'NONE',  ( -0.0000000000000000000, -0.0000000000000000000, -1.000000000000000000 ) ) ;
#11700 = ORIENTED_EDGE ( 'NONE', *, *, #4637, .F. ) ;
#11701 = VERTEX_POINT ( 'NONE', #4328 ) ;
#11702 = EDGE_LOOP ( 'NONE', ( #3105, #1811, #7846, #1738 ) ) ;
#11703 = CARTESIAN_POINT ( 'NONE',  ( 54.50397484464128400, 6.565966396540218000, 250.0000000000000000 ) ) ;
#11704 = LINE ( 'NONE', #3298, #4987 ) ;
#11705 = EDGE_CURVE ( 'NONE', #2194, #3560, #1274, .T. ) ;
#11706 = EDGE_CURVE ( 'NONE', #3483, #3423, #3947, .T. ) ;
#11707 = VECTOR ( 'NONE', #7578, 1000.000000000000000 ) ;
#11708 = DIRECTION ( 'NONE',  ( -1.000000000000000000, 0.0000000000000000000, 0.0000000000000000000 ) ) ;
#11709 = VECTOR ( 'NONE', #10555, 1000.000000000000000 ) ;
#11710 = DIRECTION ( 'NONE',  ( 0.7071067811865483500, -0.7071067811865465700, -0.0000000000000000000 ) ) ;
#11711 = PLANE ( 'NONE',  #8477 ) ;
#11712 = DIRECTION ( 'NONE',  ( 0.7071067811865473500, -0.7071067811865477900, 0.0000000000000000000 ) ) ;
#11713 = DIRECTION ( 'NONE',  ( -0.7071067811865382500, 0.7071067811865567900, 0.0000000000000000000 ) ) ;
#11714 = ORIENTED_EDGE ( 'NONE', *, *, #6209, .F. ) ;
#11715 = VERTEX_POINT ( 'NONE', #5401 ) ;
#11716 = ORIENTED_EDGE ( 'NONE', *, *, #8965, .T. ) ;
#11717 = ORIENTED_EDGE ( 'NONE', *, *, #11505, .T. ) ;
#11718 = DIRECTION ( 'NONE',  ( 0.0000000000000000000, 0.0000000000000000000, 1.000000000000000000 ) ) ;
#11719 = LINE ( 'NONE', #6465, #8584 ) ;
#11720 = FACE_OUTER_BOUND ( 'NONE', #10191, .T. ) ;
#11721 = CARTESIAN_POINT ( 'NONE',  ( 39.88915761646221400, -23.89285944546705000, 0.0000000000000000000 ) ) ;
#11722 = EDGE_CURVE ( 'NONE', #2856, #8722, #11099, .T. ) ;
#11723 = EDGE_CURVE ( 'NONE', #2754, #2697, #989, .T. ) ;
#11724 = ORIENTED_EDGE ( 'NONE', *, *, #4660, .T. ) ;
#11725 = ORIENTED_EDGE ( 'NONE', *, *, #6560, .F. ) ;
#11726 = EDGE_LOOP ( 'NONE', ( #4298, #8137, #10515, #8813 ) ) ;
#11727 = VERTEX_POINT ( 'NONE', #7223 ) ;
#11728 = EDGE_LOOP ( 'NONE', ( #698, #1317, #4416, #8576 ) ) ;
#11729 = ORIENTED_EDGE ( 'NONE', *, *, #3807, .F. ) ;
#11730 = CARTESIAN_POINT ( 'NONE',  ( 8.200000000000006400, 2.882517024154526400, 250.0000000000000000 ) ) ;
#11731 = DIRECTION ( 'NONE',  ( -0.7071067811865474600, 0.7071067811865474600, 0.0000000000000000000 ) ) ;
#11732 = ORIENTED_EDGE ( 'NONE', *, *, #2696, .F. ) ;
#11733 = CARTESIAN_POINT ( 'NONE',  ( 22.87537646963117400, -28.19036512018228500, 250.0000000000000000 ) ) ;
#11734 = EDGE_CURVE ( 'NONE', #463, #1479, #10362, .T. ) ;
#11735 = CARTESIAN_POINT ( 'NONE',  ( 2.835002123243146600, -3.901602146817069200, 250.0000000000000000 ) ) ;
#11736 = FACE_OUTER_BOUND ( 'NONE', #11151, .T. ) ;
#11737 = VECTOR ( 'NONE', #10200, 1000.000000000000000 ) ;
#11738 = DIRECTION ( 'NONE',  ( 0.0000000000000000000, 0.0000000000000000000, 1.000000000000000000 ) ) ;
#11739 = ORIENTED_EDGE ( 'NONE', *, *, #712, .T. ) ;
#11740 = ORIENTED_EDGE ( 'NONE', *, *, #9020, .T. ) ;
#11741 = VERTEX_POINT ( 'NONE', #10814 ) ;
#11742 = ORIENTED_EDGE ( 'NONE', *, *, #11734, .F. ) ;
#11743 = ORIENTED_EDGE ( 'NONE', *, *, #1761, .F. ) ;
#11744 = ADVANCED_FACE ( 'NONE', ( #2954 ), #8184, .F. ) ;
#11745 = PLANE ( 'NONE',  #10501 ) ;
#11746 = DIRECTION ( 'NONE',  ( -0.6659235971038473000, -0.7460199480042559700, 0.0000000000000000000 ) ) ;
#11747 = CARTESIAN_POINT ( 'NONE',  ( 68.19999999999419100, 5.495853944692210100, 250.0000000000000000 ) ) ;
#11748 = VECTOR ( 'NONE', #10134, 1000.000000000000000 ) ;
#11749 = CIRCLE ( 'NONE', #526, 2.099999999999997900 ) ;
#11750 = DIRECTION ( 'NONE',  ( -0.0000000000000000000, -0.0000000000000000000, -1.000000000000000000 ) ) ;
#11751 = DIRECTION ( 'NONE',  ( -0.7508172436694440200, 0.6605100049269645400, 0.0000000000000000000 ) ) ;
#11752 = DIRECTION ( 'NONE',  ( -0.0000000000000000000, 1.000000000000000000, -0.0000000000000000000 ) ) ;
#11753 = CARTESIAN_POINT ( 'NONE',  ( 32.68073025445621500, -11.79036512018218900, 250.0000000000000000 ) ) ;
#11754 = EDGE_LOOP ( 'NONE', ( #10995, #7450, #8895, #6905 ) ) ;
#11755 = VERTEX_POINT ( 'NONE', #7141 ) ;
#11756 = ORIENTED_EDGE ( 'NONE', *, *, #6559, .T. ) ;
#11757 = ORIENTED_EDGE ( 'NONE', *, *, #2240, .F. ) ;
#11758 = CARTESIAN_POINT ( 'NONE',  ( 9.199999999999997500, -4.904230295371559300, 250.0000000000000000 ) ) ;
#11759 = EDGE_CURVE ( 'NONE', #1239, #6358, #9230, .T. ) ;
#11760 = LINE ( 'NONE', #391, #11624 ) ;
#11761 = FACE_OUTER_BOUND ( 'NONE', #452, .T. ) ;
#11762 = CARTESIAN_POINT ( 'NONE',  ( 54.49666307946017000, -26.55128087389479300, 250.0000000000000000 ) ) ;
#11763 = VERTEX_POINT ( 'NONE', #9073 ) ;
#11764 = ORIENTED_EDGE ( 'NONE', *, *, #2479, .F. ) ;
#11765 = DIRECTION ( 'NONE',  ( 0.0000000000000000000, 0.0000000000000000000, 1.000000000000000000 ) ) ;
#11766 = DIRECTION ( 'NONE',  ( 0.0000000000000000000, 0.0000000000000000000, 1.000000000000000000 ) ) ;
#11767 = EDGE_LOOP ( 'NONE', ( #1576, #6077, #3277, #11644 ) ) ;
#11768 = VECTOR ( 'NONE', #4139, 1000.000000000000000 ) ;
#11769 = PLANE ( 'NONE',  #3781 ) ;
#11770 = AXIS2_PLACEMENT_3D ( 'NONE', #2918, #4874, #2113 ) ;
#11771 = VECTOR ( 'NONE', #2008, 1000.000000000000100 ) ;
#11772 = LINE ( 'NONE', #3792, #7339 ) ;
#11773 = CARTESIAN_POINT ( 'NONE',  ( 63.79915740474619000, 0.009634879817567443300, 250.0000000000000000 ) ) ;
#11774 = CARTESIAN_POINT ( 'NONE',  ( 4.899916949086820000, 9.219634879817565600, 250.0000000000000000 ) ) ;
#11775 = CARTESIAN_POINT ( 'NONE',  ( 34.51128660983683000, -28.19036512018228900, 250.0000000000000000 ) ) ;
#11776 = EDGE_CURVE ( 'NONE', #428, #8267, #10660, .T. ) ;
#11777 = CARTESIAN_POINT ( 'NONE',  ( 68.19999999999419100, -25.49370204071641800, 0.0000000000000000000 ) ) ;
#11778 = DIRECTION ( 'NONE',  ( 1.000000000000000000, -2.447266433964285900E-014, 0.0000000000000000000 ) ) ;
#11779 = ORIENTED_EDGE ( 'NONE', *, *, #5355, .F. ) ;
#11780 = ORIENTED_EDGE ( 'NONE', *, *, #2478, .F. ) ;
#11781 = LINE ( 'NONE', #106, #536 ) ;
#11782 = EDGE_CURVE ( 'NONE', #11511, #7150, #6795, .T. ) ;
#11783 = LINE ( 'NONE', #9251, #5937 ) ;
#11784 = CARTESIAN_POINT ( 'NONE',  ( 63.89999999997976200, -0.1033369205210043500, 0.0000000000000000000 ) ) ;
#11785 =( LENGTH_UNIT ( ) NAMED_UNIT ( * ) SI_UNIT ( .MILLI., .METRE. ) );
#11786 = ORIENTED_EDGE ( 'NONE', *, *, #10088, .T. ) ;
#11787 = AXIS2_PLACEMENT_3D ( 'NONE', #257, #2937, #10143 ) ;
#11788 = CARTESIAN_POINT ( 'NONE',  ( 6.559999999999918800, 5.495853944692208300, 250.0000000000000000 ) ) ;
#11789 = VERTEX_POINT ( 'NONE', #11815 ) ;
#11790 = ORIENTED_EDGE ( 'NONE', *, *, #10088, .F. ) ;
#11791 = EDGE_LOOP ( 'NONE', ( #8105, #7424, #9165, #2336 ) ) ;
#11792 = VECTOR ( 'NONE', #1977, 1000.000000000000000 ) ;
#11793 = VECTOR ( 'NONE', #2561, 1000.000000000000000 ) ;
#11794 = EDGE_CURVE ( 'NONE', #4187, #5652, #4099, .T. ) ;
#11795 = EDGE_CURVE ( 'NONE', #11587, #10278, #7823, .T. ) ;
#11796 = PLANE ( 'NONE',  #7597 ) ;
#11797 = EDGE_LOOP ( 'NONE', ( #2311, #1792, #356, #477 ) ) ;
#11798 = DIRECTION ( 'NONE',  ( 1.000000000000000000, -3.255760560352650600E-011, 0.0000000000000000000 ) ) ;
#11799 = VECTOR ( 'NONE', #5624, 1000.000000000000000 ) ;
#11800 = ADVANCED_FACE ( 'NONE', ( #6235 ), #7187, .F. ) ;
#11801 = AXIS2_PLACEMENT_3D ( 'NONE', #9143, #4600, #3760 ) ;
#11802 = VECTOR ( 'NONE', #176, 1000.000000000000000 ) ;
#11803 = DIRECTION ( 'NONE',  ( -0.0000000000000000000, 0.0000000000000000000, -1.000000000000000000 ) ) ;
#11804 = CARTESIAN_POINT ( 'NONE',  ( 59.89332615890590000, 3.907140554540114300, 250.0000000000000000 ) ) ;
#11805 = ORIENTED_EDGE ( 'NONE', *, *, #36, .T. ) ;
#11806 = VECTOR ( 'NONE', #11333, 1000.000000000000000 ) ;
#11807 = EDGE_CURVE ( 'NONE', #9451, #9574, #3812, .T. ) ;
#11808 = CARTESIAN_POINT ( 'NONE',  ( 68.19999999999419100, -17.11498865055904900, 250.0000000000000000 ) ) ;
#11809 = DIRECTION ( 'NONE',  ( 0.0000000000000000000, 0.0000000000000000000, 1.000000000000000000 ) ) ;
#11810 = DIRECTION ( 'NONE',  ( 3.167501906566723600E-016, -1.000000000000000000, 0.0000000000000000000 ) ) ;
#11811 = VECTOR ( 'NONE', #10892, 1000.000000000000000 ) ;
#11812 = CARTESIAN_POINT ( 'NONE',  ( 40.09043820904360400, -16.08952446469493200, 0.0000000000000000000 ) ) ;
#11813 = CALENDAR_DATE ( 2015, 31, 3 ) ;
#11814 = LINE ( 'NONE', #1195, #135 ) ;
#11815 = CARTESIAN_POINT ( 'NONE',  ( 15.66761782315117400, -10.22967028555615500, 0.0000000000000000000 ) ) ;
ENDSEC;
END-ISO-10303-21;
